; HEADER_BLOCK_START
; generated by OrcaSlicer 2.4.0-dev on 2026-06-27 at 18:27:10
; total layer number: 81
; filament_density: 1.27
; filament_diameter: 1.75
; max_z_height: 16.20
; filament: 1
; HEADER_BLOCK_END

; external perimeters extrusion width = 0.45mm
; perimeters extrusion width = 0.45mm
; infill extrusion width = 0.45mm
; solid infill extrusion width = 0.45mm
; top infill extrusion width = 0.42mm
; first layer extrusion width = 0.50mm

; EXECUTABLE_BLOCK_START
M486 S0
M486 Aobj_2_MOLD.stl_id_0_copy_0
M486 S-1
M73 P0 R11
M201 X7000 Y7000 Z200 E2500
M203 X400 Y400 Z12 E100
M204 P4000 R1200 T5000 ; sets acceleration (P, T) and retract acceleration (R), mm/sec^2
M205 X8.00 Y8.00 Z2.00 E10.00 ; sets the jerk limits, mm/sec
M205 J0.010
;TYPE:Custom
M17 ; enable steppers
M862.3 P "XL" ; printer model check
M115 U6.0.1+14848
G90 ; use absolute coordinates
M83 ; extruder relative mode
; set print area
M555 X169.643 Y169.644 W20.7132 H20.7112
; inform about nozzle diameter
M862.1 P0.4
; set & wait for bed and extruder temp for MBL
M140 S60 ; set bed temp
M104 T0 S175 ; set extruder temp for bed leveling
M109 T0 R175 ; wait for temp
; home carriage, pick tool, home all
G28 XY
M84 E ; turn off E motor
G28 Z
M190 S60 ; wait for bed temp
G29 G ; absorb heat
; move to the nozzle cleanup area
G1 X201.643 Y162.644 Z5 F4800
M302 S160 ; lower cold extrusion limit to 160C
G1 E-2 F2400 ; retraction for nozzle cleanup
M73 P38 R6
; nozzle cleanup
M84 E ; turn off E motor
G29 P9 X169.643 Y162.644 W32 H7
G0 Z10 F480 ; move away in Z

M106 S100 ; cool off the nozzle
M107 ; stop cooling off the nozzle - turn off the fan
; MBL
M84 E ; turn off E motor
G29 P1 ; invalidate mbl & probe print area
G29 P1 X30 Y0 W130 H20 C ; probe near purge place
G29 P3.2 ; interpolate mbl probes
G29 P3.13 ; extrapolate mbl outside probe area
G29 A ; activate mbl
M104 S255 ; set extruder temp
G1 Z10 F720 ; move away in Z
G0 X30 Y-8 F6000 ; move next to the sheet
; wait for extruder temp
M109 T0 S255
;
; purge
;
G92 E0 ; reset extruder position
G0 X30 Y-8 ; move close to the sheet's edge
M73 P39 R6
G1 E2 F2400 ; deretraction after the initial one before nozzle cleaning
G0 E10 X40 Z0.2 F500 ; purge
G0 X70 E9 F800 ; purge
G0 X73 Z0.05 F8000 ; wipe, move close to the bed
G0 X76 Z0.2 F8000 ; wipe, move quickly away from the bed
G92 E0 ; reset extruder position
G90
G21
M83 ; use relative distances for extrusion
; filament start gcode
M900 K0.07 ; Filament gcode


M572 S0.053 ; Filament gcode


M142 S36 ; set heatbreak target temp
M106 S0
; --- magma: register inject tool T1 (added so the toolchange is recognized) ---
G1 F24000
P0 S1 L2 D0; park the tool
M109 T1 S220
T1 S1 L0 D0; pick the tool
G92 E0
G0 X150 Y-7 Z10 F24000 ; to purge lane
G0 E10 X140 Z0.2 F500 ; purge
G0 X110 E9 F800 ; purge + wipe
G0 X107 Z0.05 F8000 ; wipe
G0 X104 Z0.2 F8000 ; wipe away
G1 E-1.2 F2400 ; retract
G92 E0
M104 S215 T1 ; idle temp
; --- end inject tool init ---
;LAYER_CHANGE
;Z:0.2
;HEIGHT:0.2
;BEFORE_LAYER_CHANGE
G92 E0.0
;0.2
G1 E-.8 F2100
;AFTER_LAYER_CHANGE
;0.2
;_SET_FAN_SPEED_CHANGING_LAYER
M204 P500
M204 T5000
G1 X173.018 Y172.663 F24000
G1 Z.2
G1 Z.2
G1 E.8 F4800
;TYPE:Skirt
;WIDTH:0.5
G1 F3000
G1 X174.563 Y171.455 E.07453
G1 X176.312 Y170.567 E.07453
G1 X178.199 Y170.033 E.07453
G1 X180.164 Y169.873 E.07496
G1 X181.328 Y169.959 E.04434
M73 P40 R6
G1 X182.186 Y170.111 E.03314
G1 X184.051 Y170.717 E.07453
G1 X185.764 Y171.672 E.07453
G1 X187.261 Y172.939 E.07453
G1 X188.486 Y174.471 E.07453
G1 X189.392 Y176.21 E.07453
G1 X189.947 Y178.091 E.07453
G1 X190.128 Y180.043 E.07453
G1 X189.93 Y181.994 E.07453
G1 X189.359 Y183.87 E.07453
G1 X188.438 Y185.602 E.07453
G1 X187.731 Y186.543 E.04477
G1 X186.982 Y187.337 E.04148
G1 X185.437 Y188.545 E.07453
G1 X183.688 Y189.433 E.07453
G1 X181.801 Y189.967 E.07453
G1 X179.847 Y190.127 E.07453
G1 X177.898 Y189.908 E.07453
G1 X176.028 Y189.317 E.07453
G1 X174.307 Y188.377 E.07453
G1 X172.799 Y187.123 E.07453
G1 X171.562 Y185.602 E.07453
G1 X170.641 Y183.87 E.07453
G1 X170.342 Y183.051 E.03313
G1 X170.053 Y181.909 E.04476
G1 X169.872 Y179.957 E.07453
G1 X170.07 Y178.006 E.07453
G1 X170.641 Y176.13 E.07453
G1 X171.111 Y175.145 E.04148
G1 X171.735 Y174.146 E.04476
G1 X172.992 Y172.693 E.07301
; printing object obj_2_MOLD.stl id:0 copy 0
G1 E-.16 F2100
;WIPE_START
G1 F3000
G1 X173.777 Y172.074 E-.64
;WIPE_END
M486 S0
G1 X175.095 Y175.058 F24000
G1 E.8 F4800
;TYPE:Inner wall
;WIDTH:0.499999
G1 F1500
G1 X175.353 Y174.811 E.01359
G3 X186.827 Y178.601 I4.649 J5.189 E.55585
G1 X186.924 Y179.191 E.0227
G1 X186.966 Y180.211 E.0388
G3 X174.966 Y175.186 I-6.964 J-.211 E1.02578
G1 X175.066 Y175.086 E.00538
G1 X174.761 Y174.712 F24000
;TYPE:Outer wall
G1 F1500
G3 X187.405 Y179.21 I5.242 J5.287 E.63543
G1 X187.444 Y179.787 E.02198
G3 X174.732 Y174.741 I-7.442 J.212 E1.11895
G1 E-.16 F2100
;WIPE_START
G1 F1500
G1 X175.185 Y174.32 E-.39561
G1 X175.486 Y174.084 E-.24439
;WIPE_END
G1 X178.932 Y177.906 F24000
G1 E.8 F4800
;TYPE:Inner wall
G1 F1500
G1 X179.078 Y178.222 E.01321
G1 X178.402 Y178.365 E.02626
G1 X177.783 Y178.696 E.02669
G1 X177.239 Y179.192 E.02799
G1 X176.906 Y179.683 E.02256
G1 X176.687 Y180.3 E.02488
G1 X176.645 Y180.951 E.0248
G1 X176.772 Y181.516 E.022
G1 X177.041 Y182.045 E.02254
G2 X177.577 Y182.67 I4.194 J-3.053 E.03134
G1 X178.03 Y183.025 E.02187
G1 X178.537 Y183.273 E.02143
G1 X179.031 Y183.394 E.01935
G1 X179.397 Y183.42 E.01393
G1 X179.899 Y183.37 E.0192
G1 X180.483 Y183.168 E.02346
G1 X180.95 Y182.881 E.02084
G1 X181.448 Y182.441 E.02529
G1 X181.627 Y182.189 E.01173
G1 X181.673 Y181.843 E.01327
G1 X181.463 Y181.429 E.01761
G1 X180.969 Y180.965 E.02575
G1 X182.4 Y181.084 E.05455
G1 X182.639 Y181.061 E.00913
G1 X182.924 Y180.901 E.01244
M73 P41 R6
G1 X183.814 Y179.996 E.04825
G1 X183.975 Y179.73 E.01181
G1 X184.008 Y179.466 E.01011
G1 X183.936 Y179.207 E.01023
G1 X183.804 Y179.026 E.00852
G1 X180.968 Y176.247 E.15088
G1 X180.698 Y176.084 E.01199
G1 X180.436 Y176.053 E.01004
G1 X180.186 Y176.122 E.00984
G1 X179.999 Y176.257 E.0088
G1 X179.57 Y176.708 E.02365
G1 X179.021 Y177.405 E.03371
G1 X178.918 Y177.669 E.01076
G1 X178.915 Y177.869 E.0076
G1 X178.915 Y177.87 E.00007
G1 X179.48 Y177.953 F24000
;TYPE:Outer wall
G1 F1500
G1 X179.972 Y178.278 E.0224
G1 X180.483 Y178.772 E.027
G3 X179.175 Y178.691 I-.019 J-10.301 E.04985
G1 X178.637 Y178.785 E.02075
G1 X178.122 Y179.039 E.02183
G1 X177.652 Y179.443 E.02354
G1 X177.349 Y179.863 E.01968
G1 X177.163 Y180.345 E.01963
G1 X177.119 Y180.884 E.02057
G1 X177.229 Y181.372 E.01902
G1 X177.461 Y181.817 E.01907
G1 X177.83 Y182.255 E.02178
G1 X178.248 Y182.595 E.02046
G1 X178.742 Y182.841 E.02097
G1 X179.126 Y182.925 E.01493
G1 X179.71 Y182.922 E.0222
G1 X180.215 Y182.768 E.02007
G1 X180.648 Y182.508 E.01919
G1 X181.074 Y182.133 E.0216
G1 X181.195 Y181.975 E.00754
G1 X181.135 Y181.778 E.00783
G1 X180.346 Y181.088 E.03983
G1 X179.922 Y180.851 E.01844
;WIDTH:0.485041
G1 X179.785 Y180.841 E.00505
;WIDTH:0.469104
G3 X179.354 Y181.01 I-.652 J-1.028 E.01651
G1 X179.238 Y180.977 E.00428
G1 X179.153 Y180.87 E.00484
G1 X179.273 Y180.582 E.01104
;WIDTH:0.472676
G1 X179.509 Y180.435 E.00995
;WIDTH:0.476724
G1 X179.925 Y180.361 E.01522
;WIDTH:0.499999
G2 X182.439 Y180.607 I6.637 J-54.904 E.09602
G1 X182.576 Y180.57 E.00539
G1 X183.472 Y179.66 E.04852
G1 X183.528 Y179.551 E.00467
G1 X183.488 Y179.389 E.00636
G1 X180.633 Y176.589 E.15195
G1 X180.525 Y176.533 E.00466
G1 X180.367 Y176.57 E.00616
G1 X179.949 Y177.003 E.02287
G1 X179.432 Y177.651 E.03151
G1 X179.389 Y177.807 E.00614
G1 X179.459 Y177.919 E.00502
G1 E-.16 F2100
;WIPE_START
G1 F1500
G1 X179.972 Y178.278 E-.40067
G1 X180.241 Y178.538 E-.23933
;WIPE_END
G1 X185.871 Y176.513 F24000
G1 E.8 F4800
;TYPE:Bottom surface
;WIDTH:0.515674
G1 F1500
G1 X184.461 Y175.103 E.07838
G2 X182.597 Y173.908 I-4.487 J4.945 E.08747
G1 X186.094 Y177.404 E.19438
G3 X186.429 Y178.408 I-6.251 J2.646 E.04165
G1 X181.592 Y173.571 E.2689
G2 X180.774 Y173.421 I-1.685 J6.89 E.03273
G1 X186.583 Y179.231 E.32296
G3 X186.623 Y179.939 I-4.537 J.61 E.02792
G1 X180.061 Y173.377 E.36479
G2 X179.416 Y173.401 I-.156 J4.517 E.02539
G1 X186.598 Y180.582 E.39923
G3 X186.52 Y181.173 I-3.84 J-.204 E.02345
G1 X178.825 Y173.478 E.42779
G1 X178.28 Y173.602 E.02197
G1 X180.392 Y175.714 E.11743
G1 X180.408 Y175.711 E.00065
G3 X181.143 Y175.943 I.08 J1.025 E.03104
G1 X184.047 Y178.784 E.15967
G3 X184.339 Y179.661 I-.753 J.739 E.03765
G1 X186.399 Y181.72 E.11447
G1 X186.24 Y182.23 E.02099
G1 X184.143 Y180.134 E.11656
G1 X183.818 Y180.477 E.01859
G1 X186.048 Y182.707 E.12401
G1 X185.827 Y183.154 E.01961
G1 X183.487 Y180.815 E.13005
G1 X183.157 Y181.153 E.01859
G1 X185.578 Y183.574 E.13461
G3 X185.304 Y183.969 I-2.683 J-1.574 E.0189
G1 X182.726 Y181.394 E.14321
G3 X182.067 Y181.4 I-.348 J-1.85 E.02605
M73 P42 R6
G1 X185.005 Y184.338 E.16333
G3 X184.682 Y184.684 I-2.386 J-1.903 E.01861
G1 X182.004 Y182.006 E.14887
G1 X181.997 Y182.157 E.00592
G3 X181.84 Y182.511 I-1.245 J-.338 E.01528
G1 X184.336 Y185.006 E.13873
G3 X183.965 Y185.304 I-2.103 J-2.234 E.01871
G1 X181.504 Y182.843 E.13682
G1 X181.151 Y183.158 E.01861
G1 X183.571 Y185.578 E.13451
G3 X183.148 Y185.824 I-2.006 J-2.963 E.01924
G1 X180.737 Y183.414 E.13399
G3 X180.267 Y183.612 I-.826 J-1.302 E.02016
G1 X182.702 Y186.047 E.13538
G3 X182.225 Y186.238 I-1.47 J-2.974 E.02023
G1 X179.73 Y183.744 E.13869
G1 X179.31 Y183.768 E.01655
G1 X179.069 Y183.751 E.00952
G1 X181.884 Y186.566 E.15649
G1 E-.16 F2100
;WIPE_START
G1 F1500
G1 X181.177 Y185.858 E-.64
;WIPE_END
G1 X180.053 Y176.043 F24000
G1 E.8 F4800
G1 F1500
G1 X177.771 Y173.761 E.12685
G2 X177.294 Y173.953 I.994 J3.164 E.02023
G1 X179.561 Y176.22 E.12605
G2 X179.242 Y176.57 I1.846 J2.004 E.01863
G1 X176.847 Y174.174 E.13319
G1 X176.426 Y174.422 E.01919
G1 X178.946 Y176.943 E.1401
G2 X178.67 Y177.335 I1.428 J1.301 E.01891
G1 X176.029 Y174.694 E.14679
G1 X175.659 Y174.993 E.01869
G1 X178.574 Y177.907 E.16203
G2 X178.591 Y177.962 I.075 J.006 E.00231
G1 X178.361 Y178.01 E.00926
G1 X178.125 Y178.126 E.01036
G1 X175.314 Y175.316 E.15624
G2 X174.992 Y175.663 I2.08 J2.25 E.01862
G1 X177.678 Y178.348 E.14928
G2 X177.312 Y178.651 I1.524 J2.211 E.01869
G1 X174.695 Y176.034 E.1455
G2 X174.422 Y176.429 I2.379 J1.937 E.01891
G1 X176.971 Y178.979 E.14175
G1 X176.691 Y179.367 E.01882
G1 X174.174 Y176.85 E.13991
G2 X173.953 Y177.298 I2.771 J1.643 E.01965
G1 X176.479 Y179.824 E.14042
G2 X176.339 Y180.353 I1.499 J.679 E.0216
G1 X173.762 Y177.775 E.14328
G2 X173.603 Y178.285 I3.198 J1.278 E.021
G1 X176.57 Y181.252 E.16497
G1 E-.16 F2100
;WIPE_START
G1 F1500
G1 X175.863 Y180.545 E-.64
;WIPE_END
G1 X173.305 Y178.656 F24000
G1 E.8 F4800
G1 F1500
G1 X181.168 Y186.519 E.43715
G3 X180.579 Y186.598 I-.802 J-3.754 E.02341
G1 X173.4 Y179.419 E.39908
G1 X173.375 Y180.062 E.0253
G1 X179.938 Y186.625 E.36486
G1 X179.872 Y186.627 E.0026
M73 P43 R6
G3 X179.222 Y186.578 I-.013 J-4.202 E.02564
G1 X173.423 Y180.779 E.32236
G2 X173.57 Y181.594 I7.336 J-.897 E.03257
G1 X178.406 Y186.431 E.26889
G1 X178.347 Y186.418 E.0024
G3 X177.403 Y186.097 I1.597 J-6.229 E.03921
G1 X173.907 Y182.6 E.19437
G2 X175.178 Y184.54 I6.14 J-2.637 E.09161
G1 X176.505 Y185.867 E.07379
G1 X176.9 Y185.96 F24000
;TYPE:Gap infill
;WIDTH:0.0991611
G1 F1500
G1 X176.871 Y185.94 E.00017
;WIDTH:0.116912
G1 X176.747 Y185.845 E.00096
;WIDTH:0.13327
G1 X176.623 Y185.749 E.00117
G1 E-.58109 F2100
;WIPE_START
G1 F1500
G1 X176.747 Y185.845 E-.21891
;WIPE_END
G1 X178.831 Y183.702 F24000
G1 E.8 F4800
;WIDTH:0.117908
G1 F1500
G3 X178.56 Y183.546 I3.003 J-5.535 E.00195
G1 E-.36212 F2100
;WIPE_START
G1 F1500
G1 X178.831 Y183.702 E-.43788
;WIPE_END
G1 X181.688 Y181.255 F24000
G1 E.8 F4800
;WIDTH:0.116773
G1 F1500
G1 X181.76 Y181.474 E.00142
;WIDTH:0.130907
G1 X181.866 Y181.62 E.00132
;WIDTH:0.152196
G1 X181.973 Y181.765 E.00164
G1 E-.54764 F2100
;WIPE_START
G1 F1500
G1 X181.866 Y181.62 E-.25236
;WIPE_END
G1 X185.956 Y176.9 F24000
G1 E.8 F4800
;WIDTH:0.119565
G1 F1500
G1 X185.86 Y176.767 E.00105
;WIDTH:0.141361
G1 X185.754 Y176.631 E.00141
; stop printing object obj_2_MOLD.stl id:0 copy 0
;LAYER_CHANGE
;Z:0.4
;HEIGHT:0.2
;BEFORE_LAYER_CHANGE
G92 E0.0
;0.4
G1 E-.55887 F2100
;WIPE_START
G1 F1500
G1 X185.86 Y176.767 E-.24113
;WIPE_END
M486 S-1
;AFTER_LAYER_CHANGE
;0.4
;_SET_FAN_SPEED_CHANGING_LAYER
M204 P2500
M104 S240 ; set nozzle temperature
G1 X188.866 Y175.2 Z.4 F24000
G1 E.8 F4800
;TYPE:Skirt
;WIDTH:0.5
G1 F3000
G1 X189.392 Y176.21 E.04328
G1 X189.947 Y178.091 E.07453
G1 X190.128 Y180.043 E.07453
G1 X189.93 Y181.994 E.07453
G1 X189.359 Y183.87 E.07453
G1 X188.438 Y185.602 E.07453
G1 X187.731 Y186.543 E.04477
G1 X186.982 Y187.337 E.04148
G1 X185.437 Y188.545 E.07453
G1 X183.688 Y189.433 E.07453
G1 X181.801 Y189.967 E.07453
G1 X179.847 Y190.127 E.07453
G1 X177.898 Y189.908 E.07453
G1 X176.028 Y189.317 E.07453
G1 X174.307 Y188.377 E.07453
G1 X172.799 Y187.123 E.07453
G1 X171.562 Y185.602 E.07453
G1 X170.641 Y183.87 E.07453
G1 X170.342 Y183.051 E.03313
G1 X170.053 Y181.909 E.04476
G1 X169.872 Y179.957 E.07453
G1 X170.07 Y178.006 E.07453
G1 X170.641 Y176.13 E.07453
G1 X171.111 Y175.145 E.04148
G1 X171.735 Y174.146 E.04476
G1 X173.018 Y172.663 E.07453
G1 X174.563 Y171.455 E.07453
G1 X176.312 Y170.567 E.07453
G1 X178.199 Y170.033 E.07453
G1 X180.164 Y169.873 E.07496
G1 X181.328 Y169.959 E.04434
G1 X182.186 Y170.111 E.03314
G1 X184.051 Y170.717 E.07453
G1 X185.764 Y171.672 E.07453
G1 X187.261 Y172.939 E.07453
G1 X188.486 Y174.471 E.07453
G1 X188.847 Y175.164 E.02973
; printing object obj_2_MOLD.stl id:0 copy 0
G1 E-.16 F2100
;WIPE_START
G1 F3000
G1 X189.31 Y176.051 E-.64
;WIPE_END
M486 S0
G1 X185.345 Y175.143 F24000
G1 E.8 F4800
;TYPE:Outer wall
;WIDTH:0.451728
G1 F3740
G1 X185.705 Y175.57 E.019
;WIDTH:0.451211
G1 X186.014 Y175.996 E.01788
;WIDTH:0.44991
G3 X186.589 Y177.037 I-5.921 J3.952 E.04029
;WIDTH:0.450851
G1 X186.79 Y177.536 E.01826
;WIDTH:0.45143
G1 X186.96 Y178.069 E.01899
;WIDTH:0.451904
G1 X187.087 Y178.613 E.01901
;WIDTH:0.45252
G3 X187.216 Y179.723 I-7.245 J1.399 E.03807
;WIDTH:0.452751
G3 X186.786 Y182.467 I-7.541 J.226 E.0952
;WIDTH:0.452517
G1 X186.576 Y182.985 E.01903
;WIDTH:0.452215
G1 X186.326 Y183.484 E.01901
;WIDTH:0.451884
G1 X186.038 Y183.964 E.01901
;WIDTH:0.451225
G1 X185.739 Y184.388 E.01762
;WIDTH:0.44996
G3 X184.498 Y185.653 I-6.328 J-4.965 E.06011
;WIDTH:0.45133
G1 X184.08 Y185.96 E.01762
;WIDTH:0.45182
G1 X183.606 Y186.257 E.01901
;WIDTH:0.452217
G1 X183.111 Y186.517 E.01902
;WIDTH:0.45251
G3 X182.044 Y186.925 I-3.123 J-6.559 E.03895
;WIDTH:0.452831
G3 X179.863 Y187.22 I-2.05 J-6.959 E.07533
;WIDTH:0.452565
G1 X179.305 Y187.188 E.01904
;WIDTH:0.452284
G1 X178.751 Y187.113 E.01903
;WIDTH:0.451906
G1 X178.204 Y186.996 E.01901
;WIDTH:0.45143
G1 X177.713 Y186.853 E.01737
;WIDTH:0.449218
G1 X177.168 Y186.646 E.0197
;WIDTH:0.449913
G1 X176.628 Y186.39 E.02025
;WIDTH:0.450912
G1 X176.142 Y186.107 E.01906
;WIDTH:0.4512
G1 X175.681 Y185.79 E.01898
;WIDTH:0.451728
G1 X175.247 Y185.438 E.019
;WIDTH:0.452146
G1 X174.841 Y185.053 E.01902
;WIDTH:0.452466
G1 X174.466 Y184.639 E.01903
;WIDTH:0.452687
G1 X174.124 Y184.197 E.01904
;WIDTH:0.452815
G1 X173.818 Y183.73 E.01905
;WIDTH:0.453001
G3 X173.316 Y182.732 I6.292 J-3.786 E.03811
;WIDTH:0.45271
G3 X172.98 Y181.694 I6.77 J-2.766 E.03722
;WIDTH:0.451986
G3 X172.8 Y180.566 I7.091 J-1.712 E.0389
;WIDTH:0.451536
G1 X172.776 Y180.063 E.01711
;WIDTH:0.449676
G1 X172.795 Y179.466 E.0202
;WIDTH:0.449847
G3 X172.978 Y178.302 I7.127 J.523 E.03991
;WIDTH:0.451101
G1 X173.124 Y177.788 E.01813
;WIDTH:0.451634
G1 X173.316 Y177.263 E.019
;WIDTH:0.452066
G3 X173.832 Y176.244 I6.743 J2.774 E.03891
;WIDTH:0.452855
G3 X175.686 Y174.209 I6.395 J3.966 E.09434
;WIDTH:0.45265
G1 X176.146 Y173.893 E.01902
;WIDTH:0.452396
G1 X176.653 Y173.601 E.01992
;WIDTH:0.452084
G1 X177.134 Y173.371 E.01813
;WIDTH:0.451691
G1 X177.605 Y173.184 E.01724
;WIDTH:0.449538
G1 X178.166 Y173.012 E.01982
;WIDTH:0.449847
G3 X179.326 Y172.807 I1.821 J6.911 E.03991
;WIDTH:0.450877
G1 X179.867 Y172.778 E.01838
;WIDTH:0.451585
G1 X180.426 Y172.79 E.019
;WIDTH:0.451989
G1 X180.982 Y172.845 E.019
;WIDTH:0.452579
G3 X182.626 Y173.274 I-1.217 J8.029 E.05796
;WIDTH:0.45279
G3 X184.082 Y174.044 I-3.059 J7.55 E.05625
;WIDTH:0.452686
G1 X184.531 Y174.377 E.01904
;WIDTH:0.452463
G1 X184.953 Y174.744 E.01903
;WIDTH:0.452145
G1 X185.317 Y175.114 E.01766
M204 T2500
G1 X185.266 Y174.418 F24000
G1 F3740
G1 X185.683 Y174.843 E.02025
;WIDTH:0.451728
G1 X186.066 Y175.299 E.02023
;WIDTH:0.451211
G1 X186.412 Y175.783 E.02021
;WIDTH:0.450603
G1 X186.72 Y176.292 E.02017
;WIDTH:0.44991
G1 X187.01 Y176.88 E.02219
;WIDTH:0.449139
G1 X187.239 Y177.456 E.02095
;WIDTH:0.448632
G1 X187.416 Y178.034 E.02038
;WIDTH:0.451904
G1 X187.53 Y178.521 E.01702
;WIDTH:0.45252
G3 X187.668 Y179.711 I-7.526 J1.474 E.04084
;WIDTH:0.452751
G3 X187.211 Y182.625 I-7.986 J.24 E.10107
;WIDTH:0.452517
G1 X186.986 Y183.176 E.02027
;WIDTH:0.452215
G1 X186.719 Y183.707 E.02025
;WIDTH:0.451884
G1 X186.412 Y184.217 E.02024
;WIDTH:0.451225
G1 X186.066 Y184.701 E.02021
;WIDTH:0.450732
G1 X185.684 Y185.158 E.02018
;WIDTH:0.450045
G1 X185.234 Y185.612 E.02163
;WIDTH:0.449286
G1 X184.756 Y186.022 E.02129
;WIDTH:0.44897
G1 X184.268 Y186.376 E.02036
;WIDTH:0.45182
G1 X183.837 Y186.646 E.01728
;WIDTH:0.452217
G1 X183.31 Y186.923 E.02025
;WIDTH:0.45251
G3 X182.176 Y187.358 I-3.295 J-6.893 E.04144
;WIDTH:0.452831
G3 X179.851 Y187.672 I-2.177 J-7.358 E.08026
;WIDTH:0.452565
G1 X179.257 Y187.638 E.02027
;WIDTH:0.452284
G1 X178.667 Y187.557 E.02026
;WIDTH:0.451906
G1 X178.086 Y187.432 E.02024
;WIDTH:0.45143
G1 X177.516 Y187.261 E.02022
;WIDTH:0.450859
G1 X176.96 Y187.047 E.02019
;WIDTH:0.450189
G1 X176.423 Y186.79 E.02016
;WIDTH:0.449913
G1 X175.84 Y186.447 E.02291
;WIDTH:0.448794
G1 X175.355 Y186.107 E.02
;WIDTH:0.451728
G1 X174.954 Y185.782 E.01753
;WIDTH:0.452146
G1 X174.521 Y185.373 E.02025
;WIDTH:0.452466
G1 X174.122 Y184.933 E.02026
;WIDTH:0.452687
G1 X173.757 Y184.462 E.02028
;WIDTH:0.452815
G1 X173.43 Y183.965 E.02028
;WIDTH:0.453001
G3 X172.896 Y182.902 I6.606 J-3.983 E.04059
;WIDTH:0.45271
G3 X172.539 Y181.795 I7.078 J-2.894 E.03968
;WIDTH:0.451986
G3 X172.349 Y180.595 I7.436 J-1.795 E.04138
;WIDTH:0.451536
G1 X172.326 Y180 E.02022
;WIDTH:0.450982
G1 X172.348 Y179.405 E.02019
;WIDTH:0.450333
G1 X172.417 Y178.814 E.02016
;WIDTH:0.449847
G1 X172.549 Y178.168 E.0223
;WIDTH:0.448973
G1 X172.716 Y177.589 E.02035
;WIDTH:0.451634
G1 X172.896 Y177.098 E.01779
;WIDTH:0.452066
G3 X173.444 Y176.013 I7.079 J2.894 E.04139
;WIDTH:0.452855
G3 X175.418 Y173.845 I6.783 J4.194 E.10051
;WIDTH:0.45265
G1 X175.908 Y173.508 E.02027
;WIDTH:0.452396
G1 X176.447 Y173.199 E.02116
;WIDTH:0.452084
G1 X176.96 Y172.954 E.01936
;WIDTH:0.451691
G1 X177.515 Y172.739 E.02023
;WIDTH:0.450998
G1 X178.086 Y172.568 E.0202
;WIDTH:0.450469
G1 X178.667 Y172.442 E.02017
;WIDTH:0.449847
G1 X179.283 Y172.36 E.02102
;WIDTH:0.449676
G1 X179.904 Y172.327 E.02104
;WIDTH:0.451585
G1 X180.446 Y172.339 E.01842
;WIDTH:0.451989
G1 X181.038 Y172.397 E.02024
;WIDTH:0.452579
G3 X182.788 Y172.851 I-1.271 J8.485 E.06169
;WIDTH:0.45279
G3 X184.34 Y173.672 I-3.235 J7.999 E.05994
;WIDTH:0.452686
G1 X184.818 Y174.027 E.02028
;WIDTH:0.452463
G1 X185.236 Y174.392 E.0189
M204 T5000
G1 E-.48147 F2100
;WIPE_START
G1 F6592.714
G1 X185.683 Y174.843 E-.20227
G1 X185.918 Y175.123 E-.11626
;WIPE_END
G1 X183.458 Y174.988 F24000
G1 E.8 F4800
M204 P3000
;TYPE:Inner wall
;WIDTH:0.449999
G1 F3740
G1 X183.788 Y175.227 E.01381
G3 X184.221 Y175.605 I-3.796 J4.789 E.01943
G1 X184.796 Y176.242 E.02906
G3 X186.031 Y179.114 I-4.864 J3.793 E.10701
G1 X186.093 Y180.079 E.03273
G3 X185.85 Y181.705 I-6.749 J-.179 E.05579
G1 X185.556 Y182.501 E.02871
G1 X185.276 Y183.053 E.02095
G3 X178.438 Y185.887 I-5.278 J-3.068 E.2692
G1 X177.841 Y185.698 E.02118
G3 X176.286 Y175.171 I2.159 J-5.698 E.43801
G1 X177.004 Y174.694 E.02919
G3 X179.553 Y173.923 I3.063 J5.527 E.09081
G1 X180.463 Y173.924 E.03082
G3 X183.358 Y174.916 I-.471 J6.093 E.1047
G1 X183.426 Y174.964 E.00281
M204 T2500
G1 X183.71 Y174.637 F24000
M204 P2500
;TYPE:Outer wall
G1 F3740
G3 X184.903 Y175.699 I-3.707 J5.366 E.05422
G3 X186.467 Y179.161 I-5.015 J4.35 E.13041
G1 X186.523 Y180.142 E.03326
G3 X183.677 Y174.614 I-6.521 J-.139 E1.16775
M73 P44 R6
M204 T5000
G1 E-.48338 F2100
;WIPE_START
G1 F6632.618
G1 X184.116 Y174.941 E-.17358
G1 X184.455 Y175.241 E-.14304
;WIPE_END
G1 X183.558 Y179.219 F24000
G1 E.8 F4800
M204 P3000
;TYPE:Inner wall
G1 F3740
G1 X183.473 Y179.086 E.00534
G1 X180.843 Y176.518 E.12442
G1 X180.619 Y176.42 E.00826
G1 X180.345 Y176.425 E.00927
G1 X180.115 Y176.537 E.00869
G2 X179.241 Y177.44 I15.622 J16.003 E.04253
G1 X179.147 Y177.721 E.01002
G1 X179.218 Y178.059 E.0117
G1 X179.517 Y178.39 E.01509
G1 X178.902 Y178.484 E.02105
G1 X178.25 Y178.735 E.02364
G1 X177.8 Y179.027 E.01816
G1 X177.402 Y179.421 E.01898
G1 X177.129 Y179.848 E.01715
G1 X176.956 Y180.351 E.01802
G1 X176.919 Y180.9 E.01861
G1 X177.05 Y181.478 E.02008
G2 X177.402 Y182.065 I3.347 J-1.61 E.02321
G1 X177.86 Y182.56 E.02281
G1 X178.322 Y182.876 E.01897
G1 X178.82 Y183.078 E.01818
G1 X179.333 Y183.151 E.01753
G1 X179.866 Y183.096 E.01816
G1 X180.334 Y182.927 E.01683
G1 X180.654 Y182.741 E.01254
G1 X181.062 Y182.425 E.01746
G1 X181.263 Y182.171 E.01094
G1 X181.311 Y181.852 E.01093
G1 X181.14 Y181.497 E.01335
G1 X180.323 Y180.695 E.03876
G1 X180.66 Y180.685 E.01142
G3 X182.479 Y180.796 I-4.371 J86.532 E.06169
G1 X182.648 Y180.741 E.006
G1 X183.015 Y180.417 E.01657
G1 X183.569 Y179.826 E.02743
G1 X183.645 Y179.612 E.00769
G1 X183.614 Y179.308 E.01034
G1 X183.579 Y179.253 E.00221
M204 T2500
G1 X183.214 Y179.575 F24000
M204 P2500
;TYPE:Outer wall
G1 F3740
G1 X183.194 Y179.419 E.00531
G1 X180.68 Y176.948 E.11933
G1 X180.53 Y176.84 E.00628
G1 X180.379 Y176.874 E.00523
G1 X179.625 Y177.641 E.03639
G1 X179.574 Y177.754 E.00421
G1 X179.628 Y177.898 E.00521
G1 X180.553 Y178.806 E.04385
G2 X179.073 Y178.882 I-.382 J6.936 E.05025
G1 X178.564 Y179.051 E.01815
G1 X178.18 Y179.28 E.01514
G1 X177.789 Y179.635 E.01787
G1 X177.498 Y180.065 E.01757
G1 X177.366 Y180.476 E.01464
G1 X177.348 Y180.908 E.01463
G1 X177.448 Y181.32 E.01434
G1 X177.648 Y181.691 E.01427
G1 X178.105 Y182.204 E.02324
G1 X178.514 Y182.492 E.01693
G1 X178.954 Y182.67 E.01608
G1 X179.381 Y182.725 E.01459
G1 X179.807 Y182.672 E.01452
G1 X180.173 Y182.529 E.01329
G1 X180.652 Y182.218 E.01934
G1 X180.879 Y181.975 E.01127
G1 X180.834 Y181.797 E.00622
G1 X179.952 Y180.931 E.04184
;WIDTH:0.476736
G1 X179.855 Y180.897 E.0037
;WIDTH:0.503473
G1 X179.759 Y180.863 E.00393
;WIDTH:0.524212
G1 X179.485 Y181.058 E.01345
G1 X179.313 Y181.133 E.00751
G1 X179.147 Y181.125 E.00666
G1 X179.008 Y180.949 E.00898
G1 X179.021 Y180.813 E.00545
;WIDTH:0.530216
G1 X179.217 Y180.589 E.01203
G1 X179.577 Y180.394 E.0166
;WIDTH:0.503473
G1 X179.835 Y180.334 E.01015
;WIDTH:0.478121
G1 X180.093 Y180.274 E.00959
;WIDTH:0.452768
G1 X180.647 Y180.256 E.0189
;WIDTH:0.449999
G3 X182.436 Y180.366 I-2.669 J57.861 E.06064
G1 X182.709 Y180.117 E.01252
G1 X183.187 Y179.604 E.02373
M204 T5000
G1 X182.826 Y180.988 F24000
M204 P4000
;TYPE:Internal solid infill
;WIDTH:0.38292
G1 F3740
G1 X183.008 Y180.835 E.00674
G1 X183.697 Y180.138 E.02769
G1 E-.53556 F2100
;WIPE_START
G1 F7941.176
G1 X183.008 Y180.835 E-.25898
G1 X182.992 Y180.848 E-.00547
;WIPE_END
G1 X182.974 Y176.831 F24000
G1 E.8 F4800
;WIDTH:0.508018
G1 F3740
G2 X184.318 Y178.166 I44.926 J-43.907 E.07328
G1 X184.429 Y178.055 E.00606
G1 X184.076 Y177.382 E.02942
G1 X183.844 Y177.054 E.01553
G1 X183.31 Y176.48 E.03028
G1 X182.776 Y176.032 E.02699
G1 X182.609 Y175.915 E.00786
G1 X182.315 Y176.209 E.0161
G1 X182.944 Y176.804 E.03348
G1 X181.892 Y176.966 F24000
;WIDTH:0.449999
G1 F3740
G1 X183.775 Y178.814 E.0893
G1 X183.917 Y179.009 E.00817
G1 X184.053 Y179.455 E.0158
G1 X184.033 Y179.641 E.00633
G1 X185.405 Y178.27 E.06564
G1 X185.221 Y177.753 E.01859
G1 X184.804 Y176.954 E.03049
G1 X184.513 Y176.539 E.01717
G1 X183.897 Y175.857 E.03111
G1 X183.179 Y175.283 E.03111
G2 X182.463 Y174.879 I-2.639 J3.83 E.02785
G1 X181.114 Y176.228 E.06457
G1 X181.863 Y176.938 E.03493
G1 X181.705 Y176.212 F24000
G1 F3740
G1 X184.091 Y178.558 E.11325
G1 X184.274 Y178.825 E.01095
G1 X184.938 Y178.161 E.03179
G1 X184.784 Y177.795 E.01345
G1 X184.455 Y177.166 E.02402
G1 X184.166 Y176.762 E.0168
G1 X183.617 Y176.154 E.02773
G1 X182.915 Y175.6 E.03028
G1 X182.545 Y175.375 E.01465
G1 X181.734 Y176.184 E.03879
G1 E-.48338 F2100
;WIPE_START
G1 F6632.618
G1 X182.442 Y175.478 E-.31662
;WIPE_END
G1 X178.777 Y178.018 F24000
G1 E.8 F4800
;WIDTH:0.520916
G1 F3740
G1 X178.717 Y178.018 E.00237
G1 X178.687 Y178.07 E.00237
G1 X178.717 Y178.122 E.00237
G1 X178.777 Y178.122 E.00237
G1 X178.786 Y178.104 E.00078
G1 E-.70381 F2100
;WIPE_START
G1 F5648.583
G1 X178.777 Y178.122 E-.00734
G1 X178.717 Y178.122 E-.02221
G1 X178.687 Y178.07 E-.02221
G1 X178.717 Y178.018 E-.02221
G1 X178.777 Y178.018 E-.02221
;WIPE_END
G1 X176.84 Y179.767 F24000
G1 E.8 F4800
;WIDTH:0.38292
G1 F3740
G1 X176.776 Y179.803 E.00208
G1 X176.841 Y179.838 E.00208
G1 X176.757 Y180.873 F24000
;WIDTH:0.449999
G1 F3740
G1 X174.929 Y182.7 E.08749
G3 X174.741 Y182.313 I2.211 J-1.316 E.01459
G1 X176.825 Y180.229 E.09978
G1 E-.48338 F2100
;WIPE_START
G1 F6632.618
G1 X176.118 Y180.936 E-.31662
;WIPE_END
G1 X180.759 Y176.295 F24000
G1 E.8 F4800
G1 F3740
G1 X182.316 Y174.739 E.07451
G1 X181.903 Y174.575 E.01501
G1 X180.411 Y176.068 E.07146
G2 X179.899 Y176.266 I.062 J.92 E.01886
G1 X179.067 Y177.103 E.03995
G1 X178.947 Y177.255 E.00655
G1 X178.842 Y177.481 E.00846
G1 X178.805 Y177.674 E.00663
G1 X174.577 Y181.901 E.20235
G3 X174.442 Y181.461 I2.554 J-1.026 E.01561
G1 X181.462 Y174.441 E.33605
G1 X180.99 Y174.337 E.01637
G1 X174.339 Y180.988 E.31835
G3 X174.273 Y180.478 I3.099 J-.66 E.01742
G1 X180.481 Y174.271 E.29714
G2 X179.917 Y174.258 I-.364 J3.74 E.01909
G1 X174.256 Y179.92 E.27101
G3 X174.297 Y179.303 I3.695 J-.062 E.02096
G1 X179.302 Y174.298 E.23958
G2 X178.6 Y174.425 I.403 J4.245 E.02418
G1 X174.427 Y178.597 E.19973
G3 X174.72 Y177.729 I6.853 J1.825 E.03103
G1 X178.053 Y174.396 E.15956
G1 X177.382 Y174.75 F24000
M204 P2500
;TYPE:Gap infill
;WIDTH:0.108626
G1 F3740
G1 X177.287 Y174.818 E.00064
;WIDTH:0.142336
G1 X177.193 Y174.886 E.00096
;WIDTH:0.17744
G1 X177.074 Y174.978 E.00168
;WIDTH:0.213938
G1 X176.956 Y175.071 E.00214
;WIDTH:0.250437
G1 X176.837 Y175.164 E.0026
;WIDTH:0.289865
G1 X176.638 Y175.333 E.00537
;WIDTH:0.332222
G1 X176.439 Y175.503 E.00629
;WIDTH:0.373086
G2 X175.428 Y176.524 I8.625 J9.551 E.03947
;WIDTH:0.31783
G1 X175.272 Y176.709 E.00553
;WIDTH:0.274981
G1 X175.117 Y176.895 E.00467
;WIDTH:0.234618
G1 X175.032 Y177.007 E.00223
;WIDTH:0.196741
G1 X174.947 Y177.118 E.00179
;WIDTH:0.158864
G1 X174.862 Y177.23 E.00135
;WIDTH:0.129335
G2 X174.746 Y177.386 I2.061 J1.654 E.0014
G1 E-.74328 F2100
;WIPE_START
G1 F7200
G1 X174.862 Y177.23 E-.05672
;WIPE_END
G1 X181.397 Y181.094 F24000
G1 E.8 F4800
M204 P4000
;TYPE:Internal solid infill
;WIDTH:0.467574
G1 F3740
G2 X181.404 Y181.175 I-.025 J.043 E.00758
G1 E-.72555 F2100
;WIPE_START
G1 F6358.117
G1 X181.397 Y181.186 E-.00432
G1 X181.344 Y181.186 E-.01753
G1 X181.318 Y181.14 E-.01753
G1 X181.344 Y181.094 E-.01753
G1 X181.397 Y181.094 E-.01753
;WIPE_END
G1 X183.293 Y184.532 F24000
G1 E.8 F4800
;WIDTH:0.621098
G1 F3740
G1 X183.378 Y184.456 E.00549
G1 X183.592 Y184.049 F24000
;WIDTH:0.382677
G1 F3740
G1 X183.561 Y184.112 E.00199
;WIDTH:0.428989
G1 X183.531 Y184.175 E.00226
;WIDTH:0.4753
G1 X183.5 Y184.239 E.00253
;WIDTH:0.521612
G1 X183.469 Y184.302 E.00281
;WIDTH:0.567923
G1 X183.439 Y184.366 E.00308
;WIDTH:0.614235
G1 X183.408 Y184.429 E.00335
G1 X183.476 Y184.403 E.00348
;WIDTH:0.567923
G1 X183.544 Y184.377 E.00319
;WIDTH:0.521612
G1 X183.613 Y184.35 E.00291
;WIDTH:0.4753
G1 X183.681 Y184.324 E.00263
;WIDTH:0.428989
G1 X183.749 Y184.297 E.00235
;WIDTH:0.382677
G1 X183.817 Y184.271 E.00207
;WIDTH:0.355166
G1 X184.417 Y183.66 E.02222
G1 X184.967 Y182.868 E.02504
G1 X185.144 Y182.493 E.01077
G2 X183.62 Y184.02 I237.414 J238.372 E.05601
G1 E-.55714 F2100
;WIPE_START
G1 F8647.049
G1 X184.327 Y183.312 E-.24286
;WIPE_END
G1 X185.663 Y181.754 F24000
G1 E.8 F4800
;WIDTH:0.450001
G1 F3740
G1 X182.046 Y185.37 E.17314
G3 X181.225 Y185.616 I-1.874 J-4.769 E.02906
G1 X185.612 Y181.229 E.21003
G2 X185.722 Y180.544 I-6.873 J-1.447 E.02349
G1 X180.546 Y185.719 E.24773
G3 X179.945 Y185.745 I-.453 J-3.567 E.02039
G1 X185.745 Y179.945 E.27762
G2 X185.713 Y179.401 I-3.257 J-.085 E.01848
G1 X179.4 Y185.714 E.30223
G3 X178.898 Y185.64 I.193 J-3.021 E.01717
G1 X185.638 Y178.9 E.32263
G2 X185.527 Y178.435 I-2.823 J.428 E.01619
G1 X181.654 Y182.308 E.18541
G1 X181.597 Y182.252 E.00271
G2 X181.656 Y181.796 I-.862 J-.342 E.01571
G1 X181.635 Y181.752 E.00165
G1 X182.428 Y180.959 E.03797
G1 E-.48338 F2100
;WIPE_START
G1 F6632.586
G1 X181.721 Y181.666 E-.31662
;WIPE_END
G1 X181.529 Y182.471 F24000
G1 E.8 F4800
M204 P2500
;TYPE:Gap infill
;WIDTH:0.382542
G1 F3740
G3 X181.137 Y182.864 I-4.59 J-4.188 E.01567
;WIDTH:0.409034
G1 X181.018 Y182.964 E.00474
;WIDTH:0.449404
G1 X180.899 Y183.064 E.00526
G1 X178.49 Y185.477 E.11524
;WIDTH:0.434008
G1 X178.522 Y185.528 E.00195
;WIDTH:0.389915
G1 X178.554 Y185.579 E.00173
;WIDTH:0.345822
G1 X178.586 Y185.63 E.00151
;WIDTH:0.301729
G1 X178.618 Y185.68 E.00129
;WIDTH:0.279683
G1 X178.65 Y185.731 E.00118
G1 E-.78248 F2100
;WIPE_START
G1 F7200
G1 X178.618 Y185.68 E-.01752
;WIPE_END
G1 X182.677 Y180.97 F24000
G1 E.8 F4800
;WIDTH:0.0971294
G1 F3740
G3 X182.53 Y181.062 I-1.319 J-1.951 E.00078
G1 E-.74952 F2100
;WIPE_START
G1 F7200
G1 X182.677 Y180.97 E-.05048
;WIPE_END
G1 X178.348 Y184.192 F24000
G1 E.8 F4800
M204 P4000
;TYPE:Internal solid infill
;WIDTH:0.410265
G1 F3740
G1 X177.847 Y183.976 E.01665
G1 X177.343 Y183.651 E.01833
G1 X176.896 Y183.291 E.01754
G1 X176.418 Y182.76 E.02181
G1 X176.36 Y182.677 E.00309
G1 X176.1 Y182.936 E.0112
G1 X176.504 Y183.418 E.0192
G1 X177.112 Y183.942 E.02452
G1 X177.685 Y184.299 E.02061
G1 X178.062 Y184.483 E.01283
G1 X178.32 Y184.221 E.01121
M73 P45 R6
G1 X179.159 Y183.94 F24000
;WIDTH:0.449999
G1 F3740
G1 X178.642 Y183.866 E.01769
G3 X177.865 Y183.549 I1.346 J-4.411 E.02842
G1 X177.236 Y183.089 E.02637
G1 X176.704 Y182.503 E.0268
G1 X176.439 Y182.054 E.01765
G1 X175.594 Y182.899 E.04044
G2 X176.262 Y183.722 I8.66 J-6.337 E.03589
G1 X176.894 Y184.269 E.02828
G1 X177.692 Y184.747 E.0315
G1 X178.156 Y184.943 E.01705
G1 X179.131 Y183.968 E.04667
G1 X180.313 Y183.362 F24000
G1 F3740
G1 X179.963 Y183.492 E.01263
G1 X179.433 Y183.561 E.01811
G1 X178.7 Y183.463 E.02503
G1 X178.147 Y183.243 E.02013
G1 X177.516 Y182.792 E.02625
G1 X177.008 Y182.232 E.02562
G1 X176.682 Y181.652 E.0225
G1 X176.6 Y181.318 E.01164
G1 X175.081 Y182.837 E.07271
G1 X175.351 Y183.272 E.01732
G1 X175.933 Y183.976 E.03094
G1 X176.653 Y184.599 E.03222
G1 X177.469 Y185.094 E.03229
G1 X177.96 Y185.308 E.01815
G1 X178.267 Y185.407 E.01092
G1 X180.285 Y183.39 E.09657
G1 X181.079 Y182.78 F24000
;WIDTH:0.38292
G1 F3740
G1 X181.462 Y182.393 E.0154
G1 X181.502 Y182.338 E.00193
; stop printing object obj_2_MOLD.stl id:0 copy 0
;LAYER_CHANGE
;Z:0.6
;HEIGHT:0.2
;BEFORE_LAYER_CHANGE
G92 E0.0
;0.6
G1 E-.63795 F2100
;WIPE_START
G1 F7941.176
G1 X181.462 Y182.393 E-.01801
G1 X181.079 Y182.78 E-.14404
;WIPE_END
M486 S-1
;AFTER_LAYER_CHANGE
;0.6
;_SET_FAN_SPEED_CHANGING_LAYER
G1 X183.015 Y189.623 Z.6 F24000
G1 E.8 F4800
M204 P2500
;TYPE:Skirt
;WIDTH:0.5
G1 F3000
G1 X181.801 Y189.967 E.04794
G1 X179.847 Y190.127 E.07453
G1 X177.898 Y189.908 E.07453
G1 X176.028 Y189.317 E.07453
G1 X174.307 Y188.377 E.07453
G1 X172.799 Y187.123 E.07453
G1 X171.562 Y185.602 E.07453
G1 X170.641 Y183.87 E.07453
G1 X170.342 Y183.051 E.03313
G1 X170.053 Y181.909 E.04476
G1 X169.872 Y179.957 E.07453
G1 X170.07 Y178.006 E.07453
G1 X170.641 Y176.13 E.07453
G1 X171.111 Y175.145 E.04148
G1 X171.735 Y174.146 E.04476
G1 X173.018 Y172.663 E.07453
G1 X174.563 Y171.455 E.07453
G1 X176.312 Y170.567 E.07453
G1 X178.199 Y170.033 E.07453
G1 X180.164 Y169.873 E.07496
G1 X181.328 Y169.959 E.04434
G1 X182.186 Y170.111 E.03314
G1 X184.051 Y170.717 E.07453
G1 X185.764 Y171.672 E.07453
G1 X187.261 Y172.939 E.07453
G1 X188.486 Y174.471 E.07453
G1 X189.392 Y176.21 E.07453
G1 X189.947 Y178.091 E.07453
G1 X190.128 Y180.043 E.07453
G1 X189.93 Y181.994 E.07453
G1 X189.359 Y183.87 E.07453
G1 X188.438 Y185.602 E.07453
G1 X187.731 Y186.543 E.04477
G1 X186.982 Y187.337 E.04148
G1 X185.437 Y188.545 E.07453
G1 X183.688 Y189.433 E.07453
G1 X183.054 Y189.612 E.02507
; printing object obj_2_MOLD.stl id:0 copy 0
G1 E-.16 F2100
;WIPE_START
G1 F3000
G1 X182.091 Y189.885 E-.64
;WIPE_END
M486 S0
G1 X181.528 Y187.057 F24000
G1 E.8 F4800
;TYPE:Outer wall
;WIDTH:0.452827
G1 F4450
G3 X179.863 Y187.22 I-1.532 J-7.082 E.05715
;WIDTH:0.452565
G1 X179.305 Y187.188 E.01904
;WIDTH:0.452284
G1 X178.751 Y187.113 E.01903
;WIDTH:0.451906
G1 X178.204 Y186.996 E.019
;WIDTH:0.451428
G1 X177.713 Y186.853 E.01737
;WIDTH:0.449815
G3 X176.628 Y186.39 I2.272 J-6.827 E.03999
;WIDTH:0.451498
G3 X175.682 Y185.79 I3.649 J-6.804 E.03808
;WIDTH:0.451729
G1 X175.247 Y185.438 E.01901
;WIDTH:0.45215
G1 X174.841 Y185.053 E.01903
;WIDTH:0.452356
G1 X174.494 Y184.672 E.01756
;WIDTH:0.452669
G3 X173.817 Y183.73 I5.493 J-4.664 E.03956
;WIDTH:0.453327
G3 X173.316 Y182.732 I6.48 J-3.877 E.03814
;WIDTH:0.452776
G1 X173.125 Y182.207 E.01905
;WIDTH:0.452618
G1 X172.984 Y181.711 E.01757
;WIDTH:0.451985
G3 X172.8 Y180.566 I7.123 J-1.733 E.03949
;WIDTH:0.451536
G1 X172.776 Y180.063 E.01711
;WIDTH:0.449675
G1 X172.795 Y179.466 E.0202
;WIDTH:0.449847
G1 X172.862 Y178.882 E.01989
;WIDTH:0.450471
G1 X172.972 Y178.326 E.01919
;WIDTH:0.451101
G1 X173.124 Y177.788 E.01898
;WIDTH:0.451635
G1 X173.316 Y177.263 E.019
;WIDTH:0.45207
G1 X173.549 Y176.755 E.01902
;WIDTH:0.452409
G1 X173.819 Y176.266 E.01903
;WIDTH:0.452641
G3 X174.497 Y175.325 I6.216 J3.764 E.03955
;WIDTH:0.452853
G3 X175.686 Y174.209 I6.187 J5.403 E.05567
;WIDTH:0.452648
G1 X176.146 Y173.893 E.01901
;WIDTH:0.452388
G1 X176.669 Y173.594 E.02051
;WIDTH:0.452092
G1 X177.133 Y173.371 E.01752
;WIDTH:0.451798
G1 X177.626 Y173.177 E.018
;WIDTH:0.449716
G1 X178.166 Y173.012 E.0191
;WIDTH:0.449847
G3 X179.89 Y172.777 I1.949 J7.839 E.05899
;WIDTH:0.451684
G1 X180.427 Y172.79 E.01825
;WIDTH:0.451989
G1 X180.982 Y172.845 E.01898
;WIDTH:0.453017
G3 X182.072 Y173.083 I-1.076 J7.561 E.03808
;WIDTH:0.452471
G1 X182.642 Y173.28 E.02052
;WIDTH:0.452848
G3 X184.082 Y174.044 I-3.112 J7.605 E.05567
;WIDTH:0.452686
G1 X184.531 Y174.377 E.01904
;WIDTH:0.452463
G3 X185.345 Y175.142 I-4.673 J5.789 E.03806
;WIDTH:0.45144
G1 X185.705 Y175.57 E.019
;WIDTH:0.451214
G1 X186.014 Y175.996 E.01788
;WIDTH:0.449913
G3 X186.585 Y177.027 I-5.953 J3.971 E.03992
;WIDTH:0.450859
G1 X186.79 Y177.536 E.01863
;WIDTH:0.451431
G1 X186.96 Y178.069 E.01899
;WIDTH:0.451905
G1 X187.087 Y178.613 E.01901
;WIDTH:0.452283
G1 X187.173 Y179.166 E.01902
;WIDTH:0.452566
G1 X187.216 Y179.723 E.01903
;WIDTH:0.452751
G3 X186.787 Y182.467 I-7.545 J.226 E.0952
;WIDTH:0.452909
G3 X186.326 Y183.484 I-7.181 J-2.639 E.0381
;WIDTH:0.451819
G1 X186.038 Y183.964 E.019
;WIDTH:0.451323
G1 X185.739 Y184.388 E.01762
;WIDTH:0.450044
G3 X184.95 Y185.263 I-5.714 J-4.362 E.03993
;WIDTH:0.451038
G1 X184.562 Y185.6 E.01744
;WIDTH:0.451296
G1 X184.079 Y185.961 E.02046
;WIDTH:0.451819
G1 X183.606 Y186.257 E.01898
;WIDTH:0.452217
G1 X183.111 Y186.517 E.01902
;WIDTH:0.452515
G1 X182.598 Y186.737 E.01904
;WIDTH:0.452721
G1 X182.069 Y186.918 E.01904
;WIDTH:0.452827
G3 X181.567 Y187.048 I-2.073 J-6.943 E.01769
M204 T2500
G1 X180.446 Y187.66 F24000
G1 F4450
G3 X179.851 Y187.672 I-.448 J-7.669 E.02029
;WIDTH:0.452565
G1 X179.257 Y187.638 E.02027
;WIDTH:0.452284
G1 X178.667 Y187.557 E.02026
;WIDTH:0.451906
G1 X178.086 Y187.432 E.02023
;WIDTH:0.451428
G1 X177.516 Y187.261 E.02022
;WIDTH:0.45086
G1 X176.96 Y187.047 E.02019
;WIDTH:0.450189
G1 X176.39 Y186.772 E.02145
;WIDTH:0.449486
G1 X175.822 Y186.435 E.02232
;WIDTH:0.448779
G1 X175.354 Y186.106 E.01929
;WIDTH:0.451729
G1 X174.954 Y185.782 E.01752
;WIDTH:0.45215
G1 X174.521 Y185.373 E.02025
;WIDTH:0.452356
G1 X174.15 Y184.965 E.01877
;WIDTH:0.452669
G3 X173.43 Y183.965 I5.787 J-4.925 E.04204
;WIDTH:0.453327
G3 X172.896 Y182.902 I6.665 J-4.012 E.04062
;WIDTH:0.452776
G1 X172.693 Y182.343 E.02028
;WIDTH:0.452618
G1 X172.544 Y181.812 E.01879
;WIDTH:0.451985
G3 X172.349 Y180.595 I7.419 J-1.811 E.04197
;WIDTH:0.451536
G1 X172.326 Y180 E.02022
;WIDTH:0.450982
G1 X172.348 Y179.405 E.02019
;WIDTH:0.450333
G1 X172.417 Y178.814 E.02016
;WIDTH:0.449847
G1 X172.549 Y178.168 E.0223
;WIDTH:0.448971
G1 X172.716 Y177.589 E.02036
;WIDTH:0.451635
G1 X172.896 Y177.098 E.01778
;WIDTH:0.45207
G1 X173.142 Y176.556 E.02025
;WIDTH:0.452409
G1 X173.43 Y176.035 E.02026
;WIDTH:0.452641
G3 X174.15 Y175.035 I6.522 J3.935 E.04204
;WIDTH:0.452853
G3 X175.418 Y173.845 I6.521 J5.677 E.05936
;WIDTH:0.452648
G1 X175.908 Y173.508 E.02026
;WIDTH:0.452388
G1 X176.463 Y173.191 E.02175
;WIDTH:0.452092
G1 X176.96 Y172.954 E.01876
;WIDTH:0.451798
G1 X177.515 Y172.739 E.02023
;WIDTH:0.450783
G1 X178.086 Y172.568 E.02019
;WIDTH:0.45047
G1 X178.667 Y172.442 E.02017
;WIDTH:0.450332
G1 X179.257 Y172.361 E.02016
;WIDTH:0.450662
G1 X179.851 Y172.327 E.02018
;WIDTH:0.451684
G1 X180.446 Y172.339 E.02023
;WIDTH:0.451989
G1 X181.038 Y172.397 E.02024
;WIDTH:0.453017
G3 X182.2 Y172.649 I-1.068 J7.731 E.04058
;WIDTH:0.452471
G1 X182.804 Y172.858 E.02176
;WIDTH:0.452848
G3 X184.34 Y173.672 I-3.261 J8.009 E.05936
;WIDTH:0.452686
G1 X184.818 Y174.027 E.02028
;WIDTH:0.452463
G3 X185.683 Y174.843 I-4.864 J6.027 E.04054
;WIDTH:0.45144
G1 X186.066 Y175.299 E.02022
;WIDTH:0.451214
G1 X186.412 Y175.783 E.02021
;WIDTH:0.450601
G1 X186.72 Y176.292 E.02017
;WIDTH:0.449913
G1 X187.006 Y176.87 E.02182
;WIDTH:0.449217
G1 X187.239 Y177.456 E.02132
;WIDTH:0.448633
G1 X187.416 Y178.034 E.02038
;WIDTH:0.451905
G1 X187.53 Y178.521 E.01702
;WIDTH:0.452283
G1 X187.622 Y179.109 E.02026
;WIDTH:0.452566
G1 X187.668 Y179.711 E.02057
;WIDTH:0.452751
G3 X187.211 Y182.625 I-7.987 J.24 E.10107
;WIDTH:0.452909
G3 X186.719 Y183.707 I-7.335 J-2.679 E.04058
;WIDTH:0.451819
G1 X186.412 Y184.217 E.02023
;WIDTH:0.451323
G1 X186.066 Y184.701 E.02021
;WIDTH:0.450733
G1 X185.684 Y185.158 E.02018
;WIDTH:0.450044
G1 X185.234 Y185.612 E.02164
;WIDTH:0.44939
G1 X184.757 Y186.018 E.02118
;WIDTH:0.448689
G1 X184.268 Y186.376 E.02045
;WIDTH:0.451819
G1 X183.837 Y186.646 E.01728
;WIDTH:0.452217
G1 X183.31 Y186.923 E.02025
;WIDTH:0.452515
G1 X182.764 Y187.159 E.02027
;WIDTH:0.452721
G1 X182.201 Y187.351 E.02028
;WIDTH:0.452827
G3 X180.486 Y187.658 I-2.202 J-7.359 E.0595
M204 T5000
G1 E-.48118 F2100
;WIPE_START
G1 F6586.859
G1 X179.851 Y187.672 E-.20246
G1 X179.487 Y187.651 E-.11636
;WIPE_END
G1 X179.486 Y186.069 F24000
G1 E.8 F4800
M204 P3000
;TYPE:Inner wall
;WIDTH:0.449999
G1 F4450
G3 X186.058 Y179.368 I.514 J-6.069 E.93263
G1 X186.089 Y179.877 E.01726
G3 X179.525 Y186.072 I-6.089 J.123 E.34407
M204 T2500
G1 X179.449 Y186.496 F24000
M204 P2500
;TYPE:Outer wall
G1 F4450
G3 X186.484 Y179.324 I.551 J-6.496 E.99826
G1 X186.518 Y179.869 E.01848
G3 X179.489 Y186.499 I-6.518 J.131 E.36837
M204 T5000
G1 X179.376 Y185.779 F24000
M204 P4000
;TYPE:Internal solid infill
;WIDTH:0.450001
G1 F4450
G1 X174.346 Y180.75 E.24075
G1 X174.309 Y180.787 E.00176
G2 X174.43 Y181.41 I3.768 J-.407 E.0215
G1 X178.589 Y185.569 E.19909
G3 X177.716 Y185.271 I1.43 J-5.63 E.03125
G1 X174.404 Y181.959 E.15857
G1 E-.48338 F2100
;WIPE_START
G1 F6632.586
G1 X175.111 Y182.666 E-.31662
;WIPE_END
G1 X177.382 Y185.255 F24000
G1 E.8 F4800
M204 P2500
;TYPE:Gap infill
;WIDTH:0.113595
G1 F4450
G1 X177.252 Y185.157 E.00096
;WIDTH:0.157242
G1 X177.121 Y185.059 E.00155
;WIDTH:0.20089
G1 X176.99 Y184.961 E.00215
;WIDTH:0.246769
G1 X176.802 Y184.807 E.00412
;WIDTH:0.294878
G1 X176.614 Y184.653 E.00509
;WIDTH:0.3327
G1 X176.435 Y184.492 E.0058
;WIDTH:0.374951
G3 X175.581 Y183.65 I8.172 J-9.141 E.03312
;WIDTH:0.346696
G1 X175.422 Y183.468 E.0061
;WIDTH:0.313684
G1 X175.264 Y183.286 E.00543
;WIDTH:0.279265
G1 X175.162 Y183.159 E.0032
;WIDTH:0.24344
G1 X175.06 Y183.032 E.00271
;WIDTH:0.207615
G1 X174.959 Y182.905 E.00223
;WIDTH:0.165222
G1 X174.856 Y182.765 E.00177
;WIDTH:0.140738
G1 X174.753 Y182.625 E.00141
G1 E-.74935 F2100
;WIPE_START
G1 F7200
G1 X174.856 Y182.765 E-.05065
;WIPE_END
G1 X182.299 Y181.803 F24000
G1 E.8 F4800
M204 P4000
;TYPE:Internal solid infill
;WIDTH:0.449999
G1 F4450
G1 X182.304 Y182.049 E.00832
G1 X182.19 Y182.514 E.01621
G1 X181.944 Y182.961 E.01725
G1 X181.587 Y183.324 E.01726
G1 X181.159 Y183.641 E.01802
G1 X180.685 Y183.896 E.01821
G1 X180.177 Y184.072 E.01822
G1 X179.65 Y184.162 E.01809
G1 X179.114 Y184.163 E.01813
G1 X178.576 Y184.069 E.0185
G1 X178.075 Y183.89 E.01799
;WIDTH:0.464178
G1 X177.846 Y183.783 E.00886
;WIDTH:0.494175
G3 X177.591 Y183.664 I1.41 J-3.334 E.01055
;WIDTH:0.495813
G1 X177.769 Y183.863 E.01006
;WIDTH:0.45046
G1 X177.947 Y184.063 E.00906
G1 X179.39 Y185.506 E.06915
G1 X179.39 Y185.647 E.00478
G1 X180.234 Y185.683 E.02862
G1 X181.178 Y185.565 E.03226
G1 X182.09 Y185.29 E.03226
G1 X182.943 Y184.868 E.03226
G1 X183.713 Y184.309 E.03226
G1 X184.38 Y183.629 E.03226
G1 X184.924 Y182.848 E.03226
G1 X185.33 Y181.987 E.03226
G1 X185.586 Y181.07 E.03226
G1 X185.687 Y180.124 E.03226
G1 X185.633 Y179.26 E.0293
G2 X185.106 Y179.598 I1.351 J2.693 E.02125
G1 X184.938 Y179.54 E.00602
G1 X184.625 Y179.252 E.0144
G1 X184.632 Y179.738 E.01648
G1 X184.481 Y180.223 E.01719
G1 X184.227 Y180.634 E.01637
G1 X183.495 Y181.377 E.03534
G1 X183.077 Y181.657 E.01704
G1 X182.594 Y181.797 E.01704
G1 X182.339 Y181.802 E.00865
G1 X182.689 Y182.193 F24000
;WIDTH:0.449999
G1 F4450
G1 X182.547 Y182.71 E.01815
G1 X182.301 Y183.157 E.01725
G1 X181.961 Y183.529 E.01707
G1 X181.427 Y183.951 E.02303
G1 X180.909 Y184.241 E.02008
G1 X180.344 Y184.448 E.02038
G1 X179.805 Y184.551 E.01857
G2 X179.039 Y184.579 I.156 J14.876 E.02596
G1 X179.678 Y185.218 E.03059
G1 X179.678 Y185.252 E.00115
G1 X180.217 Y185.275 E.01826
G1 X181.094 Y185.165 E.02991
G1 X181.94 Y184.91 E.02991
G1 X182.731 Y184.518 E.02991
G1 X183.447 Y183.999 E.02991
G1 X184.065 Y183.368 E.02991
G1 X184.57 Y182.643 E.02991
G1 X184.947 Y181.844 E.02991
G1 X185.188 Y180.968 E.03076
G1 X185.278 Y180.105 E.02935
G1 X185.268 Y179.947 E.00538
G1 X185.096 Y180.006 E.00614
G1 X184.983 Y179.982 E.00394
G1 X184.805 Y180.486 E.01808
G1 X184.518 Y180.918 E.01756
G1 X183.818 Y181.634 E.0339
G1 X183.304 Y181.995 E.02125
G1 X182.783 Y182.178 E.0187
G1 X182.728 Y182.187 E.00188
G1 X183.029 Y182.53 F24000
;WIDTH:0.456433
G1 F4450
G1 X182.903 Y182.906 E.01363
G3 X182.498 Y183.602 I-4.745 J-2.3 E.02772
;WIDTH:0.47941
G1 X182.283 Y183.786 E.01024
;WIDTH:0.448604
G1 X182.069 Y183.969 E.00952
;WIDTH:0.409307
G1 X181.638 Y184.262 E.01587
;WIDTH:0.410245
G1 X181.513 Y184.361 E.00488
;WIDTH:0.459908
G1 X181.387 Y184.459 E.00554
;WIDTH:0.509571
G1 X181.262 Y184.558 E.0062
;WIDTH:0.559235
G1 X181.136 Y184.657 E.00686
G1 X181.264 Y184.644 E.00553
;WIDTH:0.509571
G1 X181.392 Y184.632 E.005
;WIDTH:0.459908
G1 X181.521 Y184.619 E.00447
;WIDTH:0.404599
G2 X181.832 Y184.544 I-.005 J-.708 E.00972
G1 X182.273 Y184.3 E.01515
;WIDTH:0.448604
G1 X182.531 Y184.123 E.01057
;WIDTH:0.454741
G3 X183.199 Y183.671 I21.262 J30.67 E.02761
G1 X183.751 Y183.108 E.02699
G1 X184.225 Y182.42 E.02861
G1 X184.566 Y181.694 E.02746
G1 X184.661 Y181.354 E.01211
G1 X184.109 Y181.919 E.02706
G1 X183.531 Y182.333 E.02434
G1 X183.067 Y182.515 E.0171
G1 X183.411 Y182.823 F24000
;WIDTH:0.491504
G1 F4450
G2 X183.411 Y182.92 I-.028 J.049 E.00876
G1 X183.419 Y182.906 E.0006
G1 E-.71614 F2100
;WIPE_START
G1 F6018.94
G1 X183.411 Y182.92 E-.00561
G1 X183.355 Y182.92 E-.01956
G1 X183.327 Y182.871 E-.01956
G1 X183.355 Y182.823 E-.01956
G1 X183.411 Y182.823 E-.01956
;WIPE_END
G1 X181.136 Y184.657 F24000
G1 E.8 F4800
;WIDTH:0.561703
G1 F4450
G1 X180.917 Y184.715 E.00977
;WIDTH:0.516977
G1 X180.698 Y184.774 E.00893
;WIDTH:0.472251
G1 X180.479 Y184.832 E.00809
;WIDTH:0.449888
G1 X180.24 Y184.874 E.00821
G1 E-.72318 F2100
;WIPE_START
G1 F6634.428
G1 X180.479 Y184.832 E-.07682
;WIPE_END
G1 X177.591 Y183.664 F24000
M73 P46 R6
G1 E.8 F4800
;WIDTH:0.492124
G1 F4450
G1 X177.398 Y183.497 E.00954
;WIDTH:0.438343
G3 X176.825 Y182.958 I3.804 J-4.612 E.02588
;WIDTH:0.439971
G1 X176.664 Y182.778 E.00797
;WIDTH:0.453733
G1 X176.502 Y182.599 E.00825
G1 E-.72283 F2100
;WIPE_START
G1 F6572.333
G1 X176.664 Y182.778 E-.07717
;WIPE_END
G1 X175.138 Y180.092 F24000
G1 E.8 F4800
;WIDTH:0.485872
G1 F4450
G1 X175.169 Y179.913 E.00669
;WIDTH:0.525971
G1 X175.199 Y179.734 E.00729
;WIDTH:0.56607
G1 X175.23 Y179.555 E.0079
;WIDTH:0.586119
G1 X175.26 Y179.376 E.0082
G1 E-.7233 F2100
;WIPE_START
G1 F4970.554
G1 X175.23 Y179.555 E-.0767
;WIPE_END
G1 X176.43 Y177.286 F24000
G1 E.8 F4800
;WIDTH:0.426874
G1 F4450
G1 X176.57 Y177.162 E.00597
;WIDTH:0.470829
G1 X176.711 Y177.039 E.00666
;WIDTH:0.514784
G1 X176.852 Y176.916 E.00734
;WIDTH:0.558739
G1 X176.993 Y176.793 E.00802
;WIDTH:0.580716
G1 X177.03 Y176.766 E.00206
G1 X177.458 Y177.078 F24000
;WIDTH:0.449999
G1 F4450
G1 X177.647 Y176.585 E.01784
G1 X177.987 Y176.084 E.0205
G1 X178.764 Y175.291 E.03758
G1 X178.009 Y175.556 E.02707
G1 X177.286 Y175.958 E.028
G1 X176.668 Y176.447 E.02666
G1 X176.122 Y177.052 E.02759
;WIDTH:0.473719
G1 X175.961 Y177.349 E.01212
;WIDTH:0.511742
G3 X175.511 Y178.176 I-97.016 J-52.315 E.03669
;WIDTH:0.452173
G1 X175.358 Y178.505 E.01235
;WIDTH:0.419357
G1 X175.293 Y178.712 E.00677
;WIDTH:0.385465
G1 X175.229 Y178.918 E.00616
;WIDTH:0.389994
G1 X175.235 Y178.988 E.00202
;WIDTH:0.432944
G1 X175.241 Y179.057 E.00227
;WIDTH:0.475894
G1 X175.248 Y179.127 E.00252
;WIDTH:0.518844
G1 X175.254 Y179.197 E.00277
;WIDTH:0.561794
G1 X175.261 Y179.267 E.00302
;WIDTH:0.604743
G1 X175.267 Y179.336 E.00327
;WIDTH:0.60529
G1 X175.313 Y179.281 E.00335
;WIDTH:0.563432
G1 X175.359 Y179.226 E.0031
;WIDTH:0.521574
G1 X175.405 Y179.171 E.00285
;WIDTH:0.479717
G1 X175.45 Y179.116 E.0026
;WIDTH:0.437859
G1 X175.496 Y179.061 E.00235
;WIDTH:0.408363
G1 X175.542 Y179.006 E.00218
G1 X175.779 Y178.541 E.01586
;WIDTH:0.467983
G1 X175.955 Y178.288 E.0109
;WIDTH:0.499548
G1 X176.131 Y178.035 E.01171
G1 X176.682 Y177.576 E.02722
;WIDTH:0.449999
G1 X177.248 Y177.19 E.02319
G1 X177.423 Y177.097 E.00672
G1 X177.793 Y177.374 F24000
;WIDTH:0.449999
G1 F4450
G1 X177.992 Y176.801 E.02053
G1 X178.278 Y176.369 E.01755
G1 X179.066 Y175.566 E.03805
G1 X179.309 Y175.383 E.01031
G1 X179.786 Y175.141 E.01811
G1 X179.919 Y175.096 E.00473
G1 X179.561 Y174.739 E.01711
G1 X178.691 Y174.885 E.02987
G1 X177.856 Y175.175 E.02991
G1 X177.082 Y175.6 E.02991
G1 X176.389 Y176.149 E.02991
G1 X175.797 Y176.805 E.02991
G1 X175.323 Y177.55 E.02991
G1 X174.98 Y178.365 E.02991
G1 X174.778 Y179.225 E.02991
G1 X174.722 Y180.106 E.02991
G1 X174.744 Y180.32 E.00726
G3 X175.498 Y181.039 I-6.737 J7.828 E.03528
G1 X175.497 Y180.498 E.01831
G1 X175.597 Y179.892 E.02076
G1 X175.813 Y179.293 E.02155
G1 X176.062 Y178.856 E.01704
G1 X176.474 Y178.327 E.02269
G1 X176.949 Y177.883 E.02199
G1 X177.468 Y177.533 E.02121
G1 X177.757 Y177.391 E.01088
G1 X178.149 Y177.66 F24000
;WIDTH:0.450613
G1 F4450
G1 X178.296 Y177.127 E.01872
G1 X178.543 Y176.687 E.01709
G1 X179.312 Y175.892 E.0375
G1 X179.493 Y175.746 E.00791
G1 X179.97 Y175.503 E.01814
G1 X180.464 Y175.408 E.01703
G1 X180.712 Y175.427 E.00844
G1 X180.876 Y175.478 E.00582
G1 X179.802 Y174.404 E.05148
G1 X179.802 Y174.324 E.00273
G2 X178.526 Y174.512 I.692 J9.106 E.04378
G1 X177.691 Y174.802 E.02997
G1 X176.856 Y175.26 E.03227
G1 X176.11 Y175.851 E.03227
G1 X175.472 Y176.558 E.03227
G1 X174.961 Y177.361 E.03227
G1 X174.592 Y178.238 E.03227
G1 X174.374 Y179.165 E.03227
G1 X174.313 Y180.115 E.03227
G1 X174.365 Y180.612 E.01695
G1 X174.49 Y180.606 E.00425
G1 X176.087 Y182.203 E.07657
G1 X176.455 Y182.545 E.01703
G1 X176.214 Y182.104 E.01703
G1 X176.016 Y181.606 E.01817
G1 X175.909 Y181.081 E.01818
G1 X175.904 Y180.496 E.01982
G1 X175.997 Y179.966 E.01826
G1 X176.193 Y179.437 E.01911
G1 X176.476 Y178.958 E.01887
G1 X176.881 Y178.481 E.0212
G1 X177.282 Y178.136 E.01796
G1 X177.743 Y177.842 E.01851
G1 X178.113 Y177.676 E.01376
G1 E-.48291 F2100
;WIPE_START
G1 F6622.643
G1 X177.743 Y177.842 E-.12867
G1 X177.282 Y178.136 E-.1731
G1 X177.246 Y178.167 E-.01532
;WIPE_END
G1 X181.506 Y175.92 F24000
G1 E.8 F4800
;WIDTH:0.38292
G1 F4450
G1 X184.039 Y178.426 E.10075
G1 E-.53556 F2100
;WIPE_START
G1 F7941.176
G1 X183.328 Y177.723 E-.26444
;WIPE_END
G1 X185.667 Y178.254 F24000
G1 E.8 F4800
;WIDTH:0.450003
G1 F4450
G1 X182.043 Y174.631 E.17347
G2 X181.225 Y174.387 I-2.075 J5.488 E.02894
G1 X185.615 Y178.778 E.21017
G1 X185.624 Y178.824 E.0016
G1 X185.597 Y179.048 E.00762
G1 X185.411 Y179.15 E.00718
G1 X180.343 Y174.082 E.24262
G1 E-.48338 F2100
;WIPE_START
G1 F6632.553
G1 X181.05 Y174.789 E-.31662
;WIPE_END
G1 X185.225 Y179.54 F24000
G1 E.8 F4800
M204 P2500
;TYPE:Gap infill
;WIDTH:0.446666
G1 F4450
G1 X184.465 Y178.779 E.03612
G1 X184.373 Y178.652 E.00525
;WIDTH:0.37249
G1 X184.176 Y178.42 E.00835
;WIDTH:0.366603
G1 X181.571 Y175.841 E.09865
;WIDTH:0.408881
G1 X181.366 Y175.67 E.00811
;WIDTH:0.451188
G1 X180.011 Y174.317 E.065
G1 X179.726 Y174.192 E.01057
G1 E-.48246 F2100
;WIPE_START
G1 F6613.315
G1 X180.011 Y174.317 E-.09886
G1 X180.499 Y174.804 E-.21868
;WIPE_END
G1 X180.844 Y175.682 F24000
G1 E.8 F4800
M204 P1500
;TYPE:Bridge
;WIDTH:0.429646
G1 F3000
G1 X184.033 Y178.811 E.14366
G1 X184.097 Y178.928 E.0043
G1 X184.21 Y179.211 E.0098
G1 X184.249 Y179.396 E.00608
G1 X184.255 Y179.569 E.00556
G1 X180.417 Y175.805 E.17285
G1 X180.193 Y175.846 E.00732
G1 X179.988 Y175.925 E.00709
G1 X184.143 Y180.001 E.18718
G1 X184.063 Y180.179 E.00627
G1 X183.947 Y180.35 E.00666
G1 X179.642 Y176.128 E.19387
G1 X179.369 Y176.401 E.01244
G1 X183.679 Y180.629 E.19415
G1 X183.408 Y180.905 E.01244
G1 X179.098 Y176.678 E.19415
G1 X178.832 Y176.959 E.01244
G1 X183.124 Y181.168 E.19332
G1 X182.949 Y181.279 E.00665
G1 X182.766 Y181.359 E.00643
G1 X178.642 Y177.314 E.18577
G1 X178.573 Y177.515 E.00685
G1 X178.538 Y177.754 E.00775
G1 X182.278 Y181.422 E.16843
G1 X181.854 Y181.399 E.01365
G1 X181.877 Y181.571 E.00558
G1 X178.271 Y178.033 E.16246
G1 X177.898 Y178.209 E.01326
G1 X181.895 Y182.13 E.18005
G1 X181.846 Y182.308 E.00594
G1 X181.749 Y182.528 E.00774
G1 X177.563 Y178.422 E.18855
G1 X177.26 Y178.667 E.01252
G1 X181.522 Y182.847 E.19196
G1 X181.23 Y183.102 E.01247
G1 X176.99 Y178.944 E.19097
G1 X176.753 Y179.253 E.01253
G1 X180.909 Y183.329 E.18719
G1 X180.553 Y183.522 E.01302
G1 X176.554 Y179.6 E.18009
G1 X176.453 Y179.838 E.00833
G1 X176.402 Y179.992 E.00522
G1 X180.15 Y183.668 E.16881
G1 X179.896 Y183.729 E.0084
G1 X179.691 Y183.76 E.00667
G1 X176.308 Y180.442 E.15238
G1 X176.288 Y180.744 E.00973
G1 X176.297 Y180.972 E.00736
G1 X179.147 Y183.768 E.12837
G1 X178.745 Y183.703 E.01309
G1 X178.431 Y183.607 E.01058
G1 X176.195 Y181.414 E.10069
G1 E-.16 F2100
;WIPE_START
G1 F3000
G1 X176.909 Y182.114 E-.64
;WIPE_END
G1 X183.115 Y175.32 F24000
G1 E.8 F4800
M204 P4000
;TYPE:Internal solid infill
;WIDTH:0.600261
G1 F4450
M106 S0
G1 X183.348 Y175.528 E.01449
;WIDTH:0.636009
G1 X183.581 Y175.736 E.01542
;WIDTH:0.680372
G1 F4235.618
G1 X183.815 Y175.944 E.01657
G1 X184.43 Y176.593 E.04739
; stop printing object obj_2_MOLD.stl id:0 copy 0
M106 S38
;LAYER_CHANGE
;Z:0.8
;HEIGHT:0.2
;BEFORE_LAYER_CHANGE
G92 E0.0
;0.8
G1 E-.3042 F2100
;WIPE_START
G1 F4235.618
G1 X183.815 Y175.944 E-.44332
G1 X183.736 Y175.874 E-.05247
;WIPE_END
M486 S-1
;AFTER_LAYER_CHANGE
;0.8
;_SET_FAN_SPEED_CHANGING_LAYER
; printing object obj_2_MOLD.stl id:0 copy 0
M486 S0
G1 X184.953 Y174.744 Z.8 F24000
G1 E.8 F4800
M204 P2500
;TYPE:Outer wall
;WIDTH:0.452146
G1 F3093
G1 X185.345 Y175.143 E.01903
;WIDTH:0.452549
G3 X186.014 Y175.996 I-6.15 J5.507 E.03696
;WIDTH:0.449912
G1 X186.323 Y176.504 E.02013
;WIDTH:0.451686
G3 X186.79 Y177.536 I-6.96 J3.775 E.03852
;WIDTH:0.451431
G1 X186.96 Y178.069 E.01901
;WIDTH:0.451906
G1 X187.087 Y178.613 E.01901
;WIDTH:0.452284
G1 X187.173 Y179.166 E.01902
;WIDTH:0.452566
G1 X187.216 Y179.723 E.01903
;WIDTH:0.452751
G3 X186.786 Y182.467 I-7.54 J.227 E.09519
;WIDTH:0.452517
G1 X186.576 Y182.985 E.01903
;WIDTH:0.452216
G3 X186.052 Y183.944 I-6.945 J-3.167 E.03723
;WIDTH:0.449973
G3 X184.95 Y185.263 I-6.785 J-4.552 E.05828
;WIDTH:0.450731
G1 X184.529 Y185.627 E.01888
;WIDTH:0.451324
G1 X184.08 Y185.96 E.01898
;WIDTH:0.451819
G1 X183.606 Y186.257 E.019
;WIDTH:0.453334
G3 X182.599 Y186.737 I-3.905 J-6.895 E.03813
;WIDTH:0.452721
G1 X182.069 Y186.918 E.01906
;WIDTH:0.452827
G3 X179.863 Y187.22 I-2.073 J-6.943 E.0762
;WIDTH:0.452565
G1 X179.304 Y187.188 E.01905
;WIDTH:0.453104
G3 X178.204 Y186.996 I.817 J-7.924 E.03811
;WIDTH:0.45143
G1 X177.714 Y186.853 E.01735
;WIDTH:0.449346
G1 X177.206 Y186.661 E.01834
;WIDTH:0.449906
G3 X176.101 Y186.082 I2.695 J-6.485 E.04228
;WIDTH:0.451224
G3 X175.203 Y185.401 I4.199 J-6.472 E.03829
;WIDTH:0.452542
G3 X174.466 Y184.639 I5.285 J-5.845 E.03613
;WIDTH:0.452688
G1 X174.124 Y184.197 E.01904
;WIDTH:0.452815
G1 X173.818 Y183.73 E.01905
;WIDTH:0.45358
G3 X173.316 Y182.733 I6.644 J-3.966 E.03815
;WIDTH:0.452611
G3 X172.974 Y181.669 I6.795 J-2.769 E.0381
;WIDTH:0.45235
G1 X172.866 Y181.121 E.01903
;WIDTH:0.451992
G1 X172.8 Y180.566 E.01901
;WIDTH:0.451536
G1 X172.776 Y180.063 E.01711
;WIDTH:0.449675
G1 X172.795 Y179.466 E.0202
;WIDTH:0.449846
G3 X172.978 Y178.302 I7.127 J.522 E.03991
;WIDTH:0.451101
G1 X173.124 Y177.788 E.01813
;WIDTH:0.451633
G1 X173.316 Y177.263 E.01899
;WIDTH:0.452069
G1 X173.549 Y176.755 E.01902
;WIDTH:0.452409
G1 X173.819 Y176.266 E.01903
;WIDTH:0.452635
G3 X174.508 Y175.312 I6.23 J3.773 E.04013
;WIDTH:0.45206
G1 X175.051 Y174.738 E.02686
M73 P47 R6
;WIDTH:0.447201
G1 X175.507 Y174.344 E.02028
;WIDTH:0.447324
G3 X176.499 Y173.682 I4.449 J5.594 E.04013
;WIDTH:0.448119
G1 X177.031 Y173.414 E.02006
;WIDTH:0.449734
G1 X177.634 Y173.175 E.02197
G1 X178.166 Y173.012 E.01881
;WIDTH:0.449858
G1 X178.744 Y172.885 E.02001
;WIDTH:0.450851
G3 X179.868 Y172.777 I1.322 J7.844 E.03836
;WIDTH:0.451775
G1 X180.427 Y172.791 E.019
;WIDTH:0.451989
G1 X180.982 Y172.845 E.01896
;WIDTH:0.453425
G3 X182.073 Y173.083 I-1.131 J7.821 E.03814
;WIDTH:0.452774
G3 X184.531 Y174.377 I-2.23 J7.216 E.09522
M73 P47 R5
;WIDTH:0.452462
G1 X184.922 Y174.718 E.01767
M204 T2500
G1 X185.683 Y174.843 F24000
;WIDTH:0.452549
G1 F3093
G3 X186.412 Y175.783 I-5.877 J5.311 E.04055
;WIDTH:0.450601
G1 X186.727 Y176.307 E.02073
;WIDTH:0.4499
G1 X187.027 Y176.92 E.02308
;WIDTH:0.448827
G1 X187.239 Y177.456 E.01948
;WIDTH:0.448629
G1 X187.416 Y178.034 E.02038
;WIDTH:0.451906
G1 X187.53 Y178.521 E.01702
;WIDTH:0.452284
G1 X187.622 Y179.109 E.02026
;WIDTH:0.452566
G1 X187.668 Y179.711 E.02057
;WIDTH:0.452751
G3 X187.211 Y182.625 I-7.985 J.24 E.10107
;WIDTH:0.452517
G1 X186.986 Y183.176 E.02027
;WIDTH:0.452216
G3 X186.412 Y184.217 I-7.079 J-3.222 E.04051
;WIDTH:0.450793
G3 X185.684 Y185.158 I-6.455 J-4.247 E.04038
;WIDTH:0.450045
G1 X185.235 Y185.611 E.02159
;WIDTH:0.449343
G1 X184.756 Y186.021 E.02132
;WIDTH:0.448741
G1 X184.268 Y186.376 E.02037
;WIDTH:0.451819
G1 X183.837 Y186.646 E.01728
;WIDTH:0.453334
G3 X182.764 Y187.159 I-3.929 J-6.842 E.04063
;WIDTH:0.452721
G1 X182.201 Y187.351 E.02028
;WIDTH:0.452827
G3 X179.851 Y187.672 I-2.202 J-7.359 E.08115
;WIDTH:0.452565
G1 X179.257 Y187.638 E.02027
;WIDTH:0.453104
G3 X178.086 Y187.432 I.78 J-7.864 E.0406
;WIDTH:0.45143
G1 X177.516 Y187.261 E.02022
;WIDTH:0.451685
G3 X176.424 Y186.791 I2.57 J-7.468 E.04045
;WIDTH:0.449906
G1 X175.857 Y186.46 E.02222
;WIDTH:0.449441
G1 X175.354 Y186.106 E.02078
;WIDTH:0.44987
G1 X174.908 Y185.742 E.01947
;WIDTH:0.452542
G3 X174.122 Y184.933 I5.152 J-5.797 E.03847
;WIDTH:0.452688
G1 X173.757 Y184.462 E.02028
;WIDTH:0.452815
G1 X173.43 Y183.965 E.02028
;WIDTH:0.45358
G3 X172.896 Y182.902 I6.716 J-4.04 E.04065
;WIDTH:0.452611
G3 X172.533 Y181.77 I7.14 J-2.914 E.04055
;WIDTH:0.45235
G1 X172.418 Y181.186 E.02026
;WIDTH:0.451992
G1 X172.349 Y180.595 E.02024
;WIDTH:0.451536
G1 X172.326 Y180 E.02022
;WIDTH:0.450982
G1 X172.348 Y179.405 E.02019
;WIDTH:0.450333
G1 X172.417 Y178.814 E.02016
;WIDTH:0.449846
G1 X172.549 Y178.168 E.0223
;WIDTH:0.448971
G1 X172.716 Y177.589 E.02036
;WIDTH:0.451633
G1 X172.896 Y177.098 E.01778
;WIDTH:0.452069
G1 X173.142 Y176.556 E.02025
;WIDTH:0.452409
G1 X173.43 Y176.035 E.02026
;WIDTH:0.452635
G3 X174.162 Y175.021 I6.511 J3.928 E.04263
;WIDTH:0.452854
G3 X175.418 Y173.845 I6.517 J5.699 E.05876
;WIDTH:0.452648
G1 X175.908 Y173.508 E.02026
;WIDTH:0.45238
G1 X176.478 Y173.183 E.02235
;WIDTH:0.452099
G1 X176.96 Y172.954 E.01817
;WIDTH:0.451897
G1 X177.515 Y172.739 E.02024
;WIDTH:0.45055
G3 X178.667 Y172.442 I2.498 J7.305 E.04037
;WIDTH:0.449858
G1 X179.282 Y172.362 E.02097
;WIDTH:0.450387
G1 X179.852 Y172.327 E.01933
;WIDTH:0.451775
G1 X180.446 Y172.339 E.02022
;WIDTH:0.451989
G1 X181.038 Y172.397 E.02024
;WIDTH:0.453425
G3 X182.201 Y172.649 I-1.084 J7.808 E.04064
;WIDTH:0.452774
G3 X184.818 Y174.027 I-2.356 J7.645 E.10138
;WIDTH:0.452462
G1 X185.266 Y174.418 E.02027
;WIDTH:0.452146
G1 X185.655 Y174.814 E.01889
M204 T5000
G1 E-.48171 F2100
;WIPE_START
G1 F6597.821
G1 X186.065 Y175.299 E-.20212
G1 X186.278 Y175.596 E-.11617
;WIPE_END
G1 X185.004 Y176.528 F24000
G1 E.8 F4800
M204 P3000
;TYPE:Inner wall
;WIDTH:0.449999
G1 F3093
G3 X186.058 Y179.368 I-5.004 J3.472 E.10363
G1 X186.089 Y179.877 E.01727
G3 X184.981 Y176.495 I-6.089 J.123 E1.17307
M204 T2500
G1 X185.356 Y176.284 F24000
M204 P2500
;TYPE:Outer wall
G1 F3093
G3 X186.484 Y179.324 I-5.356 J3.716 E.11092
G1 X186.518 Y179.869 E.01848
G3 X185.333 Y176.251 I-6.518 J.131 E1.25571
M204 T5000
G1 E-.48338 F2100
;WIPE_START
G1 F6632.618
G1 X185.648 Y176.745 E-.18553
G1 X185.84 Y177.112 E-.13109
;WIPE_END
G1 X182.923 Y184.835 F24000
G1 E.8 F4800
M204 P4000
;TYPE:Internal solid infill
;WIDTH:0.542605
G1 F3093
G1 X183.076 Y184.704 E.00836
;WIDTH:0.576451
G1 X183.229 Y184.574 E.00893
;WIDTH:0.593374
G1 X183.382 Y184.443 E.00921
G1 X183.6 Y184.04 F24000
;WIDTH:0.38053
G1 F3093
G1 X183.569 Y184.103 E.00197
;WIDTH:0.425383
G1 X183.538 Y184.165 E.00223
;WIDTH:0.470235
G1 X183.506 Y184.228 E.00249
;WIDTH:0.515088
G1 X183.475 Y184.291 E.00276
;WIDTH:0.559941
G1 X183.444 Y184.354 E.00302
;WIDTH:0.604794
G1 X183.413 Y184.417 E.00328
G1 X183.481 Y184.391 E.00342
;WIDTH:0.559941
G1 X183.55 Y184.365 E.00315
;WIDTH:0.515088
G1 X183.618 Y184.339 E.00288
;WIDTH:0.470235
G1 X183.687 Y184.313 E.0026
;WIDTH:0.425383
G1 X183.755 Y184.287 E.00233
;WIDTH:0.355642
G1 X183.824 Y184.261 E.0019
G1 X184.417 Y183.66 E.02197
G1 X184.968 Y182.866 E.02512
G1 X185.144 Y182.493 E.01075
G1 X183.628 Y184.011 E.0558
G1 E-.55677 F2100
;WIPE_START
G1 F8633.871
G1 X184.335 Y183.304 E-.24323
;WIPE_END
G1 X181.749 Y185.668 F24000
G1 E.8 F4800
;WIDTH:0.449999
G1 F3093
G1 X185.372 Y182.045 E.17344
G1 X185.387 Y182.008 E.00133
G2 X185.612 Y181.229 I-4.53 J-1.729 E.0275
G1 X181.225 Y185.616 E.21003
G1 X181.191 Y185.625 E.00118
G3 X180.546 Y185.719 I-.882 J-3.792 E.02208
G1 X185.722 Y180.544 E.24773
G2 X185.745 Y179.945 I-3.553 J-.437 E.02031
G1 X179.945 Y185.745 E.27762
G3 X179.4 Y185.714 I-.093 J-3.263 E.01851
G1 X185.713 Y179.401 E.30223
G2 X185.638 Y178.9 I-3.019 J.196 E.01716
G1 X178.898 Y185.64 E.32263
G3 X178.434 Y185.529 I.429 J-2.822 E.01619
G1 X185.527 Y178.435 E.33956
G2 X185.386 Y178.001 I-2.655 J.627 E.01547
G1 X178 Y185.386 E.35353
G3 X177.594 Y185.217 I.806 J-2.504 E.01492
G1 X185.217 Y177.594 E.36489
G2 X185.023 Y177.212 I-2.374 J.96 E.01452
G1 X177.212 Y185.023 E.37391
G3 X176.853 Y184.806 I1.11 J-2.246 E.01421
G1 X184.808 Y176.852 E.38077
G2 X184.571 Y176.513 I-2.136 J1.241 E.01401
G1 X176.516 Y184.568 E.3856
G3 X176.198 Y184.31 I1.379 J-2.02 E.01387
G1 X184.31 Y176.198 E.38833
G2 X184.029 Y175.904 I-1.893 J1.528 E.0138
G1 X175.901 Y184.031 E.38906
G3 X175.628 Y183.729 I1.663 J-1.781 E.01381
G1 X183.728 Y175.629 E.38774
G2 X183.407 Y175.375 I-1.676 J1.785 E.01389
G1 X175.374 Y183.407 E.38451
G3 X175.141 Y183.064 I1.923 J-1.559 E.01404
M73 P48 R5
G1 X183.065 Y175.14 E.37932
G2 X182.702 Y174.928 I-1.447 J2.056 E.01426
G1 X174.929 Y182.7 E.37206
G3 X174.741 Y182.313 I2.21 J-1.316 E.01459
G1 X182.316 Y174.739 E.3626
G1 X181.903 Y174.575 E.01501
G1 X174.577 Y181.901 E.35069
G3 X174.442 Y181.461 I2.554 J-1.026 E.01561
G1 X181.462 Y174.441 E.33605
G1 X180.99 Y174.337 E.01637
G1 X174.339 Y180.988 E.31837
G3 X174.274 Y180.477 I3.009 J-.642 E.01745
G1 X180.481 Y174.271 E.29711
G1 X180.245 Y174.261 E.00798
G2 X179.922 Y174.254 I-.202 J1.92 E.01095
G1 X174.256 Y179.92 E.27123
G3 X174.297 Y179.303 I3.695 J-.062 E.02096
G1 X179.302 Y174.298 E.23958
G2 X178.6 Y174.425 I.403 J4.245 E.02418
G1 X174.427 Y178.597 E.19973
G3 X174.72 Y177.729 I6.851 J1.825 E.03103
G1 X178.053 Y174.396 E.15956
G1 X177.382 Y174.75 F24000
M204 P2500
;TYPE:Gap infill
;WIDTH:0.108567
G1 F3093
G1 X177.287 Y174.818 E.00063
;WIDTH:0.142162
G1 X177.193 Y174.885 E.00096
;WIDTH:0.178631
G1 X177.065 Y174.986 E.00184
;WIDTH:0.217975
G1 X176.936 Y175.087 E.00238
;WIDTH:0.257319
G1 X176.808 Y175.187 E.00291
;WIDTH:0.296055
G1 X176.624 Y175.344 E.00509
;WIDTH:0.334184
G1 X176.44 Y175.501 E.00586
;WIDTH:0.373057
G2 X175.428 Y176.524 I8.63 J9.559 E.03952
;WIDTH:0.317796
G1 X175.272 Y176.71 E.00554
;WIDTH:0.274892
G1 X175.116 Y176.895 E.00468
;WIDTH:0.232117
G1 X175.017 Y177.025 E.00258
;WIDTH:0.189469
G1 X174.917 Y177.155 E.002
;WIDTH:0.146821
G1 X174.817 Y177.285 E.00142
;WIDTH:0.125498
G1 X174.746 Y177.386 E.00084
; stop printing object obj_2_MOLD.stl id:0 copy 0
M106 S76
;LAYER_CHANGE
;Z:1
;HEIGHT:0.2
;BEFORE_LAYER_CHANGE
G92 E0.0
;1
G1 E-.7642 F2100
;WIPE_START
G1 F7200
G1 X174.817 Y177.285 E-.0358
;WIPE_END
M486 S-1
;AFTER_LAYER_CHANGE
;1
;_SET_FAN_SPEED_CHANGING_LAYER
; printing object obj_2_MOLD.stl id:0 copy 0
M486 S0
G1 X172.973 Y178.325 Z1 F24000
G1 E.8 F4800
;TYPE:Outer wall
;WIDTH:0.451102
G1 F3314
G1 X173.124 Y177.788 E.01893
;WIDTH:0.451633
G1 X173.316 Y177.263 E.019
;WIDTH:0.45207
G1 X173.549 Y176.755 E.01902
;WIDTH:0.452409
G1 X173.819 Y176.266 E.01903
;WIDTH:0.453958
G1 X174.128 Y175.801 E.01906
G1 X174.634 Y175.165 E.02779
;WIDTH:0.446168
G1 X175.051 Y174.739 E.02
;WIDTH:0.447499
G3 X175.989 Y173.992 I4.871 J5.156 E.04035
;WIDTH:0.447324
G1 X176.499 Y173.682 E.02009
;WIDTH:0.44817
G1 X177.031 Y173.414 E.02006
;WIDTH:0.450413
G3 X178.166 Y173.012 I3.004 J6.672 E.04085
;WIDTH:0.449862
G3 X179.326 Y172.808 I1.791 J6.773 E.03991
;WIDTH:0.450428
G1 X179.857 Y172.777 E.018
;WIDTH:0.451859
G1 X180.428 Y172.791 E.01942
;WIDTH:0.45199
G1 X180.982 Y172.845 E.01895
;WIDTH:0.453804
G3 X182.072 Y173.082 I-1.187 J8.082 E.03813
;WIDTH:0.452269
G1 X182.674 Y173.292 E.02172
;WIDTH:0.451787
G1 X183.437 Y173.647 E.0286
;WIDTH:0.447982
G1 X183.891 Y173.914 E.01775
;WIDTH:0.447113
G1 X184.38 Y174.257 E.02007
;WIDTH:0.447803
G3 X185.264 Y175.053 I-4.291 J5.652 E.04011
;WIDTH:0.448323
G1 X185.654 Y175.504 E.0201
;WIDTH:0.448855
G1 X186.006 Y175.985 E.02012
;WIDTH:0.449913
G3 X186.585 Y177.027 I-5.92 J3.97 E.04037
;WIDTH:0.450541
G1 X186.786 Y177.523 E.01816
;WIDTH:0.45173
G1 X186.96 Y178.071 E.01952
;WIDTH:0.451905
G1 X187.087 Y178.613 E.01895
;WIDTH:0.452283
G1 X187.173 Y179.166 E.01902
;WIDTH:0.452566
G1 X187.216 Y179.723 E.01903
;WIDTH:0.452751
G3 X187.172 Y180.839 I-7.241 J.274 E.0381
;WIDTH:0.453771
G3 X186.958 Y181.934 I-7.853 J-.965 E.03816
;WIDTH:0.452518
G3 X186.576 Y182.985 I-7.113 J-1.991 E.0381
;WIDTH:0.452215
G1 X186.326 Y183.484 E.01902
;WIDTH:0.45182
G1 X186.038 Y183.964 E.019
;WIDTH:0.451321
G1 X185.739 Y184.388 E.01762
;WIDTH:0.450044
G3 X184.95 Y185.263 I-5.713 J-4.362 E.03993
;WIDTH:0.450731
G3 X184.079 Y185.962 I-5.098 J-5.456 E.03794
;WIDTH:0.452227
G3 X183.111 Y186.517 I-4.284 J-6.356 E.03797
;WIDTH:0.452516
G1 X182.598 Y186.737 E.01903
;WIDTH:0.452721
G1 X182.069 Y186.918 E.01904
;WIDTH:0.452827
G3 X180.977 Y187.154 I-2.074 J-6.944 E.03812
G1 X180.077 Y187.223 E.03075
;WIDTH:0.447423
G1 X179.476 Y187.205 E.02024
;WIDTH:0.44773
G1 X178.884 Y187.137 E.02007
;WIDTH:0.448139
G1 X178.299 Y187.021 E.02009
;WIDTH:0.448634
G1 X177.726 Y186.857 E.02011
;WIDTH:0.45221
G3 X176.628 Y186.39 I2.678 J-7.817 E.04066
;WIDTH:0.450604
G1 X176.142 Y186.107 E.01905
;WIDTH:0.451214
G1 X175.682 Y185.79 E.01897
;WIDTH:0.451724
G1 X175.247 Y185.438 E.01901
;WIDTH:0.452146
G1 X174.841 Y185.053 E.01902
;WIDTH:0.452466
G1 X174.466 Y184.639 E.01903
;WIDTH:0.452686
G1 X174.124 Y184.197 E.01904
;WIDTH:0.452815
G3 X173.125 Y182.207 I5.898 J-4.209 E.07622
;WIDTH:0.452626
G1 X172.876 Y181.19 E.03566
;WIDTH:0.448827
G1 X172.806 Y180.659 E.01808
;WIDTH:0.448527
G1 X172.776 Y180.075 E.01971
;WIDTH:0.449629
G3 X172.853 Y178.948 I6.945 J-.09 E.03824
;WIDTH:0.450557
G1 X172.965 Y178.364 E.02016
M204 T2500
G1 X172.549 Y178.168 F24000
;WIDTH:0.448969
G1 F3314
G1 X172.716 Y177.589 E.02036
;WIDTH:0.451633
G1 X172.896 Y177.098 E.01778
;WIDTH:0.45207
G1 X173.142 Y176.556 E.02025
;WIDTH:0.452409
G1 X173.43 Y176.035 E.02026
;WIDTH:0.453958
G3 X174.072 Y175.128 I6.677 J4.047 E.03801
;WIDTH:0.452788
G3 X175.014 Y174.168 I5.805 J4.753 E.04591
;WIDTH:0.452656
G3 X175.908 Y173.509 I4.892 J5.694 E.03787
;WIDTH:0.452373
G1 X176.494 Y173.175 E.02294
;WIDTH:0.452107
G1 X176.96 Y172.954 E.01758
;WIDTH:0.451989
G1 X177.515 Y172.739 E.02025
;WIDTH:0.45047
G3 X178.668 Y172.442 I2.501 J7.317 E.04036
;WIDTH:0.449862
G1 X179.282 Y172.362 E.02096
;WIDTH:0.450428
G1 X179.852 Y172.327 E.01934
;WIDTH:0.451859
G1 X180.446 Y172.339 E.02022
;WIDTH:0.45199
G1 X181.038 Y172.397 E.02023
;WIDTH:0.453804
G3 X182.2 Y172.649 I-1.1 J7.881 E.04066
;WIDTH:0.452269
G1 X182.837 Y172.871 E.02294
;WIDTH:0.453905
G3 X183.837 Y173.354 I-2.886 J7.246 E.038
;WIDTH:0.452653
G3 X184.878 Y174.077 I-3.789 J6.565 E.04323
;WIDTH:0.452264
G1 X185.266 Y174.418 E.01758
;WIDTH:0.452151
G1 X185.683 Y174.843 E.02026
;WIDTH:0.451728
G1 X186.066 Y175.299 E.02023
;WIDTH:0.451213
G1 X186.412 Y175.783 E.02021
;WIDTH:0.450602
G1 X186.72 Y176.292 E.02018
;WIDTH:0.45019
G1 X186.987 Y176.824 E.02016
;WIDTH:0.450541
G3 X187.416 Y178.031 I-6.762 J3.082 E.04346
;WIDTH:0.451905
G1 X187.53 Y178.521 E.01712
;WIDTH:0.452283
G1 X187.622 Y179.109 E.02026
;WIDTH:0.452566
G1 X187.668 Y179.711 E.02057
;WIDTH:0.452751
G3 X187.622 Y180.891 I-7.62 J.292 E.04027
;WIDTH:0.453771
G3 X187.393 Y182.058 I-7.834 J-.93 E.04067
;WIDTH:0.452518
G3 X186.986 Y183.176 I-7.443 J-2.076 E.04055
;WIDTH:0.452215
G1 X186.719 Y183.707 E.02025
;WIDTH:0.45182
G1 X186.412 Y184.217 E.02023
;WIDTH:0.451321
G1 X186.066 Y184.701 E.02021
;WIDTH:0.45073
G1 X185.691 Y185.149 E.01981
;WIDTH:0.450045
G3 X184.779 Y186.003 I-5.516 J-4.972 E.04233
;WIDTH:0.450549
G1 X184.341 Y186.329 E.01851
;WIDTH:0.452227
G3 X183.31 Y186.923 I-4.407 J-6.455 E.04052
;WIDTH:0.452516
G1 X182.764 Y187.159 E.02027
;WIDTH:0.452721
G1 X182.201 Y187.351 E.02028
;WIDTH:0.452827
G3 X180.524 Y187.655 I-2.378 J-8.345 E.05817
;WIDTH:0.452547
G3 X179.257 Y187.638 I-.53 J-7.586 E.04322
;WIDTH:0.452284
G1 X178.667 Y187.557 E.02026
;WIDTH:0.451905
G1 X178.086 Y187.432 E.02023
;WIDTH:0.451431
G1 X177.516 Y187.261 E.02022
;WIDTH:0.45221
G3 X176.423 Y186.79 I2.61 J-7.559 E.04052
;WIDTH:0.449913
G1 X175.849 Y186.453 E.02255
;WIDTH:0.448857
G1 X175.355 Y186.107 E.02036
;WIDTH:0.451724
G1 X174.954 Y185.782 E.01753
;WIDTH:0.452146
G1 X174.521 Y185.373 E.02025
;WIDTH:0.452466
G1 X174.122 Y184.933 E.02026
;WIDTH:0.452686
G1 X173.757 Y184.462 E.02028
;WIDTH:0.452815
G3 X172.693 Y182.343 I6.25 J-4.466 E.08116
;WIDTH:0.452626
G1 X172.554 Y181.854 E.01731
;WIDTH:0.451291
G1 X172.418 Y181.185 E.02317
;WIDTH:0.451536
G3 X172.326 Y180 I7.644 J-1.191 E.04043
;WIDTH:0.450982
G1 X172.348 Y179.405 E.02019
;WIDTH:0.451717
G3 X172.539 Y178.207 I7.64 J.603 E.04128
M204 T5000
G1 E-.48205 F2100
;WIPE_START
G1 F6604.745
G1 X172.716 Y177.589 E-.20442
G1 X172.839 Y177.254 E-.11353
;WIPE_END
G1 X174.136 Y178.358 F24000
G1 E.8 F4800
M204 P3000
;TYPE:Inner wall
;WIDTH:0.449999
G1 F3314
G3 X186.058 Y179.368 I5.865 J1.642 E.56993
G1 X186.089 Y179.877 E.01726
G3 X174.125 Y178.396 I-6.089 J.123 E.70673
M204 T2500
G1 X173.723 Y178.242 F24000
M204 P2500
;TYPE:Outer wall
G1 F3314
G3 X186.484 Y179.324 I6.277 J1.758 E.61004
G1 X186.518 Y179.869 E.01848
G3 X173.712 Y178.281 I-6.518 J.131 E.75657
M204 T5000
G1 E-.48338 F2100
;WIPE_START
G1 F6632.618
G1 X173.892 Y177.723 E-.18553
G1 X174.052 Y177.341 E-.13109
;WIPE_END
G1 X185.075 Y176.931 F24000
G1 E.8 F4800
M204 P1500
;TYPE:Top surface
;WIDTH:0.426902
G1 F3314
G1 X183.073 Y174.929 E.09039
G1 X182.025 Y174.425 F24000
G1 F3314
G1 X185.571 Y177.971 E.1601
G1 X185.796 Y178.738 F24000
G1 F3314
G1 X181.265 Y174.207 E.20458
G1 X180.616 Y174.101 F24000
G1 F3314
G1 X185.897 Y179.382 E.23846
G1 X185.93 Y179.958 F24000
G1 F3314
G1 X180.039 Y174.067 E.266
G1 X179.514 Y174.086 F24000
M73 P49 R5
G1 F3314
G1 X185.911 Y180.482 E.28881
G1 X185.851 Y180.965 F24000
G1 F3314
G1 X179.031 Y174.146 E.30793
G1 X178.582 Y174.24 F24000
G1 F3314
G1 X185.758 Y181.416 E.32402
G1 X185.637 Y181.838 F24000
G1 F3314
G1 X178.161 Y174.362 E.33758
G1 X177.764 Y174.508 F24000
G1 F3314
G1 X185.492 Y182.236 E.34893
G1 X185.325 Y182.612 F24000
G1 F3314
G1 X177.39 Y174.676 E.35832
G1 X177.035 Y174.864 F24000
G1 F3314
G1 X185.139 Y182.968 E.36592
G1 X184.928 Y183.3 F24000
G1 F3314
G1 X176.698 Y175.07 E.37161
G1 X176.383 Y175.299 F24000
G1 F3314
G1 X184.7 Y183.615 E.37552
G1 X184.455 Y183.914 F24000
G1 F3314
G1 X176.087 Y175.545 E.37786
G1 X175.806 Y175.808 F24000
G1 F3314
G1 X184.194 Y184.196 E.37873
G1 X183.914 Y184.458 F24000
G1 F3314
G1 X175.542 Y176.087 E.378
G1 X175.296 Y176.384 F24000
G1 F3314
G1 X183.614 Y184.702 E.37557
G1 X183.297 Y184.928 F24000
G1 F3314
G1 X175.071 Y176.702 E.37142
G1 X174.864 Y177.038 F24000
G1 F3314
G1 X182.963 Y185.137 E.36572
G1 X182.611 Y185.328 F24000
G1 F3314
G1 X174.675 Y177.392 E.35836
G1 X174.505 Y177.765 F24000
G1 F3314
G1 X182.235 Y185.495 E.34903
G1 X181.836 Y185.639 F24000
G1 F3314
G1 X174.358 Y178.161 E.33767
G1 X174.239 Y178.585 F24000
G1 F3314
G1 X181.413 Y185.759 E.32392
G1 X180.962 Y185.851 F24000
G1 F3314
G1 X174.148 Y179.037 E.30768
G1 X174.088 Y179.52 F24000
G1 F3314
G1 X180.478 Y185.91 E.28851
G1 X179.954 Y185.929 F24000
G1 F3314
G1 X174.068 Y180.044 E.26576
G1 X174.098 Y180.616 F24000
G1 F3314
G1 X179.38 Y185.898 E.23851
G1 X178.736 Y185.797 F24000
G1 F3314
G1 X174.207 Y181.269 E.20448
G1 X174.425 Y182.029 F24000
G1 F3314
G1 X177.966 Y185.57 E.15989
G1 X176.932 Y185.079 F24000
G1 F3314
G1 X174.932 Y183.079 E.09033
G1 X175.015 Y182.995 F24000
M204 P2500
;TYPE:Gap infill
;WIDTH:0.170698
G1 F3314
G1 X174.948 Y182.911 E.00114
;WIDTH:0.146712
G1 X174.866 Y182.798 E.00121
;WIDTH:0.127198
G1 X174.783 Y182.686 E.00098
G1 E-.75917 F2100
;WIPE_START
G1 F7200
G1 X174.866 Y182.798 E-.04083
;WIPE_END
G1 X177.319 Y185.222 F24000
G1 E.8 F4800
;WIDTH:0.108614
G1 F3314
G1 X177.168 Y185.108 E.00103
;WIDTH:0.129059
G1 X177.017 Y184.995 E.00135
G1 E-.74491 F2100
;WIPE_START
G1 F7200
G1 X177.168 Y185.108 E-.05509
;WIPE_END
G1 X185.23 Y177.331 F24000
G1 E.8 F4800
;WIDTH:0.0935331
G1 F3314
G1 X185.199 Y177.287 E.00023
;WIDTH:0.117078
G1 X185.095 Y177.151 E.00106
;WIDTH:0.135257
G1 X184.99 Y177.015 E.00132
G1 E-.75003 F2100
;WIPE_START
G1 F7200
G1 X185.095 Y177.151 E-.04997
;WIPE_END
G1 X182.989 Y175.013 F24000
G1 E.8 F4800
;WIDTH:0.155645
G1 F3314
G1 X182.82 Y174.88 E.00202
;WIDTH:0.125096
G1 X182.676 Y174.777 E.00121
; stop printing object obj_2_MOLD.stl id:0 copy 0
M106 S127
;LAYER_CHANGE
;Z:1.2
;HEIGHT:0.2
;BEFORE_LAYER_CHANGE
G92 E0.0
;1.2
G1 E-.74855 F2100
;WIPE_START
G1 F7200
G1 X182.82 Y174.88 E-.05145
;WIPE_END
M486 S-1
;AFTER_LAYER_CHANGE
;1.2
;_SET_FAN_SPEED_CHANGING_LAYER
; printing object obj_2_MOLD.stl id:0 copy 0
M486 S0
G1 X182.845 Y173.359 Z1.2 F24000
G1 E.8 F4800
;TYPE:Outer wall
;WIDTH:0.449815
G1 F900
G3 X183.372 Y173.61 I-2.831 J6.615 E.01978
;WIDTH:0.450603
G1 X183.858 Y173.893 E.01905
;WIDTH:0.451212
G1 X184.319 Y174.21 E.01898
;WIDTH:0.451726
G1 X184.753 Y174.562 E.019
;WIDTH:0.452144
G1 X185.159 Y174.947 E.01902
;WIDTH:0.452464
G1 X185.534 Y175.361 E.01903
;WIDTH:0.452686
G1 X185.876 Y175.803 E.01904
;WIDTH:0.452812
G3 X186.875 Y177.793 I-5.898 J4.209 E.0762
M73 P50 R5
;WIDTH:0.45261
G1 X187.026 Y178.331 E.01904
;WIDTH:0.452348
G1 X187.134 Y178.879 E.01903
;WIDTH:0.451989
G1 X187.2 Y179.434 E.01901
;WIDTH:0.451534
G1 X187.224 Y179.937 E.01711
;WIDTH:0.449674
G1 X187.205 Y180.534 E.0202
;WIDTH:0.449846
G3 X187.022 Y181.698 I-7.127 J-.523 E.03991
;WIDTH:0.4511
G1 X186.876 Y182.212 E.01813
;WIDTH:0.451633
G1 X186.684 Y182.737 E.019
;WIDTH:0.452068
G1 X186.451 Y183.245 E.01902
;WIDTH:0.452407
G1 X186.181 Y183.734 E.01903
;WIDTH:0.452649
G1 X185.873 Y184.201 E.01904
;WIDTH:0.452795
G3 X184.314 Y185.791 I-5.891 J-4.218 E.0762
;WIDTH:0.452649
G1 X183.853 Y186.107 E.01904
;WIDTH:0.452409
G1 X183.37 Y186.387 E.01903
;WIDTH:0.452068
G1 X182.866 Y186.629 E.01902
;WIDTH:0.451632
G1 X182.345 Y186.832 E.019
;WIDTH:0.451099
G1 X181.834 Y186.988 E.01813
;WIDTH:0.449845
G3 X180.674 Y187.193 I-1.821 J-6.91 E.03991
;WIDTH:0.45098
G1 X180.133 Y187.222 E.01838
;WIDTH:0.451538
G1 X179.573 Y187.21 E.01902
G1 X178.888 Y187.137 E.02343
;WIDTH:0.44768
G3 X177.728 Y186.857 I1.079 J-7.016 E.0402
;WIDTH:0.447423
G1 X177.162 Y186.643 E.02035
;WIDTH:0.447059
G3 X176.109 Y186.086 I2.841 J-6.648 E.04007
;WIDTH:0.447278
G1 X175.62 Y185.745 E.02004
;WIDTH:0.447598
G1 X175.165 Y185.367 E.01991
;WIDTH:0.447884
G1 X174.736 Y184.947 E.02022
;WIDTH:0.448324
G1 X174.345 Y184.496 E.0201
;WIDTH:0.448856
G1 X173.994 Y184.015 E.02012
;WIDTH:0.449912
G3 X173.415 Y182.973 I5.919 J-3.969 E.04037
;WIDTH:0.450861
G1 X173.21 Y182.464 E.01863
;WIDTH:0.451432
G1 X173.04 Y181.931 E.01899
;WIDTH:0.451906
G1 X172.913 Y181.387 E.01901
;WIDTH:0.452285
G1 X172.827 Y180.834 E.01902
;WIDTH:0.452567
G1 X172.784 Y180.277 E.01903
;WIDTH:0.452751
G3 X173.214 Y177.533 I7.54 J-.227 E.09519
;WIDTH:0.452519
G1 X173.424 Y177.015 E.01903
;WIDTH:0.452217
G1 X173.674 Y176.516 E.01902
;WIDTH:0.451821
G1 X173.962 Y176.036 E.019
;WIDTH:0.451325
G1 X174.253 Y175.623 E.01717
;WIDTH:0.450046
G3 X175.05 Y174.737 I5.702 J4.332 E.04038
;WIDTH:0.450733
G1 X175.471 Y174.373 E.01889
;WIDTH:0.451325
G1 X175.92 Y174.04 E.01898
;WIDTH:0.45182
G1 X176.394 Y173.743 E.019
;WIDTH:0.452217
G1 X176.888 Y173.483 E.01902
;WIDTH:0.452517
G1 X177.402 Y173.263 E.01904
;WIDTH:0.45272
G1 X177.931 Y173.082 E.01904
;WIDTH:0.452827
G3 X180.137 Y172.78 I2.073 J6.943 E.0762
;WIDTH:0.452564
G1 X180.695 Y172.812 E.01904
;WIDTH:0.452285
G1 X181.249 Y172.887 E.01903
;WIDTH:0.451906
G1 X181.796 Y173.004 E.01901
;WIDTH:0.45143
G1 X182.287 Y173.147 E.01737
;WIDTH:0.449815
G3 X182.808 Y173.343 I-2.272 J6.827 E.01886
M204 T2500
G1 X183.577 Y173.21 F24000
;WIDTH:0.449912
G1 F900
G1 X184.127 Y173.53 E.02154
;WIDTH:0.449404
G1 X184.645 Y173.893 E.0214
;WIDTH:0.451726
G1 X185.046 Y174.218 E.01753
;WIDTH:0.452144
G1 X185.479 Y174.627 E.02025
;WIDTH:0.452464
G1 X185.878 Y175.067 E.02026
;WIDTH:0.452686
G1 X186.243 Y175.538 E.02028
;WIDTH:0.452812
G3 X187.307 Y177.657 I-6.25 J4.466 E.08115
;WIDTH:0.45261
G1 X187.467 Y178.23 E.02027
;WIDTH:0.452348
G1 X187.582 Y178.814 E.02026
;WIDTH:0.451989
G1 X187.651 Y179.414 E.02054
;WIDTH:0.451534
G1 X187.674 Y180 E.01992
;WIDTH:0.450981
G1 X187.652 Y180.595 E.02019
;WIDTH:0.450331
G1 X187.583 Y181.186 E.02016
;WIDTH:0.449846
G1 X187.451 Y181.832 E.0223
;WIDTH:0.448974
G1 X187.284 Y182.411 E.02035
;WIDTH:0.451633
G1 X187.104 Y182.902 E.01779
;WIDTH:0.452068
G1 X186.858 Y183.444 E.02025
;WIDTH:0.452407
G1 X186.57 Y183.965 E.02026
;WIDTH:0.452649
G1 X186.243 Y184.462 E.02027
;WIDTH:0.452795
G3 X184.582 Y186.155 I-6.248 J-4.468 E.08114
;WIDTH:0.452649
G1 X184.092 Y186.492 E.02028
;WIDTH:0.452409
G1 X183.576 Y186.79 E.02026
;WIDTH:0.452068
G1 X183.04 Y187.046 E.02025
;WIDTH:0.451632
G1 X182.484 Y187.261 E.02023
;WIDTH:0.451099
G1 X181.914 Y187.432 E.0202
;WIDTH:0.450468
G1 X181.333 Y187.558 E.02017
;WIDTH:0.449845
G1 X180.686 Y187.643 E.02206
;WIDTH:0.449096
G1 X180.085 Y187.673 E.02035
;WIDTH:0.451538
G1 X179.562 Y187.661 E.01777
;WIDTH:0.452082
G1 X179.056 Y187.614 E.01728
;WIDTH:0.452304
G1 X178.375 Y187.5 E.02352
;WIDTH:0.452612
G1 X177.799 Y187.351 E.02025
;WIDTH:0.452776
G3 X175.182 Y185.973 I2.354 J-7.642 E.10138
;WIDTH:0.452464
G1 X174.734 Y185.582 E.02027
;WIDTH:0.452146
G1 X174.317 Y185.157 E.02025
;WIDTH:0.451729
G1 X173.934 Y184.701 E.02023
;WIDTH:0.451215
G1 X173.588 Y184.217 E.02021
;WIDTH:0.450604
G1 X173.28 Y183.708 E.02017
;WIDTH:0.449912
G1 X172.994 Y183.13 E.02182
;WIDTH:0.449219
G1 X172.761 Y182.544 E.02132
;WIDTH:0.448633
G1 X172.584 Y181.966 E.02038
;WIDTH:0.451906
G1 X172.47 Y181.479 E.01702
;WIDTH:0.452285
G1 X172.378 Y180.891 E.02026
;WIDTH:0.452567
G1 X172.332 Y180.298 E.02027
;WIDTH:0.452751
G3 X172.789 Y177.375 I7.993 J-.247 E.10137
;WIDTH:0.452519
G1 X173.014 Y176.824 E.02027
;WIDTH:0.452217
G1 X173.281 Y176.293 E.02025
;WIDTH:0.451821
G1 X173.588 Y175.783 E.02023
;WIDTH:0.451325
G1 X173.934 Y175.299 E.02021
;WIDTH:0.450732
G1 X174.309 Y174.851 E.01981
;WIDTH:0.450046
G3 X175.244 Y173.979 I5.468 J4.925 E.04333
;WIDTH:0.448742
G1 X175.732 Y173.624 E.02037
;WIDTH:0.45182
G1 X176.163 Y173.354 E.01728
;WIDTH:0.452217
G1 X176.69 Y173.077 E.02025
;WIDTH:0.452517
G1 X177.236 Y172.841 E.02027
;WIDTH:0.45272
G1 X177.799 Y172.649 E.02028
;WIDTH:0.452827
G3 X180.149 Y172.328 I2.202 J7.359 E.08115
;WIDTH:0.452564
G1 X180.743 Y172.362 E.02027
;WIDTH:0.452285
G1 X181.333 Y172.443 E.02026
;WIDTH:0.451906
G1 X181.914 Y172.568 E.02024
;WIDTH:0.45143
G1 X182.484 Y172.739 E.02022
;WIDTH:0.450859
G1 X183.04 Y172.953 E.02019
;WIDTH:0.450189
G1 X183.541 Y173.192 E.0188
; stop printing object obj_2_MOLD.stl id:0 copy 0
;LAYER_CHANGE
;Z:1.4
;HEIGHT:0.2
;BEFORE_LAYER_CHANGE
G92 E0.0
;1.4
G1 E-.48324 F2100
;WIPE_START
G1 F6629.524
G1 X184.127 Y173.53 E-.21423
G1 X184.392 Y173.716 E-.10254
;WIPE_END
M486 S-1
;AFTER_LAYER_CHANGE
;1.4
;_SET_FAN_SPEED_CHANGING_LAYER
; printing object obj_2_MOLD.stl id:0 copy 0
M486 S0
G1 X184.319 Y174.21 Z1.4 F24000
G1 E.8 F4800
;WIDTH:0.451726
G1 F900
G1 X184.753 Y174.562 E.019
;WIDTH:0.452144
G1 X185.159 Y174.947 E.01902
;WIDTH:0.452464
G1 X185.534 Y175.361 E.01903
;WIDTH:0.452685
G1 X185.876 Y175.803 E.01904
;WIDTH:0.452812
G3 X186.875 Y177.793 I-5.898 J4.209 E.0762
;WIDTH:0.45261
G1 X187.026 Y178.331 E.01904
;WIDTH:0.452349
G1 X187.134 Y178.879 E.01903
;WIDTH:0.451989
G1 X187.2 Y179.434 E.01901
;WIDTH:0.451534
G1 X187.224 Y179.937 E.01711
;WIDTH:0.449674
G1 X187.205 Y180.534 E.0202
;WIDTH:0.449846
G3 X187.022 Y181.698 I-7.127 J-.523 E.03991
;WIDTH:0.4511
G1 X186.876 Y182.212 E.01813
;WIDTH:0.451633
G1 X186.684 Y182.737 E.019
;WIDTH:0.452069
G1 X186.451 Y183.245 E.01902
M73 P51 R5
;WIDTH:0.452407
G1 X186.181 Y183.734 E.01903
;WIDTH:0.452651
G1 X185.873 Y184.201 E.01904
;WIDTH:0.452796
G3 X184.314 Y185.791 I-5.891 J-4.219 E.0762
;WIDTH:0.45265
G1 X183.853 Y186.107 E.01904
;WIDTH:0.452408
G1 X183.37 Y186.387 E.01903
;WIDTH:0.452069
G1 X182.866 Y186.629 E.01902
;WIDTH:0.451633
G1 X182.345 Y186.832 E.019
;WIDTH:0.451101
G1 X181.834 Y186.988 E.01813
;WIDTH:0.449845
G3 X180.674 Y187.193 I-1.821 J-6.91 E.03991
;WIDTH:0.45098
G1 X180.133 Y187.222 E.01838
;WIDTH:0.451533
G1 X179.574 Y187.21 E.01899
;WIDTH:0.45199
G1 X179.018 Y187.155 E.01901
;WIDTH:0.452349
G1 X178.468 Y187.057 E.01903
;WIDTH:0.452612
G1 X177.927 Y186.917 E.01904
;WIDTH:0.452776
G3 X175.469 Y185.623 I2.226 J-7.207 E.0952
;WIDTH:0.447886
G1 X174.736 Y184.947 E.03358
;WIDTH:0.448799
G1 X174.338 Y184.486 E.02054
;WIDTH:0.449405
G1 X173.986 Y184.004 E.02018
;WIDTH:0.449912
G3 X173.415 Y182.973 I5.952 J-3.971 E.03992
;WIDTH:0.450861
G1 X173.21 Y182.464 E.01863
;WIDTH:0.451432
G1 X173.04 Y181.931 E.01899
;WIDTH:0.451908
G1 X172.913 Y181.387 E.01901
;WIDTH:0.452285
G1 X172.827 Y180.834 E.01902
;WIDTH:0.452567
G1 X172.784 Y180.277 E.01903
;WIDTH:0.452751
G3 X173.214 Y177.533 I7.54 J-.227 E.09519
;WIDTH:0.452519
G1 X173.424 Y177.015 E.01903
;WIDTH:0.452217
G1 X173.674 Y176.516 E.01902
;WIDTH:0.451821
G1 X173.962 Y176.036 E.019
;WIDTH:0.451324
G1 X174.261 Y175.612 E.01762
;WIDTH:0.450047
G3 X175.05 Y174.737 I5.714 J4.362 E.03993
;WIDTH:0.450733
G1 X175.471 Y174.373 E.01889
;WIDTH:0.451326
G1 X175.92 Y174.04 E.01898
;WIDTH:0.451821
G1 X176.394 Y173.743 E.019
;WIDTH:0.452216
G1 X176.889 Y173.483 E.01902
;WIDTH:0.452518
G1 X177.402 Y173.263 E.01903
;WIDTH:0.452721
G1 X177.931 Y173.082 E.01904
;WIDTH:0.452828
G3 X180.137 Y172.78 I2.073 J6.943 E.0762
;WIDTH:0.452564
G1 X180.695 Y172.812 E.01904
;WIDTH:0.452284
G1 X181.249 Y172.887 E.01902
;WIDTH:0.451906
G1 X181.796 Y173.004 E.01901
;WIDTH:0.45143
G1 X182.287 Y173.147 E.01737
;WIDTH:0.449815
G3 X183.372 Y173.61 I-2.272 J6.827 E.03999
;WIDTH:0.450604
G1 X183.858 Y173.893 E.01905
;WIDTH:0.451212
G1 X184.286 Y174.188 E.01762
G1 X184.645 Y173.893 F24000
;WIDTH:0.451726
G1 F900
G1 X185.046 Y174.218 E.01753
;WIDTH:0.452144
G1 X185.479 Y174.627 E.02025
;WIDTH:0.452464
G1 X185.878 Y175.067 E.02026
;WIDTH:0.452685
G1 X186.243 Y175.538 E.02028
;WIDTH:0.452812
G3 X187.307 Y177.657 I-6.25 J4.466 E.08115
;WIDTH:0.45261
G1 X187.467 Y178.23 E.02027
;WIDTH:0.452349
G1 X187.582 Y178.814 E.02026
;WIDTH:0.451989
G1 X187.651 Y179.414 E.02054
;WIDTH:0.451534
G1 X187.674 Y180 E.01992
;WIDTH:0.450981
G1 X187.652 Y180.595 E.02019
;WIDTH:0.450331
G1 X187.583 Y181.186 E.02016
;WIDTH:0.449846
G1 X187.451 Y181.832 E.0223
;WIDTH:0.448974
G1 X187.284 Y182.411 E.02035
;WIDTH:0.451633
G1 X187.104 Y182.902 E.01779
;WIDTH:0.452069
G1 X186.858 Y183.444 E.02025
;WIDTH:0.452407
G1 X186.57 Y183.965 E.02026
;WIDTH:0.452651
G1 X186.243 Y184.462 E.02028
;WIDTH:0.452796
G3 X184.582 Y186.155 I-6.249 J-4.468 E.08114
;WIDTH:0.45265
G1 X184.092 Y186.492 E.02028
;WIDTH:0.452408
G1 X183.576 Y186.789 E.02026
;WIDTH:0.452069
G1 X183.04 Y187.046 E.02025
;WIDTH:0.451633
G1 X182.484 Y187.261 E.02023
;WIDTH:0.451101
G1 X181.914 Y187.432 E.0202
;WIDTH:0.450468
G1 X181.333 Y187.558 E.02017
;WIDTH:0.449845
G1 X180.686 Y187.643 E.02206
;WIDTH:0.449096
G1 X180.085 Y187.673 E.02035
;WIDTH:0.451533
G1 X179.554 Y187.661 E.01804
;WIDTH:0.45199
G1 X178.962 Y187.603 E.02024
;WIDTH:0.452349
G1 X178.375 Y187.5 E.02026
;WIDTH:0.452612
G1 X177.799 Y187.351 E.02027
;WIDTH:0.452776
G3 X175.182 Y185.973 I2.354 J-7.642 E.10138
;WIDTH:0.452464
G1 X174.734 Y185.582 E.02027
;WIDTH:0.452146
G1 X174.317 Y185.157 E.02025
;WIDTH:0.45173
G1 X173.934 Y184.701 E.02023
;WIDTH:0.451214
G1 X173.588 Y184.217 E.02021
;WIDTH:0.450605
G1 X173.28 Y183.708 E.02017
;WIDTH:0.449912
G1 X172.994 Y183.13 E.02182
;WIDTH:0.449219
G1 X172.761 Y182.544 E.02132
;WIDTH:0.448633
G1 X172.584 Y181.966 E.02038
;WIDTH:0.451908
G1 X172.47 Y181.479 E.01702
;WIDTH:0.452285
G1 X172.378 Y180.891 E.02026
;WIDTH:0.452567
G1 X172.332 Y180.298 E.02027
;WIDTH:0.452751
G3 X172.789 Y177.375 I7.993 J-.247 E.10137
;WIDTH:0.452519
G1 X173.014 Y176.824 E.02027
;WIDTH:0.452217
G1 X173.281 Y176.293 E.02025
;WIDTH:0.451821
G1 X173.588 Y175.783 E.02023
;WIDTH:0.451324
G1 X173.934 Y175.299 E.02021
;WIDTH:0.450733
G1 X174.316 Y174.842 E.02018
;WIDTH:0.450047
G1 X174.765 Y174.389 E.02158
;WIDTH:0.449348
G1 X175.244 Y173.979 E.02132
;WIDTH:0.448741
G1 X175.732 Y173.624 E.02037
;WIDTH:0.451821
G1 X176.163 Y173.354 E.01728
;WIDTH:0.452216
G1 X176.69 Y173.077 E.02025
;WIDTH:0.452518
G1 X177.236 Y172.841 E.02027
;WIDTH:0.452721
G1 X177.799 Y172.649 E.02028
;WIDTH:0.452828
G3 X180.149 Y172.328 I2.202 J7.359 E.08115
;WIDTH:0.452564
G1 X180.743 Y172.362 E.02027
;WIDTH:0.452284
G1 X181.333 Y172.443 E.02026
;WIDTH:0.451906
G1 X181.914 Y172.568 E.02024
;WIDTH:0.45143
G1 X182.484 Y172.739 E.02022
;WIDTH:0.450859
G1 X183.04 Y172.953 E.02019
;WIDTH:0.450189
G1 X183.577 Y173.21 E.02016
;WIDTH:0.449912
G1 X184.127 Y173.53 E.02154
;WIDTH:0.449404
G1 X184.613 Y173.87 E.02005
; stop printing object obj_2_MOLD.stl id:0 copy 0
;LAYER_CHANGE
;Z:1.6
;HEIGHT:0.2
;BEFORE_LAYER_CHANGE
G92 E0.0
;1.6
G1 E-.48385 F2100
;WIPE_START
G1 F6642.327
G1 X185.046 Y174.218 E-.17568
G1 X185.369 Y174.523 E-.14047
;WIPE_END
M486 S-1
;AFTER_LAYER_CHANGE
;1.6
;_SET_FAN_SPEED_CHANGING_LAYER
; printing object obj_2_MOLD.stl id:0 copy 0
M486 S0
G1 X185.534 Y175.361 Z1.6 F24000
G1 E.8 F4800
;WIDTH:0.452686
G1 F900
G1 X185.876 Y175.803 E.01904
;WIDTH:0.452812
G3 X186.875 Y177.793 I-5.898 J4.209 E.0762
;WIDTH:0.452611
G1 X187.026 Y178.331 E.01904
;WIDTH:0.452349
G1 X187.134 Y178.879 E.01903
;WIDTH:0.451989
G1 X187.2 Y179.434 E.01901
;WIDTH:0.451534
G1 X187.224 Y179.937 E.01711
;WIDTH:0.449674
G1 X187.205 Y180.534 E.0202
;WIDTH:0.449846
G3 X187.022 Y181.698 I-7.127 J-.523 E.03991
;WIDTH:0.4511
G1 X186.876 Y182.212 E.01813
;WIDTH:0.451633
G1 X186.684 Y182.737 E.019
;WIDTH:0.452068
G1 X186.451 Y183.245 E.01902
;WIDTH:0.452407
G1 X186.181 Y183.734 E.01903
;WIDTH:0.452649
G1 X185.873 Y184.201 E.01904
;WIDTH:0.452795
G3 X184.314 Y185.791 I-5.891 J-4.218 E.0762
;WIDTH:0.45265
G1 X183.853 Y186.107 E.01904
;WIDTH:0.452409
G1 X183.37 Y186.387 E.01903
;WIDTH:0.452069
G1 X182.866 Y186.629 E.01902
;WIDTH:0.451632
G1 X182.345 Y186.832 E.019
;WIDTH:0.451099
G1 X181.834 Y186.988 E.01813
;WIDTH:0.449845
G3 X180.674 Y187.193 I-1.821 J-6.91 E.03991
M73 P52 R5
;WIDTH:0.45098
G1 X180.133 Y187.222 E.01838
;WIDTH:0.451533
G1 X179.574 Y187.21 E.01899
;WIDTH:0.45199
G1 X179.018 Y187.155 E.01901
;WIDTH:0.452349
G1 X178.468 Y187.057 E.01903
;WIDTH:0.452612
G1 X177.927 Y186.917 E.01904
;WIDTH:0.452775
G3 X175.469 Y185.623 I2.226 J-7.207 E.0952
;WIDTH:0.447885
G1 X174.736 Y184.947 E.03358
;WIDTH:0.448325
G1 X174.346 Y184.496 E.0201
;WIDTH:0.448856
G1 X173.994 Y184.015 E.02012
;WIDTH:0.449913
G3 X173.415 Y182.973 I5.92 J-3.97 E.04037
;WIDTH:0.450861
G1 X173.21 Y182.464 E.01863
;WIDTH:0.451432
G1 X173.04 Y181.931 E.01899
;WIDTH:0.451906
G1 X172.913 Y181.387 E.01901
;WIDTH:0.452284
G1 X172.827 Y180.834 E.01902
;WIDTH:0.452567
G1 X172.784 Y180.277 E.01903
;WIDTH:0.452751
G3 X173.214 Y177.533 I7.54 J-.227 E.09519
;WIDTH:0.452519
G1 X173.424 Y177.015 E.01903
;WIDTH:0.452217
G1 X173.674 Y176.516 E.01902
;WIDTH:0.45182
G1 X173.962 Y176.036 E.019
;WIDTH:0.451325
G1 X174.261 Y175.612 E.01762
;WIDTH:0.450047
G3 X175.05 Y174.737 I5.714 J4.362 E.03993
;WIDTH:0.450733
G1 X175.471 Y174.373 E.01889
;WIDTH:0.451325
G1 X175.92 Y174.04 E.01898
;WIDTH:0.45182
G1 X176.394 Y173.743 E.019
;WIDTH:0.452216
G1 X176.889 Y173.483 E.01902
;WIDTH:0.452518
G1 X177.402 Y173.263 E.01903
;WIDTH:0.452721
G1 X177.931 Y173.082 E.01904
;WIDTH:0.452827
G3 X180.137 Y172.78 I2.073 J6.943 E.0762
;WIDTH:0.452564
G1 X180.695 Y172.812 E.01904
;WIDTH:0.452284
G1 X181.249 Y172.887 E.01902
;WIDTH:0.451906
G1 X181.796 Y173.004 E.01901
;WIDTH:0.45143
G1 X182.287 Y173.147 E.01737
;WIDTH:0.449816
G3 X183.372 Y173.61 I-2.272 J6.827 E.03999
;WIDTH:0.450603
G1 X183.858 Y173.893 E.01905
;WIDTH:0.451212
G1 X184.319 Y174.21 E.01898
;WIDTH:0.451727
G1 X184.753 Y174.562 E.019
;WIDTH:0.452145
G1 X185.159 Y174.947 E.01902
;WIDTH:0.452463
G1 X185.507 Y175.331 E.01767
G1 X185.878 Y175.067 F24000
;WIDTH:0.452686
G1 F900
G1 X186.243 Y175.538 E.02028
;WIDTH:0.452812
G3 X187.307 Y177.657 I-6.25 J4.466 E.08115
;WIDTH:0.452611
G1 X187.467 Y178.23 E.02027
;WIDTH:0.452349
G1 X187.582 Y178.814 E.02026
;WIDTH:0.451989
G1 X187.651 Y179.414 E.02054
;WIDTH:0.451534
G1 X187.674 Y180 E.01992
;WIDTH:0.450981
G1 X187.652 Y180.595 E.02019
;WIDTH:0.450331
G1 X187.583 Y181.186 E.02016
;WIDTH:0.449846
G1 X187.451 Y181.832 E.0223
;WIDTH:0.448974
G1 X187.284 Y182.411 E.02035
;WIDTH:0.451633
G1 X187.104 Y182.902 E.01779
;WIDTH:0.452068
G1 X186.858 Y183.444 E.02025
;WIDTH:0.452407
G1 X186.57 Y183.965 E.02026
;WIDTH:0.452649
G1 X186.243 Y184.462 E.02027
;WIDTH:0.452795
G3 X184.582 Y186.155 I-6.249 J-4.468 E.08114
;WIDTH:0.45265
G1 X184.092 Y186.492 E.02028
;WIDTH:0.452409
G1 X183.576 Y186.789 E.02026
;WIDTH:0.452069
G1 X183.04 Y187.046 E.02025
;WIDTH:0.451632
G1 X182.484 Y187.261 E.02023
;WIDTH:0.451099
G1 X181.914 Y187.432 E.0202
;WIDTH:0.450468
G1 X181.333 Y187.558 E.02017
;WIDTH:0.449845
G1 X180.686 Y187.643 E.02206
;WIDTH:0.449096
G1 X180.085 Y187.673 E.02035
;WIDTH:0.451533
G1 X179.554 Y187.661 E.01804
;WIDTH:0.45199
G1 X178.962 Y187.603 E.02024
;WIDTH:0.452349
G1 X178.375 Y187.5 E.02026
;WIDTH:0.452612
G1 X177.799 Y187.351 E.02027
;WIDTH:0.452775
G3 X175.182 Y185.973 I2.354 J-7.642 E.10138
;WIDTH:0.452464
G1 X174.734 Y185.582 E.02027
;WIDTH:0.452146
G1 X174.317 Y185.157 E.02025
;WIDTH:0.45173
G1 X173.934 Y184.701 E.02023
;WIDTH:0.451214
G1 X173.588 Y184.217 E.02021
;WIDTH:0.450603
G1 X173.28 Y183.708 E.02017
;WIDTH:0.449913
G1 X172.994 Y183.13 E.02182
;WIDTH:0.449218
G1 X172.761 Y182.544 E.02132
;WIDTH:0.448633
G1 X172.584 Y181.966 E.02038
;WIDTH:0.451906
G1 X172.47 Y181.479 E.01702
;WIDTH:0.452284
G1 X172.378 Y180.891 E.02026
;WIDTH:0.452567
G1 X172.332 Y180.298 E.02027
;WIDTH:0.452751
G3 X172.789 Y177.375 I7.993 J-.247 E.10137
;WIDTH:0.452519
G1 X173.014 Y176.824 E.02027
;WIDTH:0.452217
G1 X173.281 Y176.293 E.02025
;WIDTH:0.45182
G1 X173.588 Y175.783 E.02023
;WIDTH:0.451325
G1 X173.934 Y175.299 E.02021
;WIDTH:0.450733
G1 X174.316 Y174.842 E.02018
;WIDTH:0.450047
G1 X174.765 Y174.389 E.02158
;WIDTH:0.449349
G1 X175.244 Y173.979 E.02132
;WIDTH:0.448741
G1 X175.732 Y173.624 E.02037
;WIDTH:0.45182
G1 X176.163 Y173.354 E.01728
;WIDTH:0.452216
G1 X176.69 Y173.077 E.02025
;WIDTH:0.452518
G1 X177.236 Y172.841 E.02027
;WIDTH:0.452721
G1 X177.799 Y172.649 E.02028
;WIDTH:0.452827
G3 X180.149 Y172.328 I2.202 J7.359 E.08115
;WIDTH:0.452564
G1 X180.743 Y172.362 E.02027
;WIDTH:0.452284
G1 X181.333 Y172.443 E.02026
;WIDTH:0.451906
G1 X181.914 Y172.568 E.02024
;WIDTH:0.45143
G1 X182.484 Y172.739 E.02022
;WIDTH:0.450858
G1 X183.04 Y172.953 E.02019
;WIDTH:0.450189
G1 X183.577 Y173.21 E.02016
;WIDTH:0.449911
G1 X184.151 Y173.547 E.02255
;WIDTH:0.448856
G1 X184.645 Y173.893 E.02036
;WIDTH:0.451727
G1 X185.046 Y174.218 E.01753
;WIDTH:0.452145
G1 X185.479 Y174.627 E.02025
;WIDTH:0.452463
G1 X185.851 Y175.038 E.0189
; stop printing object obj_2_MOLD.stl id:0 copy 0
;LAYER_CHANGE
;Z:1.8
;HEIGHT:0.2
;BEFORE_LAYER_CHANGE
G92 E0.0
;1.8
G1 E-.48147 F2100
;WIPE_START
G1 F6592.714
G1 X186.243 Y175.538 E-.20226
G1 X186.443 Y175.843 E-.11627
;WIPE_END
M486 S-1
;AFTER_LAYER_CHANGE
;1.8
;_SET_FAN_SPEED_CHANGING_LAYER
; printing object obj_2_MOLD.stl id:0 copy 0
M486 S0
G1 X185.876 Y175.803 Z1.8 F24000
G1 E.8 F4800
;WIDTH:0.452812
G1 F900
G3 X186.875 Y177.793 I-5.898 J4.209 E.0762
;WIDTH:0.45261
G1 X187.026 Y178.331 E.01904
;WIDTH:0.452349
G1 X187.134 Y178.879 E.01903
;WIDTH:0.451989
G1 X187.2 Y179.434 E.01901
;WIDTH:0.451534
G1 X187.224 Y179.937 E.01711
;WIDTH:0.449674
G1 X187.205 Y180.534 E.0202
;WIDTH:0.449847
G3 X187.022 Y181.698 I-7.127 J-.523 E.03991
;WIDTH:0.4511
G1 X186.876 Y182.212 E.01813
;WIDTH:0.451633
G1 X186.684 Y182.737 E.019
;WIDTH:0.452068
G1 X186.451 Y183.245 E.01902
;WIDTH:0.452407
G1 X186.181 Y183.734 E.01903
;WIDTH:0.45265
G1 X185.873 Y184.201 E.01904
;WIDTH:0.452795
G3 X184.314 Y185.791 I-5.891 J-4.218 E.0762
;WIDTH:0.452649
G1 X183.853 Y186.107 E.01904
;WIDTH:0.452409
G1 X183.37 Y186.387 E.01903
;WIDTH:0.452068
G1 X182.866 Y186.629 E.01902
;WIDTH:0.451633
G1 X182.345 Y186.832 E.019
;WIDTH:0.4511
G1 X181.834 Y186.988 E.01813
;WIDTH:0.449845
G3 X180.674 Y187.193 I-1.821 J-6.91 E.03991
;WIDTH:0.45098
G1 X180.133 Y187.222 E.01838
;WIDTH:0.451533
G1 X179.574 Y187.21 E.01899
;WIDTH:0.45199
G1 X179.018 Y187.155 E.01901
;WIDTH:0.452349
G1 X178.468 Y187.057 E.01903
;WIDTH:0.452612
G1 X177.927 Y186.917 E.01904
;WIDTH:0.452776
G3 X175.469 Y185.623 I2.226 J-7.207 E.0952
M73 P53 R5
;WIDTH:0.447885
G1 X174.736 Y184.947 E.03358
;WIDTH:0.448323
G1 X174.346 Y184.496 E.0201
;WIDTH:0.448857
G1 X173.994 Y184.015 E.02012
;WIDTH:0.449912
G3 X173.415 Y182.973 I5.919 J-3.969 E.04037
;WIDTH:0.450861
G1 X173.21 Y182.464 E.01863
;WIDTH:0.451432
G1 X173.04 Y181.931 E.01899
;WIDTH:0.451908
G1 X172.913 Y181.387 E.01901
;WIDTH:0.452285
G1 X172.827 Y180.834 E.01902
;WIDTH:0.452567
G1 X172.784 Y180.277 E.01903
;WIDTH:0.452751
G3 X173.214 Y177.533 I7.54 J-.227 E.09519
;WIDTH:0.452518
G1 X173.424 Y177.015 E.01903
;WIDTH:0.452217
G1 X173.674 Y176.516 E.01902
;WIDTH:0.45182
G1 X173.962 Y176.036 E.019
;WIDTH:0.451324
G1 X174.261 Y175.612 E.01762
;WIDTH:0.450046
G3 X175.05 Y174.737 I5.713 J4.361 E.03993
;WIDTH:0.450731
G1 X175.471 Y174.373 E.01889
;WIDTH:0.451325
G1 X175.92 Y174.04 E.01898
;WIDTH:0.45182
G1 X176.394 Y173.743 E.019
;WIDTH:0.452216
G1 X176.889 Y173.483 E.01902
;WIDTH:0.452517
G1 X177.402 Y173.263 E.01903
;WIDTH:0.452721
G1 X177.931 Y173.082 E.01904
;WIDTH:0.452828
G3 X180.137 Y172.78 I2.073 J6.943 E.0762
;WIDTH:0.452564
G1 X180.695 Y172.812 E.01904
;WIDTH:0.452285
G1 X181.249 Y172.887 E.01902
;WIDTH:0.451906
G1 X181.796 Y173.004 E.01901
;WIDTH:0.451431
G1 X182.287 Y173.147 E.01737
;WIDTH:0.449815
G3 X183.372 Y173.61 I-2.272 J6.827 E.03999
;WIDTH:0.450604
G1 X183.858 Y173.893 E.01905
;WIDTH:0.451212
G1 X184.319 Y174.21 E.01898
;WIDTH:0.451726
G1 X184.753 Y174.562 E.019
;WIDTH:0.452145
G1 X185.159 Y174.947 E.01902
;WIDTH:0.452464
G1 X185.534 Y175.361 E.01903
;WIDTH:0.452685
G1 X185.851 Y175.771 E.01768
G1 X186.243 Y175.538 F24000
;WIDTH:0.452812
G1 F900
G3 X187.307 Y177.657 I-6.25 J4.466 E.08115
;WIDTH:0.45261
G1 X187.467 Y178.23 E.02027
;WIDTH:0.452349
G1 X187.582 Y178.814 E.02026
;WIDTH:0.451989
G1 X187.651 Y179.414 E.02054
;WIDTH:0.451534
G1 X187.674 Y180 E.01992
;WIDTH:0.450981
G1 X187.652 Y180.595 E.02019
;WIDTH:0.45033
G1 X187.583 Y181.186 E.02016
;WIDTH:0.449847
G1 X187.451 Y181.832 E.0223
;WIDTH:0.448974
G1 X187.284 Y182.411 E.02035
;WIDTH:0.451633
G1 X187.104 Y182.902 E.01779
;WIDTH:0.452068
G1 X186.858 Y183.444 E.02025
;WIDTH:0.452407
G1 X186.57 Y183.965 E.02026
;WIDTH:0.45265
G1 X186.243 Y184.462 E.02027
;WIDTH:0.452795
G3 X184.582 Y186.155 I-6.248 J-4.468 E.08114
;WIDTH:0.452649
G1 X184.092 Y186.492 E.02028
;WIDTH:0.452409
G1 X183.576 Y186.789 E.02026
;WIDTH:0.452068
G1 X183.04 Y187.046 E.02025
;WIDTH:0.451633
G1 X182.484 Y187.261 E.02023
;WIDTH:0.4511
G1 X181.914 Y187.432 E.0202
;WIDTH:0.450468
G1 X181.333 Y187.558 E.02017
;WIDTH:0.449845
G1 X180.686 Y187.643 E.02206
;WIDTH:0.449097
G1 X180.085 Y187.673 E.02035
;WIDTH:0.451533
G1 X179.554 Y187.661 E.01804
;WIDTH:0.45199
G1 X178.962 Y187.603 E.02024
;WIDTH:0.452349
G1 X178.375 Y187.5 E.02026
;WIDTH:0.452612
G1 X177.799 Y187.351 E.02027
;WIDTH:0.452776
G3 X175.182 Y185.973 I2.354 J-7.642 E.10138
;WIDTH:0.452464
G1 X174.734 Y185.582 E.02027
;WIDTH:0.452146
G1 X174.317 Y185.157 E.02025
;WIDTH:0.45173
G1 X173.934 Y184.701 E.02023
;WIDTH:0.451214
G1 X173.588 Y184.217 E.02021
;WIDTH:0.450604
G1 X173.28 Y183.708 E.02017
;WIDTH:0.449912
G1 X172.994 Y183.13 E.02182
;WIDTH:0.449219
G1 X172.761 Y182.544 E.02132
;WIDTH:0.448633
G1 X172.584 Y181.966 E.02038
;WIDTH:0.451908
G1 X172.47 Y181.479 E.01702
;WIDTH:0.452285
G1 X172.378 Y180.891 E.02026
;WIDTH:0.452567
G1 X172.332 Y180.298 E.02027
;WIDTH:0.452751
G3 X172.789 Y177.375 I7.993 J-.247 E.10137
;WIDTH:0.452518
G1 X173.014 Y176.824 E.02027
;WIDTH:0.452217
G1 X173.281 Y176.293 E.02025
;WIDTH:0.45182
G1 X173.588 Y175.783 E.02023
;WIDTH:0.451324
G1 X173.934 Y175.299 E.02021
;WIDTH:0.450732
G1 X174.309 Y174.851 E.01981
;WIDTH:0.450046
G3 X175.244 Y173.979 I5.468 J4.925 E.04333
;WIDTH:0.448741
G1 X175.732 Y173.624 E.02037
;WIDTH:0.45182
G1 X176.163 Y173.354 E.01728
;WIDTH:0.452216
G1 X176.69 Y173.077 E.02025
;WIDTH:0.452517
G1 X177.236 Y172.841 E.02027
;WIDTH:0.452721
G1 X177.799 Y172.649 E.02028
;WIDTH:0.452828
G3 X180.149 Y172.328 I2.202 J7.359 E.08115
;WIDTH:0.452564
G1 X180.743 Y172.362 E.02027
;WIDTH:0.452285
G1 X181.333 Y172.443 E.02026
;WIDTH:0.451906
G1 X181.914 Y172.568 E.02024
;WIDTH:0.451431
G1 X182.484 Y172.739 E.02022
;WIDTH:0.450859
G1 X183.04 Y172.953 E.02019
;WIDTH:0.450189
G1 X183.577 Y173.21 E.02016
;WIDTH:0.449912
G1 X184.151 Y173.547 E.02255
;WIDTH:0.448854
G1 X184.645 Y173.893 E.02036
;WIDTH:0.451726
G1 X185.046 Y174.218 E.01753
;WIDTH:0.452145
G1 X185.479 Y174.627 E.02025
;WIDTH:0.452464
G1 X185.878 Y175.067 E.02026
;WIDTH:0.452685
G1 X186.218 Y175.506 E.01891
; stop printing object obj_2_MOLD.stl id:0 copy 0
;LAYER_CHANGE
;Z:2
;HEIGHT:0.2
;BEFORE_LAYER_CHANGE
G92 E0.0
;2
G1 E-.48129 F2100
;WIPE_START
G1 F6589.142
G1 X186.57 Y176.035 E-.20238
G1 X186.746 Y176.355 E-.11633
;WIPE_END
M486 S-1
;AFTER_LAYER_CHANGE
;2
;_SET_FAN_SPEED_CHANGING_LAYER
; printing object obj_2_MOLD.stl id:0 copy 0
M486 S0
G1 X185.876 Y175.803 Z2 F24000
G1 E.8 F4800
;WIDTH:0.452812
G1 F900
G3 X186.875 Y177.793 I-5.898 J4.209 E.0762
;WIDTH:0.45261
G1 X187.026 Y178.331 E.01904
;WIDTH:0.45235
G1 X187.134 Y178.879 E.01903
;WIDTH:0.451989
G1 X187.2 Y179.434 E.01901
;WIDTH:0.451534
G1 X187.224 Y179.937 E.01711
;WIDTH:0.449674
G1 X187.205 Y180.534 E.0202
;WIDTH:0.449846
G3 X187.022 Y181.698 I-7.127 J-.523 E.03991
;WIDTH:0.4511
G1 X186.876 Y182.212 E.01813
;WIDTH:0.451633
G1 X186.684 Y182.737 E.019
;WIDTH:0.452069
G1 X186.451 Y183.245 E.01902
;WIDTH:0.452407
G1 X186.181 Y183.734 E.01903
;WIDTH:0.45265
G1 X185.873 Y184.201 E.01904
;WIDTH:0.452795
G3 X184.314 Y185.791 I-5.891 J-4.218 E.0762
;WIDTH:0.45265
G1 X183.853 Y186.107 E.01904
;WIDTH:0.452409
G1 X183.37 Y186.387 E.01903
;WIDTH:0.452068
G1 X182.866 Y186.629 E.01902
;WIDTH:0.451633
G1 X182.345 Y186.832 E.019
;WIDTH:0.4511
G1 X181.834 Y186.988 E.01813
;WIDTH:0.449845
G3 X180.674 Y187.193 I-1.821 J-6.91 E.03991
;WIDTH:0.45098
G1 X180.133 Y187.222 E.01838
;WIDTH:0.451533
G1 X179.574 Y187.21 E.01899
;WIDTH:0.451989
G1 X179.018 Y187.155 E.01901
;WIDTH:0.452349
G1 X178.468 Y187.057 E.01903
;WIDTH:0.452612
G1 X177.927 Y186.917 E.01904
;WIDTH:0.452776
G3 X175.469 Y185.623 I2.226 J-7.207 E.0952
;WIDTH:0.447886
G1 X174.736 Y184.947 E.03358
;WIDTH:0.448325
G1 X174.346 Y184.496 E.0201
;WIDTH:0.448857
G1 X173.994 Y184.015 E.02012
;WIDTH:0.449911
G3 X173.415 Y182.973 I5.919 J-3.969 E.04037
;WIDTH:0.450862
G1 X173.21 Y182.464 E.01863
;WIDTH:0.451432
G1 X173.04 Y181.931 E.01899
;WIDTH:0.451908
G1 X172.913 Y181.387 E.01901
;WIDTH:0.452285
G1 X172.827 Y180.834 E.01902
;WIDTH:0.452567
G1 X172.784 Y180.277 E.01903
M73 P54 R5
;WIDTH:0.452751
G3 X173.214 Y177.533 I7.54 J-.227 E.09519
;WIDTH:0.452519
G1 X173.424 Y177.015 E.01903
;WIDTH:0.452217
G1 X173.674 Y176.516 E.01902
;WIDTH:0.451821
G1 X173.962 Y176.036 E.019
;WIDTH:0.451325
G1 X174.261 Y175.612 E.01762
;WIDTH:0.450046
G3 X175.05 Y174.737 I5.713 J4.362 E.03993
;WIDTH:0.450733
G1 X175.471 Y174.373 E.01889
;WIDTH:0.451325
G1 X175.92 Y174.04 E.01898
;WIDTH:0.451821
G1 X176.394 Y173.743 E.019
;WIDTH:0.452216
G1 X176.889 Y173.483 E.01902
;WIDTH:0.452517
G1 X177.402 Y173.263 E.01903
;WIDTH:0.452721
G1 X177.931 Y173.082 E.01904
;WIDTH:0.452827
G3 X180.137 Y172.78 I2.073 J6.943 E.0762
;WIDTH:0.452564
G1 X180.695 Y172.812 E.01904
;WIDTH:0.452285
G1 X181.249 Y172.887 E.01902
;WIDTH:0.451906
G1 X181.796 Y173.004 E.01901
;WIDTH:0.451431
G1 X182.287 Y173.147 E.01737
;WIDTH:0.449815
G3 X183.372 Y173.61 I-2.272 J6.827 E.03999
;WIDTH:0.450604
G1 X183.858 Y173.893 E.01905
;WIDTH:0.451212
G1 X184.319 Y174.21 E.01898
;WIDTH:0.451727
G1 X184.753 Y174.562 E.019
;WIDTH:0.452144
G1 X185.159 Y174.947 E.01902
;WIDTH:0.452464
G1 X185.534 Y175.361 E.01903
;WIDTH:0.452685
G1 X185.851 Y175.771 E.01768
G1 X186.57 Y176.035 F24000
;WIDTH:0.452812
G1 F900
G3 X187.307 Y177.657 I-6.577 J3.969 E.06086
;WIDTH:0.45261
G1 X187.467 Y178.23 E.02027
;WIDTH:0.45235
G1 X187.582 Y178.814 E.02026
;WIDTH:0.451989
G1 X187.651 Y179.414 E.02054
;WIDTH:0.451534
G1 X187.674 Y180 E.01992
;WIDTH:0.450981
G1 X187.652 Y180.595 E.02019
;WIDTH:0.450331
G1 X187.583 Y181.186 E.02016
;WIDTH:0.449846
G1 X187.451 Y181.832 E.0223
;WIDTH:0.448974
G1 X187.284 Y182.411 E.02035
;WIDTH:0.451633
G1 X187.104 Y182.902 E.01779
;WIDTH:0.452069
G1 X186.858 Y183.444 E.02025
;WIDTH:0.452407
G1 X186.57 Y183.965 E.02026
;WIDTH:0.45265
G1 X186.243 Y184.462 E.02028
;WIDTH:0.452795
G3 X184.582 Y186.155 I-6.249 J-4.468 E.08114
;WIDTH:0.45265
G1 X184.092 Y186.492 E.02028
;WIDTH:0.452409
G1 X183.576 Y186.789 E.02026
;WIDTH:0.452068
G1 X183.04 Y187.046 E.02025
;WIDTH:0.451633
G1 X182.484 Y187.261 E.02023
;WIDTH:0.4511
G1 X181.914 Y187.432 E.0202
;WIDTH:0.450468
G1 X181.333 Y187.558 E.02017
;WIDTH:0.449845
G1 X180.686 Y187.643 E.02206
;WIDTH:0.449097
G1 X180.085 Y187.673 E.02035
;WIDTH:0.451533
G1 X179.554 Y187.661 E.01804
;WIDTH:0.451989
G1 X178.962 Y187.603 E.02024
;WIDTH:0.452349
G1 X178.375 Y187.5 E.02026
;WIDTH:0.452612
G1 X177.799 Y187.351 E.02027
;WIDTH:0.452776
G3 X175.182 Y185.973 I2.354 J-7.642 E.10138
;WIDTH:0.452465
G1 X174.734 Y185.582 E.02026
;WIDTH:0.452146
G1 X174.317 Y185.157 E.02025
;WIDTH:0.45173
G1 X173.934 Y184.701 E.02023
;WIDTH:0.451215
G1 X173.588 Y184.217 E.02021
;WIDTH:0.450604
G1 X173.28 Y183.708 E.02017
;WIDTH:0.449911
G1 X172.994 Y183.13 E.02182
;WIDTH:0.449219
G1 X172.761 Y182.544 E.02132
;WIDTH:0.448633
G1 X172.584 Y181.966 E.02038
;WIDTH:0.451908
G1 X172.47 Y181.479 E.01702
;WIDTH:0.452285
G1 X172.378 Y180.891 E.02026
;WIDTH:0.452567
G1 X172.332 Y180.298 E.02027
;WIDTH:0.452751
G3 X172.789 Y177.375 I7.993 J-.247 E.10137
;WIDTH:0.452519
G1 X173.014 Y176.824 E.02027
;WIDTH:0.452217
G1 X173.281 Y176.293 E.02025
;WIDTH:0.451821
G1 X173.588 Y175.783 E.02023
;WIDTH:0.451325
G1 X173.934 Y175.299 E.02021
;WIDTH:0.450732
G1 X174.316 Y174.842 E.02018
;WIDTH:0.450046
G1 X174.765 Y174.389 E.02158
;WIDTH:0.449348
G1 X175.244 Y173.979 E.02132
;WIDTH:0.448741
G1 X175.732 Y173.624 E.02037
;WIDTH:0.451821
G1 X176.163 Y173.354 E.01728
;WIDTH:0.452216
G1 X176.69 Y173.077 E.02025
;WIDTH:0.452517
G1 X177.236 Y172.841 E.02027
;WIDTH:0.452721
G1 X177.799 Y172.649 E.02028
;WIDTH:0.452827
G3 X180.149 Y172.328 I2.202 J7.359 E.08115
;WIDTH:0.452564
G1 X180.743 Y172.362 E.02027
;WIDTH:0.452285
G1 X181.333 Y172.443 E.02026
;WIDTH:0.451906
G1 X181.914 Y172.568 E.02024
;WIDTH:0.451431
G1 X182.484 Y172.739 E.02022
;WIDTH:0.450859
G1 X183.04 Y172.953 E.02019
;WIDTH:0.450188
G1 X183.577 Y173.21 E.02016
;WIDTH:0.449913
G1 X184.151 Y173.547 E.02255
;WIDTH:0.448855
G1 X184.645 Y173.893 E.02036
;WIDTH:0.451727
G1 X185.046 Y174.218 E.01753
;WIDTH:0.452144
G1 X185.479 Y174.627 E.02025
;WIDTH:0.452464
G1 X185.878 Y175.067 E.02026
;WIDTH:0.452685
G1 X186.243 Y175.538 E.02028
;WIDTH:0.452812
G3 X186.549 Y176.001 I-6.25 J4.466 E.01893
; stop printing object obj_2_MOLD.stl id:0 copy 0
;LAYER_CHANGE
;Z:2.2
;HEIGHT:0.2
;BEFORE_LAYER_CHANGE
G92 E0.0
;2.2
G1 E-.4812 F2100
;WIPE_START
G1 F6587.101
G1 X186.857 Y176.556 E-.20245
G1 X187.008 Y176.888 E-.11635
;WIPE_END
M486 S-1
;AFTER_LAYER_CHANGE
;2.2
;_SET_FAN_SPEED_CHANGING_LAYER
; printing object obj_2_MOLD.stl id:0 copy 0
M486 S0
G1 X186.182 Y176.27 Z2.2 F24000
G1 E.8 F4800
;WIDTH:0.452813
G1 F900
G3 X186.875 Y177.793 I-6.205 J3.742 E.05715
;WIDTH:0.452611
G1 X187.026 Y178.331 E.01904
;WIDTH:0.452349
G1 X187.134 Y178.879 E.01903
;WIDTH:0.451989
G1 X187.2 Y179.434 E.01901
;WIDTH:0.451534
G1 X187.224 Y179.937 E.01711
;WIDTH:0.449674
G1 X187.205 Y180.534 E.0202
;WIDTH:0.449847
G3 X187.022 Y181.698 I-7.127 J-.523 E.03991
;WIDTH:0.4511
G1 X186.876 Y182.212 E.01813
;WIDTH:0.451634
G1 X186.684 Y182.737 E.019
;WIDTH:0.452068
G1 X186.451 Y183.245 E.01902
;WIDTH:0.452407
G1 X186.181 Y183.734 E.01903
;WIDTH:0.45265
G1 X185.873 Y184.201 E.01904
;WIDTH:0.452795
G3 X184.314 Y185.791 I-5.891 J-4.218 E.0762
;WIDTH:0.452649
G1 X183.853 Y186.107 E.01904
;WIDTH:0.452409
G1 X183.37 Y186.387 E.01903
;WIDTH:0.452068
G1 X182.866 Y186.629 E.01902
;WIDTH:0.451633
G1 X182.345 Y186.832 E.019
;WIDTH:0.4511
G1 X181.834 Y186.988 E.01813
;WIDTH:0.449845
G3 X180.674 Y187.193 I-1.821 J-6.91 E.03991
;WIDTH:0.45098
G1 X180.133 Y187.222 E.01838
;WIDTH:0.451533
G1 X179.574 Y187.21 E.01899
;WIDTH:0.451989
G1 X179.018 Y187.155 E.01901
;WIDTH:0.452349
G1 X178.468 Y187.057 E.01903
;WIDTH:0.452612
G1 X177.927 Y186.917 E.01904
;WIDTH:0.452776
G3 X175.469 Y185.623 I2.226 J-7.207 E.0952
;WIDTH:0.447885
G1 X174.736 Y184.947 E.03358
;WIDTH:0.448325
G1 X174.345 Y184.496 E.0201
;WIDTH:0.448857
G1 X173.994 Y184.015 E.02012
;WIDTH:0.449912
G3 X173.415 Y182.973 I5.919 J-3.969 E.04037
;WIDTH:0.450861
G1 X173.21 Y182.464 E.01863
;WIDTH:0.451432
G1 X173.04 Y181.931 E.01899
;WIDTH:0.451908
G1 X172.913 Y181.387 E.01901
;WIDTH:0.452285
G1 X172.827 Y180.834 E.01902
;WIDTH:0.452567
G1 X172.784 Y180.277 E.01903
;WIDTH:0.452751
G3 X173.214 Y177.533 I7.54 J-.227 E.09519
;WIDTH:0.452519
G1 X173.424 Y177.015 E.01903
;WIDTH:0.452217
G1 X173.674 Y176.516 E.01902
;WIDTH:0.45182
G1 X173.962 Y176.036 E.019
;WIDTH:0.451325
G1 X174.261 Y175.612 E.01762
;WIDTH:0.450047
G3 X175.05 Y174.737 I5.714 J4.362 E.03993
M73 P55 R5
;WIDTH:0.450733
G1 X175.471 Y174.373 E.01889
;WIDTH:0.451325
G1 X175.92 Y174.04 E.01899
;WIDTH:0.45182
G1 X176.394 Y173.743 E.019
;WIDTH:0.452216
G1 X176.889 Y173.483 E.01902
;WIDTH:0.452517
G1 X177.402 Y173.263 E.01903
;WIDTH:0.45272
G1 X177.931 Y173.082 E.01904
;WIDTH:0.452827
G3 X180.137 Y172.78 I2.073 J6.943 E.0762
;WIDTH:0.452564
G1 X180.695 Y172.812 E.01904
;WIDTH:0.452285
G1 X181.249 Y172.887 E.01902
;WIDTH:0.451906
G1 X181.796 Y173.004 E.01901
;WIDTH:0.451431
G1 X182.287 Y173.147 E.01737
;WIDTH:0.449816
G3 X183.372 Y173.61 I-2.272 J6.827 E.03999
;WIDTH:0.450604
G1 X183.858 Y173.893 E.01905
;WIDTH:0.451212
G1 X184.319 Y174.21 E.01898
;WIDTH:0.451726
G1 X184.753 Y174.562 E.019
;WIDTH:0.452145
G1 X185.159 Y174.947 E.01902
;WIDTH:0.452464
G1 X185.534 Y175.361 E.01903
;WIDTH:0.452687
G1 X185.876 Y175.803 E.01904
;WIDTH:0.452813
G3 X186.162 Y176.236 I-5.898 J4.209 E.01769
G1 X186.57 Y176.035 F24000
G1 F900
G3 X187.307 Y177.657 I-6.577 J3.969 E.06086
;WIDTH:0.452611
G1 X187.467 Y178.23 E.02027
;WIDTH:0.452349
G1 X187.582 Y178.814 E.02026
;WIDTH:0.451989
G1 X187.651 Y179.414 E.02054
;WIDTH:0.451534
G1 X187.674 Y180 E.01992
;WIDTH:0.450981
G1 X187.652 Y180.595 E.02019
;WIDTH:0.45033
G1 X187.583 Y181.186 E.02016
;WIDTH:0.449847
G1 X187.451 Y181.832 E.0223
;WIDTH:0.448974
G1 X187.284 Y182.411 E.02035
;WIDTH:0.451634
G1 X187.104 Y182.902 E.01779
;WIDTH:0.452068
G1 X186.858 Y183.444 E.02025
;WIDTH:0.452407
G1 X186.57 Y183.965 E.02026
;WIDTH:0.45265
G1 X186.243 Y184.462 E.02027
;WIDTH:0.452795
G3 X184.582 Y186.155 I-6.249 J-4.468 E.08114
;WIDTH:0.452649
G1 X184.092 Y186.492 E.02028
;WIDTH:0.452409
G1 X183.576 Y186.789 E.02026
;WIDTH:0.452068
G1 X183.04 Y187.046 E.02025
;WIDTH:0.451633
G1 X182.484 Y187.261 E.02023
;WIDTH:0.4511
G1 X181.914 Y187.432 E.0202
;WIDTH:0.450468
G1 X181.333 Y187.558 E.02017
;WIDTH:0.449845
G1 X180.686 Y187.643 E.02206
;WIDTH:0.449096
G1 X180.085 Y187.673 E.02035
;WIDTH:0.451533
G1 X179.554 Y187.661 E.01804
;WIDTH:0.451989
G1 X178.962 Y187.603 E.02024
;WIDTH:0.452349
G1 X178.375 Y187.5 E.02026
;WIDTH:0.452612
G1 X177.799 Y187.351 E.02027
;WIDTH:0.452776
G3 X175.182 Y185.973 I2.354 J-7.642 E.10138
;WIDTH:0.452465
G1 X174.734 Y185.582 E.02027
;WIDTH:0.452146
G1 X174.317 Y185.157 E.02025
;WIDTH:0.451729
G1 X173.934 Y184.701 E.02023
;WIDTH:0.451214
G1 X173.588 Y184.217 E.02021
;WIDTH:0.450603
G1 X173.28 Y183.708 E.02017
;WIDTH:0.449912
G1 X172.994 Y183.13 E.02182
;WIDTH:0.449219
G1 X172.761 Y182.544 E.02132
;WIDTH:0.448633
G1 X172.584 Y181.966 E.02038
;WIDTH:0.451908
G1 X172.47 Y181.479 E.01702
;WIDTH:0.452285
G1 X172.378 Y180.891 E.02026
;WIDTH:0.452567
G1 X172.332 Y180.298 E.02027
;WIDTH:0.452751
G3 X172.789 Y177.375 I7.993 J-.247 E.10137
;WIDTH:0.452519
G1 X173.014 Y176.824 E.02027
;WIDTH:0.452217
G1 X173.281 Y176.293 E.02025
;WIDTH:0.45182
G1 X173.588 Y175.783 E.02023
;WIDTH:0.451325
G1 X173.934 Y175.299 E.02021
;WIDTH:0.450733
G1 X174.316 Y174.842 E.02018
;WIDTH:0.450047
G1 X174.765 Y174.389 E.02158
;WIDTH:0.449349
G1 X175.244 Y173.979 E.02132
;WIDTH:0.448741
G1 X175.732 Y173.624 E.02037
;WIDTH:0.45182
G1 X176.163 Y173.354 E.01728
;WIDTH:0.452216
G1 X176.69 Y173.077 E.02025
;WIDTH:0.452517
G1 X177.236 Y172.841 E.02027
;WIDTH:0.45272
G1 X177.799 Y172.649 E.02028
;WIDTH:0.452827
G3 X180.149 Y172.328 I2.202 J7.359 E.08115
;WIDTH:0.452564
G1 X180.743 Y172.362 E.02027
;WIDTH:0.452285
G1 X181.333 Y172.443 E.02026
;WIDTH:0.451906
G1 X181.914 Y172.568 E.02024
;WIDTH:0.451431
G1 X182.484 Y172.739 E.02022
;WIDTH:0.450859
G1 X183.04 Y172.953 E.02019
;WIDTH:0.450189
G1 X183.577 Y173.21 E.02016
;WIDTH:0.449911
G1 X184.151 Y173.547 E.02255
;WIDTH:0.448855
G1 X184.645 Y173.893 E.02036
;WIDTH:0.451726
G1 X185.046 Y174.218 E.01753
;WIDTH:0.452145
G1 X185.479 Y174.627 E.02025
;WIDTH:0.452464
G1 X185.878 Y175.067 E.02026
;WIDTH:0.452687
G1 X186.243 Y175.538 E.02028
;WIDTH:0.452813
G3 X186.549 Y176.001 I-6.25 J4.466 E.01893
; stop printing object obj_2_MOLD.stl id:0 copy 0
;LAYER_CHANGE
;Z:2.4
;HEIGHT:0.2
;BEFORE_LAYER_CHANGE
G92 E0.0
;2.4
G1 E-.48119 F2100
;WIPE_START
G1 F6587.085
G1 X186.857 Y176.556 E-.20245
G1 X187.008 Y176.888 E-.11636
;WIPE_END
M486 S-1
;AFTER_LAYER_CHANGE
;2.4
;_SET_FAN_SPEED_CHANGING_LAYER
; printing object obj_2_MOLD.stl id:0 copy 0
M486 S0
G1 X186.453 Y176.76 Z2.4 F24000
G1 E.8 F4800
;WIDTH:0.45281
G1 F900
G1 X186.806 Y177.582 E.03048
;WIDTH:0.447372
G1 X186.984 Y178.156 E.02024
;WIDTH:0.447661
G1 X187.113 Y178.738 E.02006
;WIDTH:0.44805
G1 X187.193 Y179.329 E.02009
;WIDTH:0.448524
G1 X187.224 Y179.925 E.02011
;WIDTH:0.449094
G1 X187.206 Y180.521 E.02014
;WIDTH:0.449846
G3 X187.022 Y181.698 I-7.096 J-.502 E.04038
;WIDTH:0.451103
G3 X186.645 Y182.83 I-7.233 J-1.779 E.04053
;WIDTH:0.447951
G3 X186.089 Y183.886 I-6.522 J-2.761 E.04023
;WIDTH:0.447617
G1 X185.748 Y184.375 E.02009
;WIDTH:0.44738
G1 X185.367 Y184.835 E.02008
;WIDTH:0.447242
G1 X184.944 Y185.267 E.02031
;WIDTH:0.448132
G3 X184.012 Y186.006 I-5.005 J-5.347 E.04013
;WIDTH:0.447688
G1 X183.558 Y186.286 E.01794
;WIDTH:0.447964
G1 X182.97 Y186.585 E.02224
;WIDTH:0.448589
G1 X182.466 Y186.789 E.01832
;WIDTH:0.448974
G1 X181.847 Y186.984 E.02191
;WIDTH:0.449845
G3 X180.674 Y187.193 I-1.83 J-6.877 E.04037
;WIDTH:0.45098
G1 X180.133 Y187.222 E.01838
;WIDTH:0.451533
G1 X179.574 Y187.21 E.01899
;WIDTH:0.451989
G1 X179.018 Y187.155 E.01901
;WIDTH:0.452349
G1 X178.468 Y187.057 E.01903
;WIDTH:0.452612
G1 X177.927 Y186.917 E.01904
;WIDTH:0.452773
G3 X175.917 Y185.956 I2.099 J-6.972 E.07621
;WIDTH:0.453707
G1 X175.469 Y185.62 E.01914
G1 X174.738 Y184.949 E.03387
;WIDTH:0.448324
G1 X174.345 Y184.496 E.02021
;WIDTH:0.448857
G1 X173.994 Y184.015 E.02013
;WIDTH:0.449912
G3 X173.415 Y182.973 I5.92 J-3.969 E.04036
;WIDTH:0.450861
G1 X173.21 Y182.464 E.01863
;WIDTH:0.451427
G1 X173.04 Y181.931 E.01899
M73 P55 R4
;WIDTH:0.451906
G1 X172.913 Y181.387 E.01901
;WIDTH:0.452285
G1 X172.827 Y180.834 E.01902
;WIDTH:0.452567
G1 X172.784 Y180.277 E.01903
;WIDTH:0.452747
G3 X172.915 Y178.609 I8.144 J-.203 E.05712
;WIDTH:0.453429
G3 X173.213 Y177.533 I7.607 J1.527 E.03814
;WIDTH:0.452217
G3 X173.675 Y176.515 I6.929 J2.528 E.0381
;WIDTH:0.451846
G1 X174.214 Y175.677 E.03388
;WIDTH:0.449349
G1 X174.633 Y175.164 E.0224
;WIDTH:0.449961
G1 X175.05 Y174.737 E.02018
;WIDTH:0.450729
G1 X175.471 Y174.373 E.01889
;WIDTH:0.451326
G3 X177.027 Y173.417 I4.956 J6.329 E.06214
;WIDTH:0.447922
G3 X178.159 Y173.016 I2.881 J6.323 E.04049
;WIDTH:0.447213
G3 X179.928 Y172.777 I1.962 J7.856 E.06015
M73 P56 R4
;WIDTH:0.447423
G1 X180.524 Y172.795 E.02005
;WIDTH:0.447734
G1 X181.116 Y172.863 E.02007
;WIDTH:0.448139
G1 X181.701 Y172.979 E.02009
;WIDTH:0.44863
G1 X182.274 Y173.143 E.02011
;WIDTH:0.450364
G3 X183.373 Y173.611 I-2.463 J7.311 E.04051
;WIDTH:0.450603
G3 X184.324 Y174.213 I-3.478 J6.544 E.03818
;WIDTH:0.452058
G3 X185.159 Y174.947 I-4.589 J6.064 E.03785
;WIDTH:0.452464
G1 X185.534 Y175.361 E.01903
;WIDTH:0.452688
G1 X185.876 Y175.803 E.01904
;WIDTH:0.45281
G3 X186.435 Y176.724 I-5.898 J4.209 E.03677
G1 X186.565 Y176.038 F24000
G1 F900
G3 X187.064 Y177.004 I-7.47 J4.465 E.03709
;WIDTH:0.452587
G3 X187.467 Y178.23 I-6.995 J2.978 E.04401
;WIDTH:0.452347
G1 X187.582 Y178.814 E.02026
;WIDTH:0.45199
G1 X187.651 Y179.414 E.02054
;WIDTH:0.451534
G1 X187.674 Y180 E.01992
;WIDTH:0.450981
G1 X187.652 Y180.595 E.02019
;WIDTH:0.450332
G1 X187.583 Y181.186 E.02016
;WIDTH:0.449846
G1 X187.459 Y181.803 E.02128
;WIDTH:0.451103
G1 X187.31 Y182.336 E.01879
;WIDTH:0.451933
G3 X186.857 Y183.445 I-7.751 J-2.517 E.04078
;WIDTH:0.452407
G1 X186.57 Y183.965 E.02024
;WIDTH:0.452646
G1 X186.243 Y184.462 E.02027
;WIDTH:0.452795
G3 X185.051 Y185.776 I-6.956 J-5.11 E.06056
;WIDTH:0.452604
G3 X184.091 Y186.492 I-5.317 J-6.128 E.04085
;WIDTH:0.453433
G3 X183.04 Y187.046 I-4.219 J-6.731 E.04061
;WIDTH:0.452698
G3 X181.914 Y187.432 I-3.139 J-7.325 E.04056
;WIDTH:0.450468
G1 X181.333 Y187.558 E.02017
;WIDTH:0.449845
G1 X180.686 Y187.643 E.02206
;WIDTH:0.449096
G1 X180.085 Y187.673 E.02035
;WIDTH:0.451533
G1 X179.554 Y187.661 E.01804
;WIDTH:0.451989
G1 X178.962 Y187.603 E.02024
;WIDTH:0.452349
G1 X178.375 Y187.5 E.02026
;WIDTH:0.452612
G1 X177.799 Y187.351 E.02027
;WIDTH:0.452773
G3 X175.66 Y186.328 I2.209 J-7.369 E.08114
;WIDTH:0.453707
G3 X174.808 Y185.651 I4.564 J-6.607 E.03719
;WIDTH:0.451717
G3 X173.934 Y184.701 I5.171 J-5.638 E.04392
;WIDTH:0.451215
G1 X173.588 Y184.217 E.02021
;WIDTH:0.450601
G1 X173.28 Y183.708 E.02017
;WIDTH:0.449912
G1 X172.994 Y183.13 E.02182
;WIDTH:0.449219
G1 X172.761 Y182.544 E.02132
;WIDTH:0.448633
G1 X172.584 Y181.966 E.02037
;WIDTH:0.451906
G1 X172.47 Y181.479 E.01703
;WIDTH:0.452285
G1 X172.378 Y180.891 E.02026
;WIDTH:0.452567
G1 X172.332 Y180.298 E.02027
;WIDTH:0.452747
G3 X172.47 Y178.521 I8.634 J-.222 E.06082
;WIDTH:0.453429
G3 X172.789 Y177.375 I7.695 J1.522 E.04063
;WIDTH:0.452217
G3 X173.277 Y176.3 I7.208 J2.625 E.04025
;WIDTH:0.451846
G1 X173.533 Y175.868 E.01706
;WIDTH:0.452394
G3 X174.316 Y174.842 I6.656 J4.27 E.04399
;WIDTH:0.450047
G1 X174.765 Y174.389 E.02158
;WIDTH:0.449348
G1 X175.244 Y173.979 E.02132
;WIDTH:0.448745
G1 X175.732 Y173.624 E.02038
;WIDTH:0.451226
G1 X176.156 Y173.358 E.01698
;WIDTH:0.452947
G3 X177.229 Y172.845 I4.081 J7.149 E.04058
;WIDTH:0.452484
G1 X177.702 Y172.68 E.01709
;WIDTH:0.45279
G1 X178.376 Y172.5 E.02376
G3 X180.149 Y172.328 I1.718 J8.463 E.0608
;WIDTH:0.452564
G1 X180.743 Y172.362 E.02027
;WIDTH:0.452285
G1 X181.333 Y172.443 E.02026
;WIDTH:0.451906
G1 X181.914 Y172.568 E.02024
;WIDTH:0.45143
G1 X182.485 Y172.739 E.02023
;WIDTH:0.450888
G1 X183.005 Y172.941 E.01894
;WIDTH:0.449857
G3 X184.127 Y173.53 I-2.727 J6.553 E.04292
;WIDTH:0.450554
G1 X184.583 Y173.844 E.01877
;WIDTH:0.452058
G3 X185.479 Y174.627 I-4.666 J6.243 E.0405
;WIDTH:0.452464
G1 X185.878 Y175.067 E.02027
;WIDTH:0.452688
G1 X186.243 Y175.538 E.02028
;WIDTH:0.45281
G3 X186.545 Y176.004 I-7.148 J4.965 E.01892
; stop printing object obj_2_MOLD.stl id:0 copy 0
;LAYER_CHANGE
;Z:2.6
;HEIGHT:0.2
;BEFORE_LAYER_CHANGE
G92 E0.0
;2.6
G1 E-.4812 F2100
;WIPE_START
G1 F6587.133
G1 X186.853 Y176.549 E-.19986
G1 X187.01 Y176.888 E-.11894
;WIPE_END
M486 S-1
;AFTER_LAYER_CHANGE
;2.6
;_SET_FAN_SPEED_CHANGING_LAYER
; printing object obj_2_MOLD.stl id:0 copy 0
M486 S0
G1 X186.809 Y177.587 Z2.6 F24000
G1 E.8 F4800
;WIDTH:0.447345
G1 F900
G3 X186.984 Y178.156 I-6.813 J2.416 E.02005
;WIDTH:0.447664
G1 X187.113 Y178.739 E.02006
;WIDTH:0.44805
G1 X187.193 Y179.329 E.02008
;WIDTH:0.448524
G1 X187.224 Y179.925 E.02011
;WIDTH:0.449094
G1 X187.206 Y180.521 E.02014
;WIDTH:0.449847
G3 X187.022 Y181.698 I-7.096 J-.502 E.04038
;WIDTH:0.451099
G1 X186.876 Y182.212 E.01813
;WIDTH:0.45163
G1 X186.684 Y182.737 E.01899
;WIDTH:0.452069
G1 X186.451 Y183.245 E.01902
;WIDTH:0.452407
G3 X185.873 Y184.201 I-6.538 J-3.301 E.03808
;WIDTH:0.453333
G3 X185.155 Y185.056 I-6.168 J-4.455 E.03813
;WIDTH:0.452844
G3 X184.314 Y185.791 I-5.173 J-5.074 E.0381
;WIDTH:0.452649
G1 X183.853 Y186.107 E.01904
;WIDTH:0.452408
G1 X183.369 Y186.388 E.01904
;WIDTH:0.452655
G3 X182.345 Y186.832 I-3.625 J-6.956 E.03808
;WIDTH:0.451101
G1 X181.834 Y186.988 E.01813
;WIDTH:0.449845
G3 X180.674 Y187.193 I-1.821 J-6.911 E.03991
;WIDTH:0.45098
G1 X180.133 Y187.222 E.01838
;WIDTH:0.451533
G1 X179.574 Y187.21 E.01899
;WIDTH:0.451989
G1 X179.018 Y187.155 E.01901
;WIDTH:0.452349
G1 X178.468 Y187.057 E.01903
;WIDTH:0.452612
G1 X177.927 Y186.917 E.01904
;WIDTH:0.452774
G3 X176.39 Y186.253 I2.444 J-7.771 E.05714
G1 X175.625 Y185.747 E.03126
;WIDTH:0.448201
G1 X175.162 Y185.365 E.02025
G3 X174.373 Y184.529 I4.816 J-5.337 E.03876
;WIDTH:0.448857
G1 X173.994 Y184.015 E.02157
;WIDTH:0.449911
G1 X173.677 Y183.496 E.02058
;WIDTH:0.450421
G1 X173.427 Y182.998 E.01887
;WIDTH:0.45096
G1 X173.209 Y182.463 E.0196
;WIDTH:0.451432
G1 X173.04 Y181.931 E.01896
;WIDTH:0.451907
G1 X172.913 Y181.387 E.01901
;WIDTH:0.452283
G1 X172.827 Y180.834 E.01902
;WIDTH:0.452566
G3 X172.785 Y179.718 I7.272 J-.836 E.03809
;WIDTH:0.453423
G3 X172.915 Y178.609 I7.624 J.334 E.03814
;WIDTH:0.45321
G3 X173.213 Y177.533 I7.439 J1.482 E.03812
;WIDTH:0.452217
G3 X173.674 Y176.516 I6.887 J2.508 E.03806
;WIDTH:0.45182
G3 X174.642 Y175.153 I7.233 J4.114 E.05693
;WIDTH:0.449962
G1 X175.05 Y174.737 E.0197
;WIDTH:0.450733
G1 X175.471 Y174.373 E.01889
;WIDTH:0.451326
G1 X175.92 Y174.04 E.01899
;WIDTH:0.45144
G1 X176.394 Y173.742 E.01902
G1 X177.027 Y173.417 E.02416
;WIDTH:0.447514
G3 X178.152 Y173.017 I2.94 J6.481 E.0402
;WIDTH:0.447314
G1 X178.742 Y172.887 E.02033
;WIDTH:0.447073
G1 X179.333 Y172.807 E.02004
;WIDTH:0.447202
G1 X179.928 Y172.777 E.02004
;WIDTH:0.447423
G1 X180.524 Y172.795 E.02005
;WIDTH:0.447734
G1 X181.116 Y172.863 E.02007
;WIDTH:0.448138
G1 X181.701 Y172.979 E.02009
;WIDTH:0.448631
G1 X182.274 Y173.143 E.02011
;WIDTH:0.450147
G3 X183.373 Y173.611 I-2.403 J7.17 E.04048
;WIDTH:0.450604
G1 X183.858 Y173.893 E.01903
;WIDTH:0.450792
G3 X184.834 Y174.633 I-3.85 J6.089 E.04159
;WIDTH:0.447875
G3 X185.653 Y175.502 I-4.745 J5.287 E.04024
M73 P57 R4
;WIDTH:0.447562
G1 X186.005 Y175.984 E.02009
;WIDTH:0.447345
G3 X186.795 Y177.549 I-6.009 J4.018 E.0591
G1 X187.582 Y178.814 F24000
;WIDTH:0.451989
G1 F900
G1 X187.651 Y179.414 E.02054
;WIDTH:0.451534
G1 X187.674 Y180 E.01992
;WIDTH:0.450981
G1 X187.652 Y180.595 E.02019
;WIDTH:0.45033
G1 X187.583 Y181.186 E.02016
;WIDTH:0.449847
G1 X187.451 Y181.832 E.0223
;WIDTH:0.448973
G1 X187.284 Y182.411 E.02035
;WIDTH:0.45163
G1 X187.104 Y182.902 E.01779
;WIDTH:0.452069
G1 X186.858 Y183.444 E.02025
;WIDTH:0.452407
G3 X186.243 Y184.462 I-6.885 J-3.462 E.04054
;WIDTH:0.453333
G3 X185.478 Y185.373 I-6.337 J-4.543 E.04062
;WIDTH:0.452844
G3 X184.582 Y186.155 I-5.484 J-5.379 E.04058
;WIDTH:0.452649
G1 X184.092 Y186.492 E.02028
;WIDTH:0.452408
G1 X183.576 Y186.79 E.02026
;WIDTH:0.452655
G3 X182.484 Y187.261 I-3.655 J-6.965 E.04056
;WIDTH:0.451101
G1 X181.914 Y187.432 E.0202
;WIDTH:0.450465
G1 X181.333 Y187.558 E.02017
;WIDTH:0.449845
G1 X180.686 Y187.643 E.02206
;WIDTH:0.449096
G1 X180.085 Y187.673 E.02035
;WIDTH:0.451533
G1 X179.554 Y187.661 E.01804
;WIDTH:0.451989
G1 X178.962 Y187.603 E.02024
;WIDTH:0.452349
G1 X178.375 Y187.5 E.02026
;WIDTH:0.452612
G1 X177.799 Y187.351 E.02027
;WIDTH:0.452774
G3 X175.73 Y186.375 I2.199 J-7.342 E.07827
;WIDTH:0.452466
G3 X174.796 Y185.639 I4.185 J-6.272 E.04054
;WIDTH:0.451628
G1 X174.317 Y185.157 E.0231
;WIDTH:0.452302
G3 X173.588 Y184.217 I5.838 J-5.281 E.0405
;WIDTH:0.450604
G1 X173.28 Y183.708 E.02018
;WIDTH:0.450421
G3 X172.761 Y182.544 I6.526 J-3.607 E.04324
;WIDTH:0.448633
G1 X172.584 Y181.966 E.02038
;WIDTH:0.451907
G1 X172.47 Y181.479 E.01702
;WIDTH:0.452283
G1 X172.378 Y180.891 E.02026
;WIDTH:0.452566
G3 X172.332 Y179.702 I7.654 J-.892 E.04055
;WIDTH:0.453423
G3 X172.47 Y178.521 I7.798 J.314 E.04063
;WIDTH:0.45321
G3 X172.789 Y177.375 I7.644 J1.508 E.04061
;WIDTH:0.452217
G3 X173.281 Y176.293 I7.243 J2.638 E.04052
;WIDTH:0.45182
G3 X174.309 Y174.851 I7.534 J4.286 E.06032
;WIDTH:0.450046
G3 X175.244 Y173.979 I5.468 J4.925 E.04333
;WIDTH:0.448741
G1 X175.732 Y173.624 E.02037
;WIDTH:0.45144
G1 X176.163 Y173.354 E.01727
;WIDTH:0.452677
G3 X177.799 Y172.649 I4.422 J8.012 E.06079
;WIDTH:0.452827
G3 X180.149 Y172.328 I2.202 J7.359 E.08115
;WIDTH:0.452564
G1 X180.743 Y172.362 E.02027
;WIDTH:0.452285
G1 X181.333 Y172.443 E.02026
;WIDTH:0.451906
G1 X181.914 Y172.568 E.02024
;WIDTH:0.45143
G1 X182.485 Y172.739 E.02023
;WIDTH:0.450883
G1 X183.006 Y172.941 E.01895
;WIDTH:0.449867
G3 X184.127 Y173.53 I-2.766 J6.619 E.04291
;WIDTH:0.450792
G1 X184.583 Y173.844 E.01879
;WIDTH:0.452343
G3 X185.479 Y174.627 I-4.986 J6.61 E.04054
;WIDTH:0.452463
G1 X185.878 Y175.067 E.02024
;WIDTH:0.452685
G1 X186.243 Y175.538 E.02028
;WIDTH:0.452812
G3 X186.857 Y176.556 I-6.267 J4.477 E.04058
;WIDTH:0.453491
G3 X187.307 Y177.657 I-6.995 J3.5 E.04064
;WIDTH:0.45261
G1 X187.467 Y178.23 E.02027
;WIDTH:0.45235
G1 X187.574 Y178.775 E.0189
; stop printing object obj_2_MOLD.stl id:0 copy 0
;LAYER_CHANGE
;Z:2.8
;HEIGHT:0.2
;BEFORE_LAYER_CHANGE
G92 E0.0
;2.8
G1 E-.48155 F2100
;WIPE_START
G1 F6594.534
G1 X187.651 Y179.414 E-.20498
G1 X187.665 Y179.77 E-.11346
;WIPE_END
M486 S-1
;AFTER_LAYER_CHANGE
;2.8
;_SET_FAN_SPEED_CHANGING_LAYER
; printing object obj_2_MOLD.stl id:0 copy 0
M486 S0
G1 X187.224 Y179.937 Z2.8 F24000
G1 E.8 F4800
;WIDTH:0.449674
G1 F900
G1 X187.205 Y180.534 E.0202
;WIDTH:0.449847
G3 X187.022 Y181.698 I-7.127 J-.523 E.03991
;WIDTH:0.451098
G1 X186.876 Y182.212 E.01813
;WIDTH:0.451633
G1 X186.684 Y182.737 E.019
;WIDTH:0.452068
G1 X186.451 Y183.245 E.01902
;WIDTH:0.452248
G1 X186.181 Y183.734 E.01903
;WIDTH:0.452886
G3 X185.155 Y185.056 I-6.958 J-4.342 E.05715
G1 X184.497 Y185.652 E.03024
;WIDTH:0.447322
G1 X184.011 Y186.008 E.02025
;WIDTH:0.447598
G1 X183.502 Y186.318 E.02006
;WIDTH:0.447939
G1 X182.989 Y186.576 E.01935
;WIDTH:0.448423
G1 X182.417 Y186.808 E.02082
;WIDTH:0.449537
G1 X181.834 Y186.988 E.02061
;WIDTH:0.449846
G3 X180.674 Y187.193 I-1.821 J-6.91 E.03991
;WIDTH:0.450979
G1 X180.133 Y187.222 E.01838
;WIDTH:0.451533
G1 X179.574 Y187.21 E.01899
;WIDTH:0.451989
G1 X179.018 Y187.155 E.01901
;WIDTH:0.452346
G1 X178.467 Y187.057 E.01903
;WIDTH:0.45261
G1 X177.927 Y186.917 E.01903
;WIDTH:0.452776
G3 X175.469 Y185.623 I2.226 J-7.207 E.0952
;WIDTH:0.447881
G1 X174.736 Y184.947 E.03358
;WIDTH:0.448324
G1 X174.345 Y184.496 E.02009
;WIDTH:0.448856
G1 X173.994 Y184.015 E.02012
;WIDTH:0.449911
G1 X173.677 Y183.496 E.02058
;WIDTH:0.450051
G1 X173.422 Y182.988 E.01924
;WIDTH:0.450909
G1 X173.209 Y182.463 E.01921
;WIDTH:0.451431
G1 X173.04 Y181.931 E.01897
;WIDTH:0.451908
G1 X172.913 Y181.387 E.01901
;WIDTH:0.452285
G1 X172.827 Y180.834 E.01902
;WIDTH:0.452567
G3 X172.785 Y179.718 I7.234 J-.833 E.03809
;WIDTH:0.453142
G3 X172.915 Y178.609 I7.431 J.309 E.03812
;WIDTH:0.452974
G3 X173.213 Y177.533 I7.274 J1.438 E.03811
;WIDTH:0.452364
G1 X173.424 Y177.017 E.01899
;WIDTH:0.452183
G1 X173.708 Y176.458 E.02131
;WIDTH:0.451955
G1 X174.24 Y175.642 E.03313
;WIDTH:0.449408
G1 X174.633 Y175.163 E.02096
;WIDTH:0.449961
G3 X175.485 Y174.36 I5.295 J4.763 E.03965
;WIDTH:0.451408
G1 X175.921 Y174.04 E.01838
;WIDTH:0.45164
G1 X176.394 Y173.742 E.019
G1 X177.027 Y173.417 E.0242
;WIDTH:0.447513
G3 X178.742 Y172.888 I3.202 J7.336 E.0605
;WIDTH:0.447405
G3 X180.524 Y172.795 I1.305 J7.925 E.06013
;WIDTH:0.447734
G1 X181.116 Y172.863 E.02007
;WIDTH:0.448138
G1 X181.701 Y172.979 E.02009
;WIDTH:0.448631
G1 X182.274 Y173.143 E.02011
;WIDTH:0.449817
G3 X183.372 Y173.61 I-2.249 J6.809 E.04043
;WIDTH:0.450603
G1 X183.858 Y173.893 E.01905
;WIDTH:0.451211
G1 X184.319 Y174.21 E.01898
;WIDTH:0.451727
G1 X184.753 Y174.562 E.019
;WIDTH:0.452146
G1 X185.159 Y174.947 E.01902
;WIDTH:0.452464
G1 X185.534 Y175.361 E.01903
;WIDTH:0.452687
G1 X185.876 Y175.803 E.01904
;WIDTH:0.452812
G3 X186.453 Y176.759 I-5.922 J4.225 E.03811
;WIDTH:0.453146
G3 X186.875 Y177.793 I-6.682 J3.336 E.03812
;WIDTH:0.452611
G1 X187.026 Y178.331 E.01904
;WIDTH:0.452349
G1 X187.134 Y178.879 E.01903
;WIDTH:0.451989
G1 X187.2 Y179.434 E.01901
;WIDTH:0.451534
G1 X187.222 Y179.897 E.01575
G1 X187.674 Y180 F24000
;WIDTH:0.450981
G1 F900
G1 X187.652 Y180.595 E.02019
;WIDTH:0.450332
G1 X187.583 Y181.186 E.02016
;WIDTH:0.449847
G1 X187.451 Y181.832 E.0223
;WIDTH:0.448974
G1 X187.284 Y182.411 E.02035
;WIDTH:0.451633
G1 X187.104 Y182.902 E.01779
M73 P58 R4
;WIDTH:0.452068
G1 X186.858 Y183.444 E.02025
;WIDTH:0.452248
G1 X186.57 Y183.965 E.02025
;WIDTH:0.452886
G3 X185.096 Y185.737 I-6.577 J-3.974 E.07887
;WIDTH:0.452633
G3 X184.092 Y186.492 I-5.057 J-5.677 E.04285
;WIDTH:0.452409
G1 X183.576 Y186.79 E.02026
;WIDTH:0.452162
G3 X182.484 Y187.261 I-3.62 J-6.882 E.04051
;WIDTH:0.4511
G1 X181.914 Y187.432 E.0202
;WIDTH:0.450469
G1 X181.333 Y187.558 E.02017
;WIDTH:0.449846
G1 X180.717 Y187.64 E.02102
;WIDTH:0.449671
G1 X180.085 Y187.673 E.02141
;WIDTH:0.451533
G1 X179.554 Y187.661 E.01804
;WIDTH:0.451989
G1 X178.962 Y187.603 E.02024
;WIDTH:0.452346
G1 X178.375 Y187.5 E.02027
;WIDTH:0.45261
G1 X177.799 Y187.351 E.02027
;WIDTH:0.452776
G3 X175.182 Y185.973 I2.354 J-7.642 E.10138
;WIDTH:0.452464
G1 X174.734 Y185.582 E.02027
;WIDTH:0.452146
G1 X174.317 Y185.157 E.02026
;WIDTH:0.451729
G1 X173.934 Y184.701 E.02022
;WIDTH:0.451214
G1 X173.588 Y184.217 E.02021
;WIDTH:0.450604
G1 X173.28 Y183.708 E.02017
;WIDTH:0.450051
G3 X172.761 Y182.544 I6.48 J-3.586 E.0432
;WIDTH:0.448635
G1 X172.584 Y181.966 E.02038
;WIDTH:0.451908
G1 X172.47 Y181.479 E.01702
;WIDTH:0.452285
G1 X172.378 Y180.891 E.02026
;WIDTH:0.452567
G3 X172.332 Y179.702 I7.641 J-.891 E.04055
;WIDTH:0.453142
G3 X172.47 Y178.521 I7.738 J.306 E.04061
;WIDTH:0.452974
G3 X172.789 Y177.375 I7.592 J1.495 E.0406
;WIDTH:0.452364
G1 X173.014 Y176.825 E.02024
;WIDTH:0.452183
G1 X173.315 Y176.234 E.02256
;WIDTH:0.451955
G1 X173.588 Y175.784 E.01793
;WIDTH:0.451731
G3 X174.316 Y174.843 I6.868 J4.564 E.04049
;WIDTH:0.450047
G3 X175.227 Y173.992 I5.521 J4.998 E.04224
;WIDTH:0.449298
G1 X175.732 Y173.624 E.02109
;WIDTH:0.45164
G1 X176.163 Y173.354 E.01731
;WIDTH:0.452424
G3 X177.237 Y172.841 I4.02 J7.037 E.04054
;WIDTH:0.452727
G3 X178.309 Y172.516 I2.717 J7.026 E.03824
;WIDTH:0.452262
G1 X179.029 Y172.389 E.02487
;WIDTH:0.452756
G3 X180.149 Y172.328 I.97 J7.474 E.03826
;WIDTH:0.452565
G1 X180.743 Y172.362 E.02028
;WIDTH:0.452284
G1 X181.333 Y172.443 E.02025
;WIDTH:0.451907
G1 X181.914 Y172.568 E.02024
;WIDTH:0.45143
G1 X182.484 Y172.739 E.02022
;WIDTH:0.45086
G1 X183.04 Y172.953 E.02019
;WIDTH:0.450189
G1 X183.577 Y173.21 E.02016
;WIDTH:0.449912
G1 X184.151 Y173.547 E.02255
;WIDTH:0.448856
G1 X184.645 Y173.893 E.02036
;WIDTH:0.451727
G1 X185.046 Y174.218 E.01753
;WIDTH:0.452146
G1 X185.479 Y174.627 E.02025
;WIDTH:0.452464
G1 X185.878 Y175.067 E.02026
;WIDTH:0.452687
G1 X186.243 Y175.538 E.02028
;WIDTH:0.452812
G3 X186.857 Y176.556 I-6.258 J4.471 E.04057
;WIDTH:0.453146
G3 X187.307 Y177.657 I-6.931 J3.474 E.04061
;WIDTH:0.452611
G1 X187.467 Y178.23 E.02027
;WIDTH:0.452349
G1 X187.582 Y178.814 E.02026
;WIDTH:0.451989
G1 X187.651 Y179.414 E.02054
;WIDTH:0.451534
G1 X187.673 Y179.96 E.01856
; stop printing object obj_2_MOLD.stl id:0 copy 0
;LAYER_CHANGE
;Z:3
;HEIGHT:0.2
;BEFORE_LAYER_CHANGE
G92 E0.0
;3
G1 E-.48219 F2100
;WIPE_START
G1 F6607.703
G1 X187.652 Y180.595 E-.20183
G1 X187.609 Y180.957 E-.11598
;WIPE_END
M486 S-1
;AFTER_LAYER_CHANGE
;3
;_SET_FAN_SPEED_CHANGING_LAYER
; printing object obj_2_MOLD.stl id:0 copy 0
M486 S0
G1 X187.138 Y181.118 Z3 F24000
G1 E.8 F4800
;WIDTH:0.449846
G1 F900
G3 X187.022 Y181.698 I-7.06 J-1.107 E.02001
;WIDTH:0.4511
G1 X186.876 Y182.212 E.01813
;WIDTH:0.451634
G1 X186.684 Y182.737 E.019
;WIDTH:0.452069
G1 X186.451 Y183.245 E.01902
;WIDTH:0.452408
G1 X186.181 Y183.734 E.01903
;WIDTH:0.45265
G1 X185.873 Y184.201 E.01904
;WIDTH:0.452802
G3 X184.353 Y185.761 I-5.916 J-4.241 E.07452
;WIDTH:0.452398
G3 X183.37 Y186.387 I-4.401 J-5.83 E.03974
;WIDTH:0.452069
G1 X182.866 Y186.629 E.01902
;WIDTH:0.451633
G1 X182.345 Y186.832 E.019
;WIDTH:0.4511
G1 X181.834 Y186.988 E.01813
;WIDTH:0.449846
G3 X180.674 Y187.193 I-1.821 J-6.911 E.03991
;WIDTH:0.450981
G1 X180.133 Y187.222 E.01838
;WIDTH:0.451533
G1 X179.574 Y187.21 E.01899
;WIDTH:0.451989
G1 X179.018 Y187.155 E.01901
;WIDTH:0.452347
G1 X178.468 Y187.057 E.01903
;WIDTH:0.452612
G1 X177.927 Y186.917 E.01903
;WIDTH:0.452777
G3 X175.958 Y185.984 I2.096 J-6.966 E.07452
;WIDTH:0.452463
G3 X175.083 Y185.29 I4.171 J-6.159 E.03807
;WIDTH:0.451723
G3 X174.295 Y184.43 I5.019 J-5.39 E.03968
;WIDTH:0.451214
G1 X173.986 Y184.004 E.01788
;WIDTH:0.449912
G3 X173.415 Y182.973 I5.952 J-3.971 E.03992
;WIDTH:0.450858
G3 X173.026 Y181.884 I6.81 J-3.046 E.03927
;WIDTH:0.451917
G1 X172.913 Y181.387 E.01733
;WIDTH:0.452285
G1 X172.827 Y180.834 E.01904
;WIDTH:0.452567
G1 X172.784 Y180.277 E.01903
;WIDTH:0.452751
G3 X173.214 Y177.533 I7.54 J-.227 E.0952
;WIDTH:0.452519
G1 X173.424 Y177.015 E.01903
;WIDTH:0.452217
G1 X173.674 Y176.516 E.01902
;WIDTH:0.451821
G1 X173.961 Y176.037 E.01897
;WIDTH:0.451294
G1 X174.261 Y175.613 E.01765
;WIDTH:0.450047
G3 X175.05 Y174.737 I5.647 J4.297 E.03993
;WIDTH:0.451082
G1 X175.433 Y174.405 E.01723
;WIDTH:0.451294
G1 X175.921 Y174.039 E.02068
;WIDTH:0.451823
G1 X176.394 Y173.743 E.01898
;WIDTH:0.452192
G1 X176.845 Y173.505 E.01733
;WIDTH:0.452493
G1 X177.403 Y173.262 E.02074
;WIDTH:0.45272
G1 X177.931 Y173.082 E.01901
;WIDTH:0.452826
G3 X180.137 Y172.78 I2.073 J6.943 E.0762
;WIDTH:0.452565
G1 X180.695 Y172.812 E.01904
;WIDTH:0.452283
G1 X181.249 Y172.887 E.01902
;WIDTH:0.451906
G1 X181.796 Y173.004 E.01901
;WIDTH:0.451432
G1 X182.287 Y173.147 E.01736
;WIDTH:0.449813
G3 X183.383 Y173.617 I-2.25 J6.768 E.04042
;WIDTH:0.450618
G1 X183.858 Y173.893 E.01862
;WIDTH:0.451213
G1 X184.319 Y174.211 E.01901
;WIDTH:0.451852
G1 X184.715 Y174.531 E.01732
;WIDTH:0.452119
G1 X185.159 Y174.947 E.02072
;WIDTH:0.452465
G1 X185.534 Y175.361 E.019
;WIDTH:0.452686
G1 X185.876 Y175.803 E.01905
;WIDTH:0.452813
G3 X186.875 Y177.793 I-5.898 J4.209 E.0762
;WIDTH:0.452611
G1 X187.026 Y178.331 E.01904
;WIDTH:0.452349
G1 X187.134 Y178.879 E.01903
;WIDTH:0.451989
G1 X187.2 Y179.434 E.01901
;WIDTH:0.451534
G1 X187.224 Y179.937 E.01711
;WIDTH:0.449674
G1 X187.205 Y180.534 E.0202
;WIDTH:0.449846
G3 X187.144 Y181.079 I-7.127 J-.522 E.01855
G1 X187.674 Y180 F24000
;WIDTH:0.450981
G1 F900
G1 X187.652 Y180.595 E.02019
;WIDTH:0.450332
G1 X187.583 Y181.186 E.02016
;WIDTH:0.449846
G1 X187.451 Y181.832 E.0223
;WIDTH:0.448975
G1 X187.284 Y182.411 E.02035
;WIDTH:0.451634
G1 X187.104 Y182.902 E.01779
;WIDTH:0.452069
G1 X186.858 Y183.444 E.02025
;WIDTH:0.452408
G1 X186.57 Y183.965 E.02026
;WIDTH:0.45265
G1 X186.243 Y184.462 E.02027
;WIDTH:0.452802
G3 X184.622 Y186.125 I-6.238 J-4.46 E.07944
;WIDTH:0.452398
G3 X183.576 Y186.789 I-4.598 J-6.078 E.04223
M73 P59 R4
;WIDTH:0.452069
G1 X183.04 Y187.046 E.02025
;WIDTH:0.451633
G1 X182.484 Y187.261 E.02023
;WIDTH:0.4511
G1 X181.914 Y187.432 E.0202
;WIDTH:0.450468
G1 X181.333 Y187.558 E.02017
;WIDTH:0.449846
G1 X180.686 Y187.643 E.02206
;WIDTH:0.449097
G1 X180.085 Y187.673 E.02035
;WIDTH:0.451533
G1 X179.554 Y187.661 E.01804
;WIDTH:0.451989
G1 X178.962 Y187.603 E.02024
;WIDTH:0.452347
G1 X178.375 Y187.5 E.02027
;WIDTH:0.452612
G1 X177.799 Y187.351 E.02027
;WIDTH:0.452777
G3 X175.701 Y186.356 I2.2 J-7.346 E.07944
;WIDTH:0.452463
G3 X174.771 Y185.616 I4.227 J-6.269 E.04054
;WIDTH:0.451723
G3 X173.934 Y184.701 I5.201 J-5.596 E.04216
;WIDTH:0.451214
G1 X173.588 Y184.217 E.02021
;WIDTH:0.450604
G1 X173.28 Y183.708 E.02017
;WIDTH:0.449912
G1 X172.994 Y183.13 E.02182
;WIDTH:0.449219
G1 X172.77 Y182.57 E.02037
;WIDTH:0.44903
G1 X172.583 Y181.966 E.02136
;WIDTH:0.451917
G1 X172.47 Y181.479 E.017
;WIDTH:0.452285
G1 X172.378 Y180.891 E.02026
;WIDTH:0.452567
G1 X172.332 Y180.298 E.02027
;WIDTH:0.452751
G3 X172.789 Y177.375 I7.993 J-.247 E.10138
;WIDTH:0.452519
G1 X173.014 Y176.824 E.02027
;WIDTH:0.452217
G1 X173.281 Y176.293 E.02025
;WIDTH:0.451821
G1 X173.588 Y175.783 E.02022
;WIDTH:0.451294
G1 X173.966 Y175.26 E.02192
;WIDTH:0.451082
G1 X174.316 Y174.843 E.0185
;WIDTH:0.450047
G1 X174.766 Y174.388 E.02165
;WIDTH:0.449397
G1 X175.243 Y173.982 E.02117
;WIDTH:0.44869
G1 X175.732 Y173.624 E.02046
;WIDTH:0.451823
G1 X176.163 Y173.354 E.01728
;WIDTH:0.452192
G1 X176.645 Y173.099 E.01855
;WIDTH:0.452493
G1 X177.237 Y172.841 E.02198
;WIDTH:0.45272
G1 X177.799 Y172.649 E.02026
;WIDTH:0.452826
G3 X180.149 Y172.328 I2.202 J7.359 E.08115
;WIDTH:0.452565
G1 X180.743 Y172.362 E.02028
;WIDTH:0.452283
G1 X181.333 Y172.443 E.02025
;WIDTH:0.451906
G1 X181.914 Y172.568 E.02024
;WIDTH:0.451432
G1 X182.484 Y172.739 E.02021
;WIDTH:0.450859
G1 X183.04 Y172.953 E.02018
;WIDTH:0.450154
G1 X183.621 Y173.234 E.02185
;WIDTH:0.45
G1 X184.127 Y173.53 E.01985
;WIDTH:0.451213
G1 X184.583 Y173.844 E.01881
;WIDTH:0.451852
G1 X185.008 Y174.186 E.01853
;WIDTH:0.452119
G1 X185.479 Y174.627 E.02196
;WIDTH:0.452465
G1 X185.878 Y175.067 E.02025
;WIDTH:0.452686
G1 X186.243 Y175.538 E.02028
;WIDTH:0.452813
G3 X187.307 Y177.657 I-6.25 J4.466 E.08114
;WIDTH:0.452611
G1 X187.467 Y178.23 E.02027
;WIDTH:0.452349
G1 X187.582 Y178.814 E.02026
;WIDTH:0.451989
G1 X187.651 Y179.414 E.02054
;WIDTH:0.451534
G1 X187.673 Y179.96 E.01856
; stop printing object obj_2_MOLD.stl id:0 copy 0
M106 S76
;LAYER_CHANGE
;Z:3.2
;HEIGHT:0.2
;BEFORE_LAYER_CHANGE
G92 E0.0
;3.2
G1 E-.48219 F2100
;WIPE_START
G1 F6607.703
G1 X187.652 Y180.595 E-.20183
G1 X187.609 Y180.957 E-.11598
;WIPE_END
M486 S-1
;AFTER_LAYER_CHANGE
;3.2
;_SET_FAN_SPEED_CHANGING_LAYER
; printing object obj_2_MOLD.stl id:0 copy 0
M486 S0
G1 X187.674 Y179.983 Z3.2 F24000
G1 E.8 F4800
;WIDTH:0.449999
G1 F927
G3 X186.85 Y176.54 I-7.672 J.017 E1.51086
G3 X187.652 Y179.422 I-7.152 J3.544 E.10186
G3 X187.674 Y179.943 I-7.651 J.577 E.01763
M204 T1500
G1 X186.787 Y179.964 F24000
M204 P1500
;TYPE:Overhang wall
G1 F900
M106 S127
G1 X186.791 Y179.747 E.00735
G1 X186.716 Y178.96 E.02676
G1 X186.55 Y178.188 E.02673
G1 X186.295 Y177.44 E.02675
G1 X185.955 Y176.726 E.02677
G1 X185.535 Y176.057 E.02674
G1 X185.04 Y175.441 E.02675
G1 X184.476 Y174.887 E.02676
G1 X183.852 Y174.402 E.02675
G1 X183.177 Y173.992 E.02673
G1 X182.458 Y173.664 E.02675
G1 X181.772 Y173.441 E.02442
G1 X180.931 Y173.268 E.02906
G1 X180.142 Y173.206 E.02679
G1 X179.353 Y173.235 E.02672
G1 X178.572 Y173.356 E.02675
M73 P60 R4
G1 X177.877 Y173.546 E.02439
G1 X177.079 Y173.864 E.02908
G1 X176.385 Y174.245 E.0268
G1 X175.742 Y174.704 E.02674
G1 X175.156 Y175.234 E.02674
G1 X174.635 Y175.829 E.02677
G1 X174.187 Y176.48 E.02675
G1 X173.818 Y177.178 E.02672
G1 X173.532 Y177.915 E.02676
G1 X173.334 Y178.68 E.02675
G1 X173.225 Y179.463 E.02676
G1 X173.209 Y180.253 E.02675
G1 X173.284 Y181.04 E.02676
G1 X173.45 Y181.812 E.02673
G1 X173.705 Y182.56 E.02675
G1 X174.045 Y183.274 E.02677
G1 X174.465 Y183.943 E.02674
G1 X174.96 Y184.559 E.02675
G1 X175.524 Y185.113 E.02676
G1 X176.148 Y185.598 E.02675
G1 X176.823 Y186.008 E.02673
G1 X177.542 Y186.336 E.02675
G1 X178.295 Y186.578 E.02677
G1 X179.07 Y186.732 E.02675
G1 X179.858 Y186.794 E.02676
G1 X180.647 Y186.765 E.02672
G1 X181.428 Y186.644 E.02675
G1 X182.19 Y186.433 E.02676
G1 X182.922 Y186.136 E.02674
G1 X183.615 Y185.755 E.02677
G1 X184.258 Y185.296 E.02674
G1 X184.844 Y184.766 E.02674
G1 X185.365 Y184.171 E.02677
G1 X185.813 Y183.52 E.02675
G1 X186.182 Y182.822 E.02672
G1 X186.468 Y182.085 E.02676
G1 X186.666 Y181.32 E.02675
G1 X186.775 Y180.537 E.02676
G1 X186.786 Y180.004 E.01805
M204 T5000
G1 X187.23 Y180 F24000
M204 P3000
;TYPE:Inner wall
;WIDTH:0.481154
G1 F927
M106 S76
G3 X185.559 Y184.623 I-7.232 J-.001 E.18279
;WIDTH:0.479934
G1 X185.165 Y185.067 E.02157
;WIDTH:0.481152
G3 X183.858 Y186.121 I-6.528 J-6.758 E.06125
G3 X181.287 Y187.115 I-3.908 J-6.286 E.10104
;WIDTH:0.47993
G1 X180.7 Y187.201 E.02156
;WIDTH:0.481152
G3 X174.626 Y184.844 I-.672 J-7.27 E.24608
G3 X172.818 Y179.161 I5.407 J-4.849 E.22394
G3 X173.425 Y176.983 I7.512 J.918 E.08269
;WIDTH:0.47993
G1 X173.685 Y176.479 E.02059
;WIDTH:0.48111
G3 X176.899 Y173.464 I6.37 J3.57 E.16313
;WIDTH:0.48487
G3 X177.926 Y173.073 I3.702 J8.162 E.0404
;WIDTH:0.479642
G1 X178.468 Y172.929 E.02037
;WIDTH:0.481154
G3 X180.7 Y172.804 I1.54 J7.506 E.08175
;WIDTH:0.482898
G3 X181.841 Y173.005 I-.818 J7.969 E.04241
;WIDTH:0.480446
G1 X182.341 Y173.159 E.01904
;WIDTH:0.481154
G3 X187.036 Y178.333 I-2.348 J6.847 E.26567
G3 X187.209 Y179.44 I-5.717 J1.461 E.04089
G3 X187.23 Y179.96 I-7.211 J.56 E.01898
; stop printing object obj_2_MOLD.stl id:0 copy 0
;LAYER_CHANGE
;Z:3.4
;HEIGHT:0.2
;BEFORE_LAYER_CHANGE
G92 E0.0
;3.4
G1 E-.45915 F2100
;WIPE_START
G1 F6161.092
G1 X187.214 Y180.561 E-.20482
G1 X187.164 Y180.957 E-.13603
;WIPE_END
M486 S-1
;AFTER_LAYER_CHANGE
;3.4
;_SET_FAN_SPEED_CHANGING_LAYER
; printing object obj_2_MOLD.stl id:0 copy 0
M486 S0
G1 X187.039 Y181.66 Z3.4 F24000
G1 E.8 F4800
;WIDTH:0.476063
G1 F1318
G1 X187.037 Y181.668 E.00028
G3 X180.14 Y187.232 I-7.039 J-1.669 E.3435
;WIDTH:0.477515
G3 X179.021 Y187.167 I-.125 J-7.499 E.04054
;WIDTH:0.475861
G1 X178.469 Y187.069 E.0202
;WIDTH:0.476065
G3 X176.88 Y186.525 I1.769 J-7.758 E.0606
;WIDTH:0.477524
G3 X175.921 Y185.973 I3.226 J-6.705 E.04002
;WIDTH:0.476045
G1 X175.458 Y185.63 E.02075
;WIDTH:0.475786
G3 X174.642 Y184.862 I4.879 J-6.007 E.04039
;WIDTH:0.476066
G3 X173.198 Y177.54 I5.387 J-4.865 E.28229
;WIDTH:0.475786
G1 X173.413 Y177.006 E.02072
;WIDTH:0.479142
G3 X173.956 Y176.025 I7.724 J3.634 E.04069
;WIDTH:0.474475
G1 X174.281 Y175.568 E.02014
;WIDTH:0.476066
G3 X176.915 Y173.457 I5.828 J4.575 E.12262
;WIDTH:0.479311
G3 X177.925 Y173.07 I3.412 J7.389 E.03929
;WIDTH:0.474473
G1 X178.468 Y172.929 E.02014
;WIDTH:0.476065
G3 X180.7 Y172.801 I1.538 J7.308 E.08082
;WIDTH:0.477515
G3 X181.804 Y172.996 I-.746 J7.463 E.04055
;WIDTH:0.47586
G1 X182.342 Y173.156 E.02019
;WIDTH:0.476064
G3 X185.886 Y175.793 I-2.399 J6.926 E.16162
M73 P61 R4
;WIDTH:0.479323
G3 X186.464 Y176.754 I-6.95 J4.836 E.04072
;WIDTH:0.474472
G1 X186.698 Y177.264 E.02013
;WIDTH:0.476066
G3 X187.233 Y180.008 I-6.985 J2.785 E.1013
;WIDTH:0.476063
G3 X187.147 Y181.109 I-7.234 J-.01 E.03981
G1 X187.047 Y181.621 E.01878
M204 T2500
G1 X187.473 Y181.745 F24000
M204 P2500
;TYPE:Outer wall
;WIDTH:0.449999
G1 F1318
G3 X187.461 Y178.205 I-7.471 J-1.745 E1.51077
G3 X187.674 Y180.026 I-8.568 J1.924 E.06214
G3 X187.482 Y181.706 I-7.672 J-.026 E.05737
M204 T5000
G1 X186.616 Y181.564 F24000
M204 P3000
;TYPE:Inner wall
;WIDTH:0.476066
G1 F1318
G2 X186.717 Y181.055 I-6.855 J-1.63 E.01869
G2 X186.78 Y179.477 I-6.966 J-1.065 E.05698
G2 X186.476 Y177.928 I-7.023 J.571 E.05698
G1 X186.291 Y177.404 E.02002
;WIDTH:0.474472
G1 X186.076 Y176.942 E.01827
;WIDTH:0.479323
G2 X185.523 Y176.023 I-10.569 J5.732 E.03895
;WIDTH:0.476064
G2 X184.457 Y174.856 I-7.137 J5.452 E.05699
G2 X183.151 Y173.967 I-5.688 J6.952 E.05699
G2 X182.204 Y173.566 I-3.739 J7.51 E.03703
;WIDTH:0.47586
G1 X181.706 Y173.417 E.01874
;WIDTH:0.477515
G2 X180.663 Y173.233 I-1.854 J7.438 E.03831
;WIDTH:0.476065
G2 X179.084 Y173.262 I-.658 J7.016 E.05698
G1 X178.536 Y173.353 E.02002
;WIDTH:0.474473
G1 X178.044 Y173.485 E.01827
;WIDTH:0.479311
G2 X177.054 Y173.864 I3.981 J11.879 E.03846
;WIDTH:0.476067
G2 X175.719 Y174.709 I4.177 J8.082 E.05699
G1 X175.331 Y175.056 E.01874
;WIDTH:0.476066
G2 X174.606 Y175.85 I5.585 J5.835 E.03874
;WIDTH:0.474475
G1 X174.314 Y176.267 E.01828
;WIDTH:0.479142
G2 X173.794 Y177.206 I10.18 J6.247 E.03896
;WIDTH:0.475786
G1 X173.604 Y177.692 E.01876
;WIDTH:0.476066
G2 X173.327 Y181.306 I6.404 J2.308 E.13216
G2 X173.814 Y182.823 I6.9 J-1.381 E.05749
G2 X174.632 Y184.173 I6.361 J-2.929 E.05698
G1 X174.977 Y184.592 E.01953
;WIDTH:0.475786
G2 X175.728 Y185.291 I5.993 J-5.683 E.03695
;WIDTH:0.476045
G1 X176.158 Y185.61 E.01929
;WIDTH:0.477524
G2 X177.063 Y186.133 I4.232 J-6.285 E.03779
;WIDTH:0.476065
G2 X178.557 Y186.646 I3.05 J-6.448 E.05703
;WIDTH:0.475861
G1 X179.07 Y186.736 E.01874
;WIDTH:0.477515
G2 X180.128 Y186.798 I.978 J-7.603 E.03831
;WIDTH:0.476066
G2 X181.692 Y186.586 I-.161 J-7.045 E.05698
G2 X183.165 Y186.018 I-1.781 J-6.818 E.05698
G2 X184.468 Y185.126 I-3.306 J-6.223 E.05698
G2 X185.529 Y183.957 I-4.651 J-5.293 E.05698
G2 X186.293 Y182.575 I-5.747 J-4.078 E.05698
G2 X186.607 Y181.603 I-6.532 J-2.642 E.03685
M204 T1500
G1 X186.2 Y181.415 F24000
M204 P1500
;TYPE:Overhang wall
;WIDTH:0.449999
G1 F900
M106 S127
G1 X186.246 Y181.237 E.00622
G1 X186.347 Y180.504 E.02505
G1 X186.363 Y179.764 E.02505
G1 X186.292 Y179.027 E.02506
G1 X186.137 Y178.303 E.02506
G1 X185.898 Y177.602 E.02507
G1 X185.639 Y177.05 E.02064
G1 X185.187 Y176.308 E.02941
G1 X184.722 Y175.729 E.02514
G1 X184.194 Y175.21 E.02506
G1 X183.61 Y174.755 E.02506
G1 X182.977 Y174.372 E.02504
G1 X182.303 Y174.064 E.02508
G1 X181.724 Y173.873 E.02064
G1 X180.875 Y173.694 E.02937
G1 X180.134 Y173.634 E.02516
G1 X179.394 Y173.662 E.02507
G1 X178.662 Y173.775 E.02507
G1 X178.074 Y173.934 E.02062
G1 X177.265 Y174.251 E.02941
G1 X176.614 Y174.608 E.02513
G1 X176.011 Y175.038 E.02507
G1 X175.462 Y175.534 E.02504
G1 X174.974 Y176.091 E.02507
G1 X174.625 Y176.591 E.02064
G1 X174.209 Y177.354 E.02942
G1 X173.94 Y178.046 E.02513
G1 X173.754 Y178.763 E.02507
G1 X173.653 Y179.496 E.02505
G1 X173.637 Y180.236 E.02505
G1 X173.708 Y180.973 E.02506
G1 X173.863 Y181.697 E.02506
G1 X174.102 Y182.398 E.02507
G1 X174.42 Y183.067 E.02507
G1 X174.814 Y183.694 E.02507
G1 X175.278 Y184.271 E.02506
G1 X175.806 Y184.79 E.02506
G1 X176.285 Y185.168 E.02065
G1 X177.021 Y185.627 E.02936
G1 X177.697 Y185.936 E.02516
G1 X178.402 Y186.163 E.02507
G1 X178.999 Y186.285 E.02063
G1 X179.864 Y186.365 E.0294
G1 X180.606 Y186.338 E.02513
G1 X181.338 Y186.225 E.02507
M73 P62 R4
G1 X182.051 Y186.027 E.02505
G1 X182.737 Y185.749 E.02505
G1 X183.386 Y185.392 E.02507
G1 X183.989 Y184.962 E.02507
G1 X184.538 Y184.466 E.02504
G1 X185.026 Y183.909 E.02507
G1 X185.446 Y183.299 E.02507
G1 X185.792 Y182.644 E.02507
G1 X186.06 Y181.954 E.02506
G1 X186.19 Y181.453 E.01752
; stop printing object obj_2_MOLD.stl id:0 copy 0
;LAYER_CHANGE
;Z:3.6
;HEIGHT:0.2
;BEFORE_LAYER_CHANGE
G92 E0.0
;3.6
G1 E-.16 F2100
;WIPE_START
G1 F900
G1 X186.246 Y181.237 E-.14281
G1 X186.347 Y180.504 E-.47386
G1 X186.348 Y180.467 E-.02333
;WIPE_END
M486 S-1
;AFTER_LAYER_CHANGE
;3.6
;_SET_FAN_SPEED_CHANGING_LAYER
; printing object obj_2_MOLD.stl id:0 copy 0
M204 T5000
M486 S0
G1 X187.17 Y180.209 Z3.6 F24000
G1 E.8 F4800
M204 P3000
;TYPE:Inner wall
G1 F1660
M106 S76
G1 X187.157 Y180.614 E.01373
G1 X187.067 Y181.31 E.02376
G3 X184.453 Y185.64 I-7.112 J-1.339 E.17486
G1 X183.781 Y186.107 E.02773
G1 X183.168 Y186.451 E.02376
G3 X179.783 Y187.183 I-3.155 J-6.394 E.11842
G1 X178.804 Y187.088 E.0333
G3 X175.22 Y185.364 I1.254 J-7.197 E.13634
G1 X174.64 Y184.781 E.02783
G1 X174.197 Y184.24 E.02366
G3 X172.889 Y181.035 I5.762 J-4.22 E.11836
G1 X172.819 Y180.219 E.02774
G1 X172.829 Y179.519 E.0237
G3 X173.18 Y177.733 I7.648 J.575 E.06172
G1 X173.487 Y176.973 E.02777
G1 X173.808 Y176.351 E.02368
G3 X174.924 Y174.914 I6.775 J4.107 E.06172
G1 X175.679 Y174.257 E.03389
G1 X176.233 Y173.881 E.02265
G1 X176.955 Y173.493 E.02775
G1 X177.602 Y173.225 E.0237
G3 X179.38 Y172.84 I2.502 J7.254 E.06172
G1 X180.2 Y172.82 E.02776
G1 X180.92 Y172.872 E.02446
G3 X182.659 Y173.324 I-1.102 J7.811 E.06094
G1 X183.401 Y173.672 E.02774
G1 X184.002 Y174.031 E.0237
G3 X186.329 Y176.594 I-3.964 J5.934 E.11835
G1 X186.672 Y177.339 E.02776
G1 X186.909 Y178.021 E.02445
G3 X187.184 Y179.797 I-7.464 J2.066 E.06096
G1 X187.172 Y180.169 E.0126
M204 T2500
G1 X187.613 Y180.224 F24000
M204 P2500
;TYPE:Outer wall
G1 F1660
G3 X179.756 Y187.611 I-7.617 J-.23 E.40553
G1 X178.746 Y187.512 E.03434
G3 X174.926 Y185.676 I1.316 J-7.631 E.14531
G1 X174.321 Y185.067 E.02905
G1 X173.858 Y184.503 E.02472
G3 X172.777 Y177.586 I6.143 J-4.503 E.24621
G1 X173.097 Y176.794 E.02893
G1 X173.433 Y176.144 E.02475
G3 X187.562 Y179.093 I6.566 J3.863 E.642
G1 X187.611 Y180.184 E.03695
M204 T5000
G1 X186.352 Y180.192 F24000
M204 P3000
;TYPE:Inner wall
G1 F1660
G1 X186.362 Y179.789 E.01367
G1 X186.295 Y179.051 E.02506
G1 X186.142 Y178.327 E.02506
G1 X185.906 Y177.625 E.02506
G1 X185.591 Y176.956 E.02506
G1 X185.2 Y176.327 E.02506
G1 X184.738 Y175.748 E.02506
G1 X184.212 Y175.227 E.02506
G1 X183.63 Y174.77 E.02506
G1 X182.998 Y174.384 E.02506
G1 X182.326 Y174.074 E.02506
G1 X181.622 Y173.844 E.02506
G1 X180.897 Y173.698 E.02506
G1 X180.159 Y173.636 E.02506
G1 X179.419 Y173.661 E.02506
G1 X178.687 Y173.771 E.02506
G1 X177.973 Y173.965 E.02506
G1 X177.286 Y174.242 E.02506
G1 X176.636 Y174.596 E.02506
G1 X176.031 Y175.023 E.02506
G1 X175.473 Y175.524 E.02539
G1 X174.99 Y176.072 E.02473
G1 X174.568 Y176.68 E.02506
G1 X174.219 Y177.333 E.02506
G1 X173.949 Y178.023 E.02506
G1 X173.76 Y178.738 E.02506
G1 X173.656 Y179.471 E.02506
G1 X173.638 Y180.211 E.02506
G1 X173.705 Y180.949 E.02506
G1 X173.858 Y181.673 E.02506
G1 X174.094 Y182.375 E.02506
G1 X174.409 Y183.044 E.02506
G1 X174.8 Y183.673 E.02506
G1 X175.262 Y184.252 E.02506
G1 X175.788 Y184.773 E.02506
G1 X176.37 Y185.23 E.02506
G1 X177.002 Y185.616 E.02506
G1 X177.674 Y185.926 E.02506
G1 X178.378 Y186.156 E.02506
G1 X179.103 Y186.302 E.02506
G1 X179.841 Y186.364 E.02506
G1 X180.581 Y186.339 E.02506
G1 X181.313 Y186.229 E.02506
G1 X182.027 Y186.035 E.02506
G1 X182.714 Y185.758 E.02506
G1 X183.364 Y185.404 E.02506
G1 X183.969 Y184.977 E.02506
G1 X184.52 Y184.483 E.02506
G1 X185.01 Y183.928 E.02506
G1 X185.432 Y183.32 E.02506
G1 X185.781 Y182.667 E.02506
G1 X186.051 Y181.977 E.02506
G1 X186.24 Y181.262 E.02506
G1 X186.344 Y180.529 E.02506
G1 X186.351 Y180.232 E.01004
M204 T1500
G1 X185.925 Y180.188 F24000
M204 P1500
;TYPE:Overhang wall
G1 F900
M106 S127
G1 X185.934 Y179.78 E.01381
G1 X185.868 Y179.093 E.02336
G1 X185.723 Y178.418 E.02337
G1 X185.501 Y177.764 E.02338
G1 X185.204 Y177.141 E.02336
G1 X184.837 Y176.556 E.02338
G1 X184.404 Y176.017 E.0234
G1 X183.912 Y175.533 E.02336
G1 X183.367 Y175.109 E.02337
G1 X182.777 Y174.751 E.02336
G1 X182.149 Y174.464 E.02337
G1 X181.491 Y174.252 E.0234
G1 X180.814 Y174.118 E.02336
G1 X180.126 Y174.063 E.02336
G1 X179.436 Y174.089 E.02337
G1 X178.753 Y174.194 E.02339
G1 X178.088 Y174.378 E.02336
G1 X177.448 Y174.638 E.02338
G1 X176.843 Y174.971 E.02338
G1 X176.28 Y175.371 E.02338
G1 X175.766 Y175.837 E.02348
G1 X175.313 Y176.354 E.02327
G1 X174.922 Y176.923 E.02337
G1 X174.599 Y177.533 E.02336
G1 X174.349 Y178.177 E.02338
G1 X174.175 Y178.845 E.02337
G1 X174.081 Y179.529 E.02337
M73 P63 R4
G1 X174.066 Y180.22 E.0234
G1 X174.132 Y180.907 E.02336
G1 X174.277 Y181.582 E.02337
G1 X174.499 Y182.236 E.02338
G1 X174.796 Y182.859 E.02336
G1 X175.163 Y183.444 E.02338
G1 X175.596 Y183.983 E.0234
G1 X176.088 Y184.467 E.02336
G1 X176.633 Y184.891 E.02337
G1 X177.223 Y185.249 E.02336
G1 X177.851 Y185.536 E.02337
G1 X178.509 Y185.748 E.0234
G1 X179.186 Y185.882 E.02336
G1 X179.874 Y185.937 E.02336
G1 X180.564 Y185.911 E.02337
G1 X181.247 Y185.806 E.02339
G1 X181.912 Y185.622 E.02336
G1 X182.552 Y185.362 E.02338
G1 X183.157 Y185.029 E.02338
G1 X183.72 Y184.629 E.02338
G1 X184.232 Y184.165 E.02339
G1 X184.687 Y183.646 E.02336
G1 X185.078 Y183.077 E.02337
G1 X185.401 Y182.467 E.02336
G1 X185.651 Y181.823 E.02338
G1 X185.825 Y181.155 E.02337
G1 X185.919 Y180.471 E.02337
G1 X185.924 Y180.228 E.00823
M204 T5000
G1 E-.16 F2100
;WIPE_START
G1 F900
G1 X185.934 Y179.78 E-.28656
G1 X185.881 Y179.231 E-.35344
;WIPE_END
G1 X174.46 Y183.887 F24000
G1 E.8 F4800
M204 P4000
;TYPE:Internal solid infill
;WIDTH:0.462738
G1 F1660
M106 S76
G2 X175.564 Y185.124 I6.315 J-4.523 E.058
G1 X176.164 Y185.578 E.02626
G1 X176.804 Y185.974 E.02627
G2 X178.344 Y186.57 I3.746 J-7.395 E.05774
G1 X179.075 Y186.707 E.02597
G1 X179.847 Y186.775 E.02704
G2 X181.952 Y186.483 I.093 J-7.058 E.07447
G1 X182.928 Y186.112 E.03647
G2 X185.675 Y183.698 I-3.019 J-6.205 E.12919
G2 X186.37 Y182.301 I-6.561 J-4.137 E.05456
G1 X186.652 Y181.296 E.03642
G1 X186.727 Y180.79 E.01786
G1 X186.773 Y179.797 E.0347
G1 X186.726 Y179.222 E.02014
G1 X186.532 Y178.192 E.03659
G2 X182.474 Y173.692 I-6.574 J1.849 E.21914
G2 X181.415 Y173.377 I-2.706 J7.154 E.03861
G1 X180.425 Y173.243 E.03489
G2 X178.807 Y173.333 I-.429 J6.876 E.05669
G1 X177.797 Y173.591 E.03642
G1 X177.315 Y173.781 E.01806
G1 X176.38 Y174.272 E.03688
G1 X175.756 Y174.725 E.02692
G1 X175.169 Y175.247 E.02743
G2 X174.486 Y176.067 I5.6 J5.355 E.03726
G1 X173.966 Y176.931 E.0352
G2 X173.407 Y178.448 I6.157 J3.126 E.05658
G1 X173.243 Y179.48 E.03646
G2 X173.307 Y181.056 I8.419 J.449 E.05513
G1 X173.471 Y181.806 E.0268
G1 X173.719 Y182.546 E.02725
G1 X173.961 Y183.066 E.02003
G1 X174.439 Y183.853 E.03215
; stop printing object obj_2_MOLD.stl id:0 copy 0
;LAYER_CHANGE
;Z:3.8
;HEIGHT:0.2
;BEFORE_LAYER_CHANGE
G92 E0.0
;3.8
G1 E-.47347 F2100
;WIPE_START
G1 F6431.36
G1 X173.961 Y183.066 E-.3007
G1 X173.927 Y182.994 E-.02582
;WIPE_END
M486 S-1
;AFTER_LAYER_CHANGE
;3.8
;_SET_FAN_SPEED_CHANGING_LAYER
; printing object obj_2_MOLD.stl id:0 copy 0
M486 S0
G1 X173.742 Y182.539 Z3.8 F24000
G1 E.8 F4800
M204 P3000
;TYPE:Inner wall
;WIDTH:0.449999
G1 F1516
G1 X173.713 Y182.477 E.00231
G1 X173.47 Y181.735 E.02644
G1 X173.282 Y180.74 E.03427
G1 X173.242 Y179.995 E.02525
G1 X173.283 Y179.252 E.02521
G1 X173.406 Y178.517 E.0252
G1 X173.609 Y177.801 E.02521
G1 X173.89 Y177.111 E.0252
G1 X174.236 Y176.473 E.02458
G1 X174.67 Y175.845 E.02582
G1 X175.159 Y175.284 E.0252
G1 X175.692 Y174.794 E.02451
G1 X176.308 Y174.34 E.02589
G1 X176.953 Y173.968 E.0252
G1 X177.635 Y173.669 E.0252
G1 X178.346 Y173.447 E.0252
G1 X179.076 Y173.305 E.0252
G1 X179.819 Y173.244 E.0252
G1 X180.563 Y173.265 E.0252
G1 X181.3 Y173.368 E.0252
G1 X182.022 Y173.551 E.0252
G1 X182.719 Y173.813 E.0252
G1 X183.386 Y174.151 E.0253
G1 X183.942 Y174.512 E.02245
G1 X184.492 Y174.961 E.02405
G1 X185.052 Y175.523 E.02684
G1 X185.625 Y176.256 E.03151
G1 X185.938 Y176.774 E.02046
G1 X186.263 Y177.461 E.02575
G1 X186.505 Y178.166 E.0252
G1 X186.667 Y178.893 E.0252
G1 X186.751 Y179.678 E.02673
G1 X186.748 Y180.377 E.02367
G1 X186.665 Y181.117 E.0252
G1 X186.502 Y181.844 E.0252
G1 X186.26 Y182.548 E.0252
G1 X185.941 Y183.221 E.0252
G1 X185.551 Y183.855 E.0252
G1 X185.092 Y184.444 E.0253
G1 X184.63 Y184.921 E.02245
G1 X184.178 Y185.306 E.02011
G1 X183.535 Y185.753 E.0265
G1 X182.845 Y186.123 E.02649
G1 X182.117 Y186.41 E.02649
G1 X181.169 Y186.655 E.03318
G1 X180.554 Y186.736 E.02099
G1 X179.763 Y186.754 E.02678
G1 X178.701 Y186.633 E.03618
G1 X177.978 Y186.449 E.02525
G1 X177.281 Y186.187 E.0252
G1 X176.614 Y185.849 E.0253
G1 X176.058 Y185.488 E.02245
G1 X175.508 Y185.039 E.02405
G1 X174.955 Y184.485 E.02649
G1 X174.375 Y183.744 E.03186
G1 X174.043 Y183.194 E.02172
G1 X173.758 Y182.575 E.02305
M204 T2500
G1 X173.348 Y182.72 F24000
M204 P2500
;TYPE:Outer wall
G1 F1516
G1 X173.089 Y181.969 E.02689
G3 X172.814 Y180.017 I7.448 J-2.044 E.06691
G1 X172.855 Y179.226 E.0268
G1 X172.984 Y178.445 E.0268
G1 X173.198 Y177.683 E.0268
G1 X173.494 Y176.948 E.0268
G1 X173.869 Y176.251 E.0268
G1 X174.319 Y175.599 E.0268
G1 X174.837 Y175.001 E.0268
G1 X175.418 Y174.464 E.0268
G1 X176.055 Y173.993 E.0268
G1 X176.74 Y173.596 E.0268
G1 X177.464 Y173.276 E.0268
G1 X178.219 Y173.038 E.0268
G1 X178.996 Y172.884 E.0268
G1 X179.785 Y172.817 E.0268
G1 X180.576 Y172.837 E.0268
G1 X181.361 Y172.944 E.0268
G1 X182.129 Y173.136 E.0268
G1 X182.871 Y173.412 E.0268
G1 X183.581 Y173.769 E.02689
G3 X185.139 Y174.977 I-3.912 J6.658 E.06691
G1 X185.665 Y175.578 E.02704
G3 X186.652 Y177.28 I-6.494 J4.901 E.06675
G1 X186.911 Y178.028 E.0268
G1 X187.095 Y178.846 E.02837
G1 X187.179 Y179.817 E.03298
G1 X187.151 Y180.646 E.02809
G1 X187.028 Y181.467 E.02809
G1 X186.811 Y182.267 E.02808
G1 X186.503 Y183.038 E.02808
G1 X186.109 Y183.768 E.02808
G1 X185.634 Y184.448 E.02808
G1 X185.088 Y185.067 E.02794
G1 X184.589 Y185.531 E.02308
G1 X183.945 Y186.007 E.02709
G1 X183.26 Y186.404 E.0268
G1 X182.536 Y186.724 E.0268
G1 X181.774 Y186.964 E.02704
G3 X179.816 Y187.184 I-1.88 J-7.922 E.06684
G3 X177.871 Y186.864 I.272 J-7.718 E.06691
G1 X177.129 Y186.588 E.0268
G1 X176.419 Y186.231 E.02689
G3 X174.861 Y185.023 I3.912 J-6.658 E.06691
G1 X174.335 Y184.422 E.02705
G3 X173.364 Y182.757 I6.495 J-4.901 E.0654
M204 T5000
G1 X174.491 Y182.212 F24000
M204 P3000
;TYPE:Inner wall
G1 F1516
G1 X174.785 Y182.837 E.02337
G1 X175.149 Y183.423 E.02337
M73 P64 R4
G1 X175.58 Y183.963 E.02337
G1 X176.07 Y184.45 E.02337
G1 X176.613 Y184.876 E.02337
G1 X177.202 Y185.236 E.02337
G1 X177.829 Y185.526 E.02337
G1 X178.485 Y185.74 E.02337
G1 X179.161 Y185.877 E.02337
G1 X179.849 Y185.935 E.02337
G1 X180.539 Y185.912 E.02337
G1 X181.222 Y185.81 E.02337
G1 X181.888 Y185.629 E.02337
G1 X182.529 Y185.371 E.02337
G1 X183.136 Y185.041 E.02337
G1 X183.7 Y184.643 E.02337
G1 X184.214 Y184.182 E.02337
G1 X184.671 Y183.665 E.02337
G1 X185.065 Y183.098 E.02337
G1 X185.39 Y182.489 E.02337
G1 X185.643 Y181.847 E.02337
G1 X185.819 Y181.179 E.02337
G1 X185.916 Y180.495 E.02337
G1 X185.934 Y179.805 E.02337
G1 X185.871 Y179.118 E.02337
G1 X185.729 Y178.442 E.02337
G1 X185.509 Y177.788 E.02337
G1 X185.222 Y177.177 E.02284
G1 X184.899 Y176.648 E.02098
G1 X184.424 Y176.042 E.02606
G1 X183.93 Y175.55 E.02358
G1 X183.387 Y175.124 E.02337
G1 X182.798 Y174.764 E.02337
G1 X182.171 Y174.474 E.02337
G1 X181.515 Y174.26 E.02337
G1 X180.839 Y174.123 E.02337
G1 X180.151 Y174.065 E.02337
G1 X179.461 Y174.088 E.02337
G1 X178.778 Y174.19 E.02337
G1 X178.112 Y174.371 E.02337
G1 X177.471 Y174.629 E.02337
G1 X176.864 Y174.959 E.02337
G1 X176.3 Y175.357 E.02337
G1 X175.761 Y175.842 E.02457
G1 X175.289 Y176.386 E.02438
G1 X174.903 Y176.955 E.02325
G1 X174.585 Y177.563 E.02325
G1 X174.34 Y178.205 E.02325
G1 X174.168 Y178.891 E.02394
G1 X174.084 Y179.505 E.02097
G1 X174.066 Y180.195 E.02337
G1 X174.129 Y180.882 E.02337
G1 X174.271 Y181.558 E.02337
G1 X174.478 Y182.175 E.02202
M204 T1500
G1 X174.896 Y182.074 F24000
M204 P1500
;TYPE:Overhang wall
G1 F900
M106 S127
G1 X175.165 Y182.638 E.02115
G1 X175.512 Y183.195 E.02221
G1 X175.913 Y183.694 E.02167
G1 X176.37 Y184.144 E.02171
G1 X176.875 Y184.537 E.02166
G1 X177.423 Y184.869 E.02169
G1 X178.006 Y185.136 E.0217
G1 X178.616 Y185.332 E.02169
G1 X179.244 Y185.457 E.02167
G1 X179.862 Y185.506 E.02098
G1 X180.523 Y185.484 E.02239
G1 X181.156 Y185.386 E.02168
G1 X181.773 Y185.216 E.02166
G1 X182.367 Y184.975 E.0217
G1 X182.929 Y184.666 E.02171
G1 X183.45 Y184.295 E.02165
G1 X183.926 Y183.865 E.02171
G1 X184.348 Y183.383 E.02168
G1 X184.711 Y182.856 E.02166
G1 X185.011 Y182.289 E.02171
G1 X185.243 Y181.692 E.02168
G1 X185.404 Y181.072 E.02168
G1 X185.492 Y180.437 E.0217
G1 X185.505 Y179.797 E.02167
G1 X185.445 Y179.159 E.02169
G1 X185.31 Y178.533 E.02168
G1 X185.104 Y177.926 E.0217
G1 X184.835 Y177.362 E.02115
G1 X184.535 Y176.875 E.01936
G1 X184.088 Y176.307 E.02447
G1 X183.63 Y175.856 E.02176
G1 X183.125 Y175.463 E.02166
G1 X182.577 Y175.131 E.02169
G1 X181.994 Y174.864 E.0217
G1 X181.384 Y174.668 E.02169
G1 X180.756 Y174.543 E.02167
G1 X180.117 Y174.492 E.0217
G1 X179.477 Y174.516 E.02168
G1 X178.844 Y174.614 E.02168
G1 X178.227 Y174.784 E.02166
G1 X177.633 Y175.025 E.0217
G1 X177.071 Y175.334 E.02171
G1 X176.55 Y175.705 E.02165
G1 X176.074 Y176.135 E.02171
G1 X175.652 Y176.617 E.02168
G1 X175.299 Y177.129 E.02105
G1 X174.989 Y177.711 E.02232
G1 X174.757 Y178.308 E.02168
G1 X174.592 Y178.949 E.0224
G1 X174.508 Y179.563 E.02098
G1 X174.495 Y180.203 E.02167
G1 X174.555 Y180.841 E.02169
G1 X174.69 Y181.467 E.02168
G1 X174.883 Y182.036 E.02034
M204 T5000
G1 E-.16 F2100
;WIPE_START
G1 F900
G1 X175.165 Y182.638 E-.42544
G1 X175.342 Y182.923 E-.21456
;WIPE_END
G1 X186.342 Y179.814 F24000
G1 E.8 F4800
M204 P4000
;TYPE:Internal solid infill
;WIDTH:0.458117
G1 F1516
M106 S76
G1 X186.265 Y178.981 E.0289
G1 X186.116 Y178.298 E.02415
G1 X185.891 Y177.635 E.02415
G1 X185.595 Y177.003 E.02412
G1 X185.238 Y176.433 E.02321
G1 X184.675 Y175.712 E.03157
G1 X184.199 Y175.244 E.02305
G1 X183.691 Y174.84 E.02239
G1 X183.197 Y174.521 E.02034
G1 X182.572 Y174.201 E.02422
G1 X181.918 Y173.956 E.02412
G1 X181.242 Y173.779 E.02413
G1 X180.55 Y173.681 E.02413
G1 X179.863 Y173.658 E.02373
G1 X179.154 Y173.713 E.02453
G1 X178.468 Y173.844 E.02412
G1 X177.976 Y173.987 E.0177
G1 X177.318 Y174.251 E.02447
G1 X176.586 Y174.65 E.02876
G1 X175.999 Y175.072 E.02498
G1 X175.468 Y175.555 E.02477
G1 X175.006 Y176.081 E.02415
G1 X174.606 Y176.654 E.02414
G1 X174.274 Y177.269 E.02414
G1 X174.012 Y177.905 E.02374
G1 X173.815 Y178.588 E.02453
G1 X173.698 Y179.276 E.02412
G1 X173.656 Y179.974 E.02413
G1 X173.695 Y180.679 E.02438
M73 P64 R3
G1 X173.881 Y181.689 E.03545
G1 X174.109 Y182.365 E.02462
G1 X174.407 Y182.997 E.02412
G1 X174.809 Y183.638 E.02613
G1 X175.326 Y184.29 E.02871
G1 X175.801 Y184.756 E.02298
G1 X176.309 Y185.16 E.0224
G1 X176.803 Y185.479 E.02034
G1 X177.428 Y185.799 E.02422
G1 X178.082 Y186.044 E.02412
G1 X178.765 Y186.223 E.02438
G1 X179.797 Y186.342 E.03583
G1 X180.497 Y186.326 E.02421
G1 X181.323 Y186.202 E.02882
G1 X182.019 Y186.015 E.02487
G1 X182.682 Y185.749 E.02468
G1 X183.414 Y185.35 E.02876
G1 X184.006 Y184.924 E.02518
G1 X184.525 Y184.448 E.02432
G1 X185.004 Y183.899 E.02513
G1 X185.4 Y183.328 E.02399
G1 X185.79 Y182.593 E.02874
G1 X186.031 Y181.967 E.02316
G1 X186.218 Y181.259 E.02527
G1 X186.322 Y180.534 E.02529
G1 X186.341 Y179.854 E.02348
; stop printing object obj_2_MOLD.stl id:0 copy 0
;LAYER_CHANGE
;Z:4
;HEIGHT:0.2
;BEFORE_LAYER_CHANGE
G92 E0.0
;4
G1 E-.47707 F2100
;WIPE_START
G1 F6502.936
G1 X186.322 Y180.534 E-.21964
G1 X186.277 Y180.851 E-.10329
;WIPE_END
M486 S-1
;AFTER_LAYER_CHANGE
;4
;_SET_FAN_SPEED_CHANGING_LAYER
; printing object obj_2_MOLD.stl id:0 copy 0
M486 S0
G1 X186.225 Y180.022 Z4 F24000
G1 E.8 F4800
M204 P3000
;TYPE:Inner wall
;WIDTH:0.660805
G1 F1051
G1 X186.185 Y180.71 E.03541
;WIDTH:0.660379
G1 X186.069 Y181.386 E.03521
;WIDTH:0.659933
G1 X185.88 Y182.046 E.03519
;WIDTH:0.659383
G1 X185.62 Y182.68 E.03516
;WIDTH:0.658716
G1 X185.289 Y183.285 E.03529
;WIDTH:0.658184
G1 X185 Y183.706 E.02614
;WIDTH:0.661181
G1 X184.68 Y184.105 E.02629
G1 X184.197 Y184.597 E.03543
G1 X183.664 Y185.033 E.03543
G1 X183.228 Y185.322 E.02687
;WIDTH:0.657463
G1 X182.62 Y185.642 E.03512
;WIDTH:0.654192
G1 X181.946 Y185.908 E.03683
;WIDTH:0.653809
G1 X181.23 Y186.097 E.03759
;WIDTH:0.654286
G1 X180.654 Y186.187 E.02962
;WIDTH:0.660712
G1 X180.146 Y186.223 E.02618
;WIDTH:0.660934
G1 X179.461 Y186.202 E.03525
G1 X178.782 Y186.105 E.03524
;WIDTH:0.661503
G1 X178.118 Y185.933 E.03527
G1 X177.476 Y185.69 E.03528
;WIDTH:0.660934
G1 X176.865 Y185.378 E.03525
;WIDTH:0.660711
G1 X176.293 Y185.001 E.03523
;WIDTH:0.66038
G1 X175.765 Y184.563 E.03521
;WIDTH:0.659937
G1 X175.288 Y184.07 E.03519
;WIDTH:0.659382
G1 X174.869 Y183.527 E.03516
;WIDTH:0.658716
G1 X174.512 Y182.941 E.03513
;WIDTH:0.657942
G1 X174.208 Y182.282 E.03712
;WIDTH:0.657017
G1 X173.985 Y181.597 E.0368
;WIDTH:0.656175
G1 X173.844 Y180.912 E.03566
G1 X173.781 Y180.169 E.038
M73 P65 R3
;WIDTH:0.654733
G1 X173.804 Y179.448 E.03671
;WIDTH:0.654194
G1 X173.91 Y178.734 E.03667
;WIDTH:0.653766
G1 X174.098 Y178.037 E.03665
;WIDTH:0.654328
G1 X174.315 Y177.475 E.03067
;WIDTH:0.660712
G1 X174.537 Y177.015 E.02624
;WIDTH:0.660934
G1 X174.899 Y176.432 E.03525
;WIDTH:0.661046
G1 X175.322 Y175.893 E.03525
G1 X175.803 Y175.403 E.03525
G1 X176.334 Y174.969 E.03525
;WIDTH:0.661281
G1 X176.91 Y174.597 E.03526
G1 X177.523 Y174.289 E.03526
;WIDTH:0.66038
G1 X178.166 Y174.051 E.03521
;WIDTH:0.659938
G1 X178.831 Y173.885 E.03519
;WIDTH:0.659382
G1 X179.501 Y173.794 E.03465
;WIDTH:0.658027
G1 X180.035 Y173.791 E.02731
;WIDTH:0.660804
G1 X180.549 Y173.8 E.02641
;WIDTH:0.661043
G1 X181.218 Y173.895 E.03474
G1 X181.882 Y174.067 E.03525
G1 X182.524 Y174.31 E.03525
;WIDTH:0.660933
G1 X183.135 Y174.622 E.03525
;WIDTH:0.66071
G1 X183.707 Y174.999 E.03523
;WIDTH:0.660379
G1 X184.235 Y175.437 E.03521
;WIDTH:0.659936
G1 X184.711 Y175.93 E.03519
;WIDTH:0.659507
G1 X185.131 Y176.473 E.03517
;WIDTH:0.658429
G1 X185.488 Y177.059 E.03511
;WIDTH:0.65794
G1 X185.779 Y177.68 E.03508
;WIDTH:0.657183
G1 X185.999 Y178.33 E.03504
G1 X186.147 Y179.003 E.03521
;WIDTH:0.659672
G1 X186.222 Y179.982 E.05035
M204 T2500
G1 X186.758 Y179.984 F24000
M204 P2500
;TYPE:Outer wall
;WIDTH:0.449999
G1 F1051
G1 X186.718 Y180.725 E.0251
G1 X186.598 Y181.459 E.0252
G1 X186.397 Y182.176 E.0252
G1 X186.119 Y182.867 E.0252
G1 X185.764 Y183.527 E.02536
G3 X184.59 Y184.959 I-6.303 J-3.969 E.06283
G1 X184.013 Y185.437 E.02536
G3 X182.387 Y186.322 I-4.418 J-6.182 E.06284
G1 X181.677 Y186.546 E.0252
G1 X180.947 Y186.691 E.0252
G1 X180.205 Y186.754 E.0252
G1 X179.461 Y186.736 E.0252
G1 X178.723 Y186.636 E.0252
G1 X178.001 Y186.455 E.0252
G1 X177.303 Y186.196 E.0252
G1 X176.638 Y185.861 E.0252
G1 X176.013 Y185.456 E.0252
G1 X175.437 Y184.984 E.0252
G1 X174.917 Y184.452 E.0252
G1 X174.458 Y183.866 E.0252
G1 X174.066 Y183.233 E.0252
G1 X173.746 Y182.56 E.0252
G1 X173.503 Y181.857 E.0252
G1 X173.338 Y181.131 E.0252
G1 X173.254 Y180.391 E.0252
G1 X173.252 Y179.646 E.0252
G1 X173.332 Y178.906 E.0252
G1 X173.492 Y178.179 E.0252
G1 X173.732 Y177.475 E.0252
G1 X174.048 Y176.8 E.0252
G1 X174.436 Y176.165 E.0252
G1 X174.892 Y175.576 E.0252
G1 X175.41 Y175.041 E.0252
G1 X175.983 Y174.566 E.0252
G1 X176.605 Y174.157 E.0252
G1 X177.268 Y173.819 E.0252
G1 X177.965 Y173.556 E.0252
G1 X178.686 Y173.372 E.0252
G1 X179.467 Y173.261 E.02669
G1 X180.588 Y173.266 E.03796
G1 X181.277 Y173.364 E.02355
G1 X181.999 Y173.545 E.0252
G1 X182.697 Y173.804 E.0252
G1 X183.362 Y174.139 E.0252
G1 X183.987 Y174.544 E.0252
G1 X184.563 Y175.016 E.0252
G1 X185.083 Y175.548 E.0252
G1 X185.542 Y176.134 E.0252
G1 X185.934 Y176.767 E.0252
G1 X186.254 Y177.44 E.0252
G1 X186.497 Y178.143 E.0252
G1 X186.672 Y178.915 E.0268
G1 X186.755 Y179.944 E.03494
M204 T5000
G1 X185.601 Y179.969 F24000
M204 P3000
;TYPE:Inner wall
;WIDTH:0.654822
G1 F1051
G1 X185.604 Y179.741 E.0116
;WIDTH:0.657248
G1 X185.542 Y179.111 E.03234
G1 X185.394 Y178.455 E.03432
;WIDTH:0.656144
G1 X185.178 Y177.84 E.03327
;WIDTH:0.655382
G1 X184.892 Y177.254 E.03319
;WIDTH:0.654839
G1 X184.553 Y176.723 E.03208
G1 X184.126 Y176.2 E.03435
;WIDTH:0.653764
G1 X183.657 Y175.746 E.03314
;WIDTH:0.653447
G1 X183.139 Y175.351 E.03312
;WIDTH:0.653155
G1 X182.578 Y175.018 E.0331
G1 X181.982 Y174.752 E.0331
;WIDTH:0.653284
G1 X181.359 Y174.557 E.0331
;WIDTH:0.653624
G1 X180.716 Y174.436 E.03324
G1 X180.046 Y174.394 E.03408
;WIDTH:0.654077
G1 X179.431 Y174.418 E.03129
;WIDTH:0.655581
G1 X178.853 Y174.508 E.0298
;WIDTH:0.659938
G1 X178.34 Y174.643 E.02723
;WIDTH:0.66038
G1 X177.762 Y174.858 E.03162
;WIDTH:0.661281
G1 X177.214 Y175.136 E.03162
G1 X176.696 Y175.47 E.03169
;WIDTH:0.661046
G1 X176.219 Y175.86 E.03167
G1 X175.788 Y176.3 E.03165
G1 X175.407 Y176.784 E.03165
;WIDTH:0.660934
G1 X175.082 Y177.307 E.03165
;WIDTH:0.660712
G1 X174.816 Y177.863 E.03164
;WIDTH:0.66038
G1 X174.612 Y178.444 E.03162
;WIDTH:0.659937
G1 X174.473 Y179.044 E.03161
;WIDTH:0.659383
G1 X174.4 Y179.656 E.03158
;WIDTH:0.658716
G1 X174.395 Y180.271 E.03151
;WIDTH:0.657958
G1 X174.467 Y180.929 E.03384
;WIDTH:0.656684
G1 X174.606 Y181.545 E.03221
;WIDTH:0.656147
G1 X174.822 Y182.16 E.03327
;WIDTH:0.655384
G1 X175.108 Y182.747 E.03323
;WIDTH:0.654729
G1 X175.451 Y183.284 E.03241
;WIDTH:0.655581
G1 X175.817 Y183.74 E.0298
;WIDTH:0.659937
G1 X176.191 Y184.116 E.02723
;WIDTH:0.66038
G1 X176.666 Y184.509 E.03162
;WIDTH:0.660711
G1 X177.181 Y184.847 E.03164
;WIDTH:0.660934
G1 X177.73 Y185.126 E.03165
;WIDTH:0.661503
G1 X178.305 Y185.343 E.03162
G1 X178.901 Y185.498 E.0317
;WIDTH:0.660934
G1 X179.511 Y185.585 E.03166
G1 X180.127 Y185.605 E.03165
;WIDTH:0.660614
G1 X180.741 Y185.558 E.03165
G1 X181.347 Y185.443 E.03166
G1 X181.936 Y185.264 E.03159
;WIDTH:0.659381
G1 X182.506 Y185.019 E.03182
;WIDTH:0.658939
G1 X183.027 Y184.724 E.03065
;WIDTH:0.654936
G1 X183.554 Y184.34 E.0332
;WIDTH:0.653283
G1 X184.034 Y183.898 E.03311
;WIDTH:0.658184
G1 X184.499 Y183.349 E.03684
G1 X184.825 Y182.863 E.02991
;WIDTH:0.654733
G1 X185.124 Y182.284 E.03319
;WIDTH:0.654194
G1 X185.354 Y181.673 E.03316
;WIDTH:0.653764
G1 X185.512 Y181.04 E.03313
;WIDTH:0.653447
G1 X185.596 Y180.393 E.03312
;WIDTH:0.654822
G1 X185.601 Y180.009 E.01956
M204 T1500
G1 X185.074 Y179.948 F24000
M204 P1500
;TYPE:Overhang wall
;WIDTH:0.449999
G1 F900
M106 S127
G1 X185.077 Y179.814 E.00454
G1 X185.021 Y179.225 E.02003
G1 X184.897 Y178.648 E.01998
G1 X184.707 Y178.088 E.02002
G1 X184.459 Y177.567 E.01953
G1 X184.165 Y177.095 E.01882
G1 X183.77 Y176.594 E.0216
G1 X183.348 Y176.179 E.02003
G1 X182.882 Y175.816 E.01999
G1 X182.377 Y175.51 E.01999
G1 X181.84 Y175.265 E.01998
G1 X181.277 Y175.083 E.02003
G1 X180.698 Y174.968 E.01998
G1 X180.088 Y174.921 E.02071
G1 X179.555 Y174.941 E.01805
G1 X178.935 Y175.033 E.02122
G1 X178.365 Y175.19 E.02001
G1 X177.818 Y175.412 E.01998
G1 X177.283 Y175.708 E.0207
G1 X176.819 Y176.039 E.01929
G1 X176.381 Y176.435 E.01999
G1 X175.991 Y176.879 E.02
G1 X175.656 Y177.366 E.02001
G1 X175.38 Y177.888 E.01999
G1 X175.166 Y178.439 E.02001
G1 X175.017 Y179.011 E.02001
G1 X174.936 Y179.596 E.01999
G1 X174.923 Y180.186 E.01998
G1 X174.983 Y180.795 E.02071
M73 P66 R3
G1 X175.103 Y181.352 E.01929
G1 X175.293 Y181.912 E.02002
G1 X175.541 Y182.433 E.01953
G1 X175.861 Y182.945 E.02044
G1 X176.177 Y183.34 E.01712
G1 X176.652 Y183.821 E.02288
G1 X177.118 Y184.184 E.01999
G1 X177.623 Y184.49 E.01999
G1 X178.16 Y184.735 E.01998
G1 X178.743 Y184.922 E.02072
G1 X179.302 Y185.032 E.01928
G1 X179.891 Y185.079 E.02
G1 X180.481 Y185.057 E.01998
G1 X181.045 Y184.971 E.01931
G1 X181.634 Y184.81 E.02067
G1 X182.182 Y184.588 E.02001
G1 X182.672 Y184.319 E.01892
G1 X183.181 Y183.961 E.02106
G1 X183.619 Y183.565 E.01999
G1 X184.009 Y183.121 E.02
G1 X184.334 Y182.649 E.0194
G1 X184.62 Y182.112 E.02059
G1 X184.834 Y181.561 E.02001
G1 X184.983 Y180.989 E.02001
G1 X185.064 Y180.404 E.01999
G1 X185.073 Y179.988 E.01408
; stop printing object obj_2_MOLD.stl id:0 copy 0
;LAYER_CHANGE
;Z:4.2
;HEIGHT:0.2
;BEFORE_LAYER_CHANGE
G92 E0.0
;4.2
G1 E-.16 F2100
;WIPE_START
G1 F900
G1 X185.077 Y179.814 E-.11167
G1 X185.021 Y179.225 E-.37809
G1 X184.972 Y178.996 E-.15024
;WIPE_END
M486 S-1
;AFTER_LAYER_CHANGE
;4.2
;_SET_FAN_SPEED_CHANGING_LAYER
; printing object obj_2_MOLD.stl id:0 copy 0
M204 T5000
M486 S0
G1 X185.82 Y179.03 Z4.2 F24000
G1 E.8 F4800
M204 P3000
;TYPE:Inner wall
G1 F1223
M106 S76
G1 X185.894 Y179.722 E.02353
G1 X185.891 Y180.326 E.02047
G1 X185.82 Y180.973 E.022
G1 X185.678 Y181.607 E.02199
G1 X185.466 Y182.222 E.02202
G1 X185.189 Y182.81 E.02201
G1 X184.848 Y183.363 E.022
G1 X184.449 Y183.876 E.02201
G1 X183.995 Y184.342 E.02201
G1 X183.493 Y184.755 E.022
G1 X182.949 Y185.111 E.02201
G1 X182.369 Y185.404 E.022
G1 X181.76 Y185.632 E.02201
G1 X181.13 Y185.791 E.022
G1 X180.486 Y185.88 E.022
G1 X179.836 Y185.898 E.02201
G1 X179.188 Y185.844 E.022
G1 X178.55 Y185.72 E.022
G1 X177.93 Y185.525 E.022
G1 X177.335 Y185.264 E.02201
G1 X176.772 Y184.939 E.022
G1 X176.246 Y184.552 E.0221
G1 X175.847 Y184.189 E.01824
G1 X175.343 Y183.622 E.02571
G1 X174.986 Y183.109 E.02113
G1 X174.663 Y182.517 E.02283
G1 X174.419 Y181.914 E.02201
G1 X174.242 Y181.289 E.022
G1 X174.137 Y180.657 E.0217
G1 X174.1 Y179.999 E.02231
G1 X174.135 Y179.35 E.022
G1 X174.243 Y178.708 E.022
G1 X174.42 Y178.083 E.02201
G1 X174.664 Y177.481 E.022
G1 X174.974 Y176.909 E.022
G1 X175.345 Y176.375 E.02202
G1 X175.772 Y175.885 E.02201
G1 X176.231 Y175.462 E.02113
G1 X176.774 Y175.06 E.02287
G1 X177.337 Y174.735 E.02201
G1 X177.932 Y174.474 E.022
G1 X178.553 Y174.28 E.022
G1 X179.191 Y174.155 E.022
G1 X179.838 Y174.102 E.02199
G1 X180.489 Y174.12 E.02202
G1 X181.133 Y174.209 E.02201
G1 X181.762 Y174.369 E.02199
G1 X182.371 Y174.597 E.02201
G1 X182.951 Y174.891 E.02201
G1 X183.496 Y175.246 E.02201
G1 X183.997 Y175.66 E.02201
G1 X184.45 Y176.126 E.022
G1 X184.85 Y176.639 E.022
G1 X185.186 Y177.186 E.02175
G1 X185.467 Y177.781 E.02226
G1 X185.678 Y178.396 E.022
G1 X185.812 Y178.991 E.02065
M204 T2500
G1 X186.249 Y178.983 F24000
M204 P2500
;TYPE:Outer wall
G1 F1223
G1 X186.322 Y179.723 E.02517
G1 X186.32 Y180.328 E.02047
G1 X186.246 Y181.021 E.0236
G1 X186.095 Y181.702 E.02359
G1 X185.871 Y182.362 E.02361
G1 X185.575 Y182.994 E.0236
G1 X185.212 Y183.589 E.02359
G1 X184.786 Y184.141 E.02361
G1 X184.301 Y184.642 E.0236
G1 X183.765 Y185.087 E.0236
G1 X183.182 Y185.47 E.0236
G1 X182.561 Y185.787 E.0236
G1 X181.909 Y186.034 E.02361
G1 X181.233 Y186.207 E.0236
G1 X180.543 Y186.305 E.0236
G1 X179.846 Y186.327 E.0236
G1 X179.151 Y186.271 E.0236
G1 X178.466 Y186.14 E.0236
G1 X177.8 Y185.934 E.0236
G1 X177.161 Y185.656 E.0236
G1 X176.556 Y185.309 E.0236
G1 X175.991 Y184.896 E.02369
G1 X175.557 Y184.505 E.01976
G1 X174.988 Y183.867 E.02895
G1 X174.619 Y183.331 E.02201
G1 X174.286 Y182.719 E.0236
G1 X174.021 Y182.074 E.0236
G1 X173.829 Y181.404 E.0236
G1 X173.712 Y180.716 E.0236
G1 X173.672 Y180.02 E.0236
G1 X173.708 Y179.324 E.0236
G1 X173.82 Y178.636 E.0236
G1 X174.008 Y177.965 E.0236
G1 X174.268 Y177.318 E.0236
G1 X174.598 Y176.704 E.02359
G1 X174.993 Y176.129 E.02361
G1 X175.45 Y175.602 E.0236
G1 X175.961 Y175.128 E.0236
G1 X176.522 Y174.713 E.0236
G1 X177.124 Y174.363 E.0236
G1 X177.762 Y174.081 E.0236
G1 X178.427 Y173.87 E.0236
G1 X179.11 Y173.734 E.0236
G1 X179.805 Y173.675 E.02359
G1 X180.502 Y173.691 E.02362
G1 X181.193 Y173.785 E.0236
G1 X181.869 Y173.954 E.02359
G1 X182.523 Y174.196 E.02361
G1 X183.146 Y174.509 E.0236
G1 X183.731 Y174.889 E.0236
G1 X184.271 Y175.33 E.0236
G1 X184.759 Y175.828 E.0236
G1 X185.189 Y176.377 E.0236
G1 X185.556 Y176.97 E.0236
G1 X185.856 Y177.6 E.0236
G1 X186.084 Y178.258 E.0236
G1 X186.24 Y178.944 E.02381
M204 T5000
G1 X185.022 Y179.24 F24000
M204 P3000
;TYPE:Inner wall
G1 F1223
G1 X184.903 Y178.672 E.01965
G1 X184.715 Y178.112 E.01999
G1 X184.468 Y177.584 E.01973
G1 X184.153 Y177.075 E.02026
G1 X183.785 Y176.613 E.01999
G1 X183.366 Y176.197 E.01999
G1 X182.902 Y175.831 E.01999
G1 X182.399 Y175.523 E.01999
G1 X181.826 Y175.259 E.02132
G1 X180.989 Y175.017 E.02951
G1 X180.366 Y174.934 E.02128
G1 X179.519 Y174.943 E.02864
G1 X178.959 Y175.029 E.01918
G1 X178.389 Y175.183 E.01999
G1 X177.841 Y175.402 E.01999
G1 X177.322 Y175.684 E.01999
G1 X176.839 Y176.024 E.01999
G1 X176.399 Y176.418 E.01999
G1 X175.967 Y176.912 E.0222
G1 X175.51 Y177.624 E.02864
G1 X175.275 Y178.137 E.01911
G1 X175.09 Y178.699 E.01999
G1 X174.972 Y179.277 E.01999
G1 X174.923 Y179.866 E.01999
G1 X174.941 Y180.456 E.01999
G1 X175.028 Y181.041 E.01999
G1 X175.183 Y181.611 E.01999
G1 X175.402 Y182.159 E.02
G1 X175.684 Y182.678 E.01999
G1 X176.024 Y183.161 E.01999
G1 X176.418 Y183.601 E.01999
G2 X181.441 Y184.869 I3.6 J-3.682 E.18375
G1 X182.202 Y184.578 E.02755
G1 X182.678 Y184.316 E.01842
G1 X183.192 Y183.952 E.02132
G1 X183.651 Y183.531 E.02107
G1 X184.046 Y183.069 E.02059
G1 X184.506 Y182.346 E.02899
G1 X184.746 Y181.81 E.01987
G1 X184.981 Y180.997 E.02864
G1 X185.061 Y180.429 E.01943
G1 X185.077 Y179.839 E.01999
G1 X185.026 Y179.28 E.01898
M204 T1500
G1 X184.59 Y179.293 F24000
M204 P1500
;TYPE:Overhang wall
G1 F900
M106 S127
G1 X184.484 Y178.763 E.0183
G1 X184.31 Y178.251 E.0183
G1 X184.081 Y177.769 E.01806
G1 X183.79 Y177.304 E.01857
G1 X183.452 Y176.882 E.0183
M73 P67 R3
G1 X183.066 Y176.503 E.01831
G1 X182.64 Y176.17 E.0183
G1 X182.177 Y175.89 E.01831
G1 X181.685 Y175.665 E.01831
G1 X180.912 Y175.439 E.02726
G1 X180.371 Y175.364 E.01849
G1 X179.566 Y175.369 E.02725
G1 X179.026 Y175.452 E.01849
G1 X178.504 Y175.596 E.01833
G1 X178.003 Y175.799 E.0183
G1 X177.529 Y176.059 E.0183
G1 X177.088 Y176.373 E.01832
G1 X176.687 Y176.736 E.01831
G1 X176.33 Y177.142 E.0183
G1 X175.892 Y177.818 E.02726
G1 X175.665 Y178.315 E.01849
G1 X175.498 Y178.83 E.01833
G1 X175.393 Y179.36 E.01829
G1 X175.35 Y179.899 E.0183
G1 X175.37 Y180.44 E.01832
G1 X175.452 Y180.974 E.01829
G1 X175.596 Y181.496 E.01833
G1 X175.799 Y181.997 E.0183
G1 X176.048 Y182.45 E.0175
G1 X176.373 Y182.912 E.01912
G1 X176.736 Y183.313 E.01831
G1 X177.142 Y183.67 E.0183
G1 X177.588 Y183.977 E.01833
G1 X178.066 Y184.23 E.01831
G1 X178.57 Y184.426 E.0183
G1 X179.093 Y184.562 E.01829
G1 X179.629 Y184.636 E.01832
G1 X180.17 Y184.648 E.01832
G1 X180.708 Y184.597 E.01829
G1 X181.265 Y184.475 E.0193
G1 X181.992 Y184.203 E.02627
G1 X182.471 Y183.941 E.01848
G1 X182.912 Y183.627 E.01832
G1 X183.313 Y183.264 E.01831
G1 X183.67 Y182.858 E.0183
G1 X184.108 Y182.182 E.02726
G1 X184.335 Y181.685 E.01849
G1 X184.561 Y180.912 E.02726
G1 X184.636 Y180.371 E.01849
G1 X184.648 Y179.83 E.01832
G1 X184.596 Y179.332 E.01695
M204 T5000
G1 X185.485 Y179.835 F24000
M204 P4000
;TYPE:Internal solid infill
;WIDTH:0.460855
G1 F1223
M106 S76
G1 X185.421 Y179.135 E.02442
G1 X185.303 Y178.585 E.01957
G1 X185.105 Y177.99 E.02178
G1 X184.837 Y177.407 E.0223
G1 X184.522 Y176.892 E.02099
G1 X184.153 Y176.413 E.02101
G1 X183.733 Y175.978 E.02101
G2 X182.763 Y175.26 I-3.992 J4.382 E.04203
G1 X182.224 Y174.985 E.02101
G2 X180.476 Y174.532 I-2.368 J5.547 E.06301
G2 X178.097 Y174.853 I-.42 J5.862 E.084
G1 X177.542 Y175.094 E.02101
G1 X177.041 Y175.377 E.02002
G1 X176.527 Y175.748 E.02202
G1 X176.08 Y176.155 E.02102
G1 X175.684 Y176.612 E.02102
G2 X174.55 Y179.374 I4.516 J3.468 E.10498
G1 X174.512 Y179.933 E.01945
G1 X174.539 Y180.562 E.02189
G1 X174.637 Y181.179 E.02171
G1 X174.8 Y181.762 E.02102
G1 X175.025 Y182.323 E.02102
G2 X176.126 Y183.887 I5.612 J-2.779 E.0667
G1 X176.644 Y184.341 E.02394
G1 X177.166 Y184.698 E.022
G1 X177.726 Y184.993 E.02199
G1 X178.268 Y185.206 E.02024
G1 X178.978 Y185.39 E.02547
G1 X179.556 Y185.468 E.02028
G1 X180.188 Y185.483 E.02197
G1 X180.818 Y185.425 E.02199
G1 X181.466 Y185.287 E.023
G1 X182.182 Y185.031 E.02645
G1 X182.724 Y184.763 E.021
G1 X183.231 Y184.434 E.02101
G1 X183.699 Y184.051 E.021
G1 X184.122 Y183.62 E.021
G2 X185.075 Y182.085 I-4.378 J-3.779 E.06302
G2 X185.468 Y180.463 I-5.8 J-2.264 E.0582
G1 X185.484 Y179.875 E.02042
; stop printing object obj_2_MOLD.stl id:0 copy 0
;LAYER_CHANGE
;Z:4.4
;HEIGHT:0.2
;BEFORE_LAYER_CHANGE
G92 E0.0
;4.4
G1 E-.47494 F2100
;WIPE_START
G1 F6460.339
G1 X185.468 Y180.463 E-.191
G1 X185.412 Y180.871 E-.13406
;WIPE_END
M486 S-1
;AFTER_LAYER_CHANGE
;4.4
;_SET_FAN_SPEED_CHANGING_LAYER
; printing object obj_2_MOLD.stl id:0 copy 0
M486 S0
G1 X185.397 Y180.897 Z4.4 F24000
G1 E.8 F4800
M204 P3000
;TYPE:Inner wall
;WIDTH:0.449999
G1 F1126
G1 X185.252 Y181.532 E.02203
G1 X185.07 Y182.058 E.01886
G1 X184.812 Y182.605 E.02044
G1 X184.521 Y183.081 E.0189
G1 X184.126 Y183.593 E.0219
G1 X183.706 Y184.025 E.02039
G1 X183.241 Y184.408 E.0204
G1 X182.746 Y184.732 E.02002
G1 X182.199 Y185.01 E.02079
G1 X181.634 Y185.222 E.02041
G1 X181.049 Y185.37 E.0204
G1 X180.453 Y185.453 E.0204
G1 X179.85 Y185.47 E.02042
G1 X179.26 Y185.421 E.02001
G1 X178.657 Y185.304 E.02079
G1 X178.082 Y185.124 E.0204
G1 X177.536 Y184.885 E.02018
G1 X177.008 Y184.581 E.02062
G1 X176.521 Y184.223 E.02045
G1 X176.11 Y183.846 E.01888
G1 X175.682 Y183.361 E.0219
G1 X175.339 Y182.866 E.0204
G1 X175.052 Y182.336 E.02039
G1 X174.825 Y181.777 E.0204
G1 X174.661 Y181.197 E.02042
G1 X174.562 Y180.603 E.02039
G1 X174.528 Y180.001 E.02041
G1 X174.562 Y179.398 E.02041
G1 X174.661 Y178.803 E.02043
G1 X174.812 Y178.266 E.0189
G1 X175.052 Y177.665 E.0219
G1 X175.338 Y177.135 E.02039
G1 X175.682 Y176.64 E.02041
G1 X176.078 Y176.185 E.02039
G1 X176.521 Y175.777 E.02041
G1 X177.007 Y175.42 E.02041
G1 X177.529 Y175.118 E.02041
G1 X178.081 Y174.876 E.0204
G1 X178.656 Y174.696 E.0204
G1 X179.245 Y174.581 E.02032
G1 X179.894 Y174.531 E.02201
G1 X180.451 Y174.547 E.01889
G1 X181.048 Y174.63 E.0204
G1 X181.633 Y174.778 E.0204
G1 X182.18 Y174.982 E.01977
G1 X182.736 Y175.262 E.02107
G1 X183.204 Y175.566 E.01889
G1 X183.706 Y175.975 E.02191
G1 X184.126 Y176.406 E.02038
G1 X184.494 Y176.879 E.02029
G1 X184.812 Y177.395 E.02053
G1 X185.07 Y177.941 E.02043
G1 X185.247 Y178.454 E.01838
G1 X185.402 Y179.123 E.02323
G1 X185.466 Y179.744 E.02112
G1 X185.463 Y180.301 E.01886
G1 X185.402 Y180.857 E.01895
M204 T2500
G1 X185.818 Y180.995 F24000
M204 P2500
;TYPE:Outer wall
G1 F1126
G1 X185.669 Y181.629 E.02206
G1 X185.474 Y182.2 E.02041
G1 X185.199 Y182.789 E.02201
G1 X184.885 Y183.306 E.02046
G1 X184.435 Y183.895 E.0251
G1 X184.012 Y184.325 E.02042
G1 X183.512 Y184.74 E.022
G1 X182.969 Y185.098 E.02202
G1 X182.39 Y185.394 E.02198
G1 X181.782 Y185.624 E.02201
G1 X181.153 Y185.786 E.022
G1 X180.51 Y185.878 E.02199
G1 X179.86 Y185.898 E.02202
G1 X179.212 Y185.847 E.022
G1 X178.574 Y185.725 E.02199
G1 X177.952 Y185.533 E.022
G1 X177.356 Y185.274 E.02201
G1 X176.792 Y184.951 E.02199
G1 X176.266 Y184.568 E.02204
G1 X175.819 Y184.161 E.02045
G1 X175.327 Y183.606 E.02511
G1 X174.986 Y183.108 E.02042
G1 X174.674 Y182.538 E.02199
G1 X174.427 Y181.937 E.022
G1 X174.248 Y181.312 E.02202
G1 X174.139 Y180.671 E.02198
G1 X174.1 Y180.022 E.02201
G1 X174.134 Y179.373 E.02201
G1 X174.238 Y178.731 E.02203
G1 X174.399 Y178.148 E.02046
G1 X174.673 Y177.459 E.0251
G1 X174.962 Y176.93 E.02042
G1 X175.331 Y176.394 E.02201
G1 X175.756 Y175.902 E.02199
G1 X176.232 Y175.46 E.022
G1 X176.755 Y175.073 E.02201
G1 X177.316 Y174.746 E.022
G1 X177.91 Y174.483 E.022
M73 P68 R3
G1 X178.53 Y174.287 E.022
G1 X179.213 Y174.151 E.02356
G1 X179.862 Y174.103 E.02204
G1 X180.466 Y174.119 E.02044
G1 X181.109 Y174.206 E.02197
G1 X181.74 Y174.363 E.022
G1 X182.35 Y174.588 E.02201
G1 X182.931 Y174.88 E.02203
G1 X183.439 Y175.207 E.02046
G1 X184.015 Y175.674 E.0251
G1 X184.434 Y176.108 E.02041
G1 X184.835 Y176.62 E.02201
G1 X185.178 Y177.173 E.022
G1 X185.458 Y177.76 E.02203
G1 X185.658 Y178.331 E.02046
G1 X185.825 Y179.053 E.0251
G1 X185.894 Y179.746 E.02356
G1 X185.892 Y180.303 E.01886
G1 X185.822 Y180.955 E.0222
M204 T5000
G1 X184.563 Y180.801 F24000
M204 P3000
;TYPE:Inner wall
G1 F1126
G1 X184.639 Y180.307 E.0169
G1 X184.629 Y179.544 E.02583
G1 X184.488 Y178.782 E.02623
G2 X183.751 Y177.253 I-5.69 J1.801 E.05764
G1 X183.181 Y176.614 E.02902
G1 X182.586 Y176.136 E.02582
G1 X181.899 Y175.755 E.02658
G1 X181.16 Y175.496 E.0265
G1 X180.413 Y175.369 E.02564
G2 X179.261 Y175.408 I-.047 J15.675 E.03903
G1 X178.577 Y175.573 E.02383
G1 X178.014 Y175.794 E.02046
G1 X177.467 Y176.101 E.02123
G2 X176.293 Y177.194 I3.53 J4.967 E.05445
G1 X175.862 Y177.88 E.02743
G1 X175.565 Y178.599 E.02631
G1 X175.395 Y179.35 E.02607
G1 X175.359 Y179.999 E.02201
G2 X175.468 Y181.036 I6.394 J-.148 E.03532
G1 X175.717 Y181.807 E.02743
G1 X176.078 Y182.5 E.02646
G1 X176.548 Y183.117 E.02623
G1 X177.161 Y183.684 E.02828
G1 X177.809 Y184.103 E.02612
G1 X178.369 Y184.343 E.02063
G2 X179.963 Y184.649 I1.702 J-4.565 E.05519
G1 X180.85 Y184.565 E.03015
G1 X181.555 Y184.381 E.02468
G1 X182.293 Y184.045 E.02743
G1 X182.952 Y183.593 E.02706
G1 X183.476 Y183.077 E.02488
G1 X183.864 Y182.586 E.0212
G1 X184.287 Y181.783 E.0307
G1 X184.515 Y181.108 E.02412
G1 X184.557 Y180.84 E.00917
M204 T1500
G1 X184.146 Y180.71 F24000
M204 P1500
;TYPE:Overhang wall
G1 F900
M106 S127
G1 X184.208 Y180.343 E.0126
G1 X184.204 Y179.607 E.02491
G1 X184.072 Y178.883 E.02491
G1 X183.816 Y178.193 E.02491
G1 X183.446 Y177.561 E.02479
G1 X182.968 Y176.997 E.02502
G1 X182.401 Y176.527 E.02493
G1 X181.762 Y176.163 E.02489
G1 X181.069 Y175.915 E.02491
G1 X180.343 Y175.792 E.02492
G1 X179.369 Y175.826 E.03299
G1 X178.714 Y175.98 E.02278
G1 X178.19 Y176.185 E.01905
G1 X177.7 Y176.461 E.01904
G1 X177.174 Y176.863 E.02241
G1 X176.673 Y177.401 E.02488
G1 X176.272 Y178.018 E.02491
G1 X175.984 Y178.696 E.02493
G1 X175.819 Y179.413 E.0249
G1 X175.781 Y180.148 E.02491
G1 X175.87 Y180.878 E.02489
G1 X176.086 Y181.582 E.02493
G1 X176.42 Y182.238 E.02492
G1 X176.863 Y182.825 E.02489
G1 X177.401 Y183.327 E.02491
G1 X178.018 Y183.728 E.02491
G1 X178.696 Y184.016 E.02493
G1 X179.345 Y184.17 E.02258
G1 X179.906 Y184.221 E.01907
G1 X180.637 Y184.174 E.02479
G1 X181.352 Y184 E.02491
G1 X182.026 Y183.704 E.02492
G1 X182.638 Y183.296 E.0249
G1 X183.055 Y182.913 E.01917
G1 X183.474 Y182.4 E.02242
G1 X183.837 Y181.762 E.02485
G1 X184.085 Y181.069 E.02491
G1 X184.139 Y180.75 E.01095
M204 T5000
G1 E-.16 F2100
;WIPE_START
G1 F900
G1 X184.208 Y180.343 E-.26395
G1 X184.205 Y179.755 E-.37605
;WIPE_END
G1 X179.936 Y174.956 F24000
G1 E.8 F4800
M204 P4000
;TYPE:Internal solid infill
;WIDTH:0.469007
G1 F1126
M106 S76
G1 X179.323 Y174.986 E.02176
G2 X178.246 Y175.256 I1.167 J6.927 E.03937
G2 X176.392 Y176.461 I1.785 J4.777 E.07897
G1 X176.018 Y176.875 E.01974
G2 X175.207 Y178.378 I5.18 J3.767 E.06071
G2 X174.944 Y179.979 I5.563 J1.736 E.05767
G2 X175.054 Y181.073 I7.077 J-.159 E.03898
G2 X175.997 Y183.086 I5.232 J-1.226 E.07933
G1 X176.395 Y183.538 E.02134
G1 X176.77 Y183.888 E.01816
G2 X177.678 Y184.496 I3.92 J-4.87 E.03875
G1 X178.208 Y184.727 E.0205
G2 X179.84 Y185.058 I1.896 J-5.159 E.05921
G2 X182.011 Y184.636 I.06 J-5.483 E.07891
G1 X182.511 Y184.39 E.01973
G2 X184.438 Y182.413 I-2.557 J-4.42 E.09905
G2 X185.046 Y180.299 I-4.469 J-2.43 E.07857
G1 X185.049 Y179.742 E.01973
G2 X184.886 Y178.692 I-6.378 J.447 E.03768
G1 X184.689 Y178.119 E.02149
G2 X184.168 Y177.131 I-4.93 J1.97 E.03963
G2 X182.069 Y175.382 I-4.416 J3.164 E.09788
G2 X180.458 Y174.96 I-2.394 J5.864 E.05918
G1 X179.976 Y174.956 E.01706
; stop printing object obj_2_MOLD.stl id:0 copy 0
;LAYER_CHANGE
;Z:4.6
;HEIGHT:0.2
;BEFORE_LAYER_CHANGE
G92 E0.0
;4.6
G1 E-.4686 F2100
;WIPE_START
G1 F6336.735
G1 X180.458 Y174.96 E-.15956
G1 X180.97 Y175.04 E-.17185
;WIPE_END
M486 S-1
;AFTER_LAYER_CHANGE
;4.6
;_SET_FAN_SPEED_CHANGING_LAYER
; printing object obj_2_MOLD.stl id:0 copy 0
M486 S0
G1 X181.501 Y175.193 Z4.6 F24000
G1 E.8 F4800
M204 P3000
;TYPE:Inner wall
;WIDTH:0.449999
G1 F1010
G3 X184.143 Y177.125 I-1.53 J4.863 E.11276
G3 X185.037 Y179.765 I-4.336 J2.941 E.09552
G3 X180.992 Y184.943 I-5.06 J.216 E.24199
M73 P69 R3
G1 X180.419 Y185.025 E.01962
G3 X174.957 Y180.002 I-.403 J-5.043 E.28194
G3 X179.295 Y175.007 I5.065 J.018 E.24401
G1 X179.872 Y174.959 E.01957
G3 X181.463 Y175.181 I.1 J5.097 E.05462
M204 T2500
G1 X182.175 Y174.98 F24000
M204 P2500
;TYPE:Outer wall
G1 F1010
G1 X182.714 Y175.25 E.02041
G1 X183.221 Y175.578 E.02041
G1 X183.687 Y175.959 E.02039
G1 X184.11 Y176.389 E.02041
G1 X184.482 Y176.863 E.0204
G1 X184.8 Y177.375 E.0204
G1 X185.06 Y177.919 E.02041
G1 X185.258 Y178.488 E.02039
G1 X185.402 Y179.121 E.02198
G1 X185.466 Y179.767 E.02197
G1 X185.464 Y180.277 E.01726
G1 X185.4 Y180.877 E.02041
G1 X185.271 Y181.465 E.0204
G1 X185.078 Y182.036 E.02039
G1 X184.823 Y182.583 E.02041
G1 X184.509 Y183.097 E.0204
G1 X184.141 Y183.575 E.0204
G1 X183.723 Y184.009 E.02041
G1 X183.26 Y184.393 E.02036
G1 X182.744 Y184.732 E.02089
G1 X182.219 Y185 E.01996
G1 X181.656 Y185.214 E.02039
G1 X181.072 Y185.365 E.02041
G1 X180.476 Y185.45 E.0204
G1 X179.873 Y185.469 E.0204
G1 X179.273 Y185.422 E.02038
G1 X178.667 Y185.306 E.02088
G1 X178.104 Y185.132 E.01995
G1 X177.551 Y184.892 E.02041
G1 X177.028 Y184.593 E.02039
G1 X176.541 Y184.238 E.02041
G1 X176.095 Y183.832 E.02041
G1 X175.698 Y183.379 E.0204
G1 X175.352 Y182.885 E.0204
G1 X175.063 Y182.356 E.02041
G1 X174.834 Y181.799 E.02039
G1 X174.667 Y181.22 E.0204
G1 X174.565 Y180.626 E.02041
G1 X174.529 Y180.024 E.02039
G1 X174.56 Y179.422 E.02041
G1 X174.657 Y178.827 E.02041
G1 X174.818 Y178.246 E.0204
G1 X175.042 Y177.687 E.02039
G1 X175.327 Y177.156 E.02041
G1 X175.668 Y176.659 E.02039
G1 X176.062 Y176.203 E.0204
G1 X176.504 Y175.792 E.02041
G1 X176.988 Y175.433 E.02039
G1 X177.508 Y175.13 E.02041
G1 X178.059 Y174.885 E.02041
G1 X178.634 Y174.703 E.02039
G1 X179.224 Y174.585 E.02038
G1 X179.839 Y174.532 E.02088
G1 X180.428 Y174.546 E.01995
G1 X181.025 Y174.626 E.02039
G1 X181.61 Y174.772 E.02041
G1 X182.138 Y174.967 E.01904
M204 T5000
G1 X181.708 Y176.153 F24000
M204 P3000
;TYPE:Inner wall
G1 F1010
G1 X181.238 Y175.965 E.01713
G1 X180.536 Y175.813 E.02431
G1 X179.932 Y175.786 E.02048
G1 X179.295 Y175.839 E.02161
G1 X178.583 Y176.024 E.0249
G1 X177.952 Y176.308 E.02343
G1 X177.373 Y176.695 E.02359
G2 X176.359 Y177.865 I3.511 J4.065 E.05257
G1 X176.024 Y178.598 E.02729
G1 X175.874 Y179.116 E.01825
G1 X175.789 Y179.726 E.02086
G1 X175.805 Y180.462 E.0249
G1 X175.949 Y181.183 E.0249
G1 X176.203 Y181.846 E.02406
G1 X176.558 Y182.446 E.02359
G1 X176.963 Y182.931 E.02138
G1 X177.424 Y183.345 E.02097
G1 X178.009 Y183.723 E.02359
G2 X179.482 Y184.188 I2.326 J-4.798 E.05245
G1 X180.311 Y184.203 E.02809
G1 X180.945 Y184.113 E.02168
G1 X181.645 Y183.886 E.0249
G1 X182.257 Y183.569 E.02333
G1 X182.813 Y183.148 E.02362
G2 X183.759 Y181.92 I-3.73 J-3.849 E.05264
G1 X184.035 Y181.238 E.0249
G1 X184.185 Y180.558 E.02355
G1 X184.22 Y179.862 E.02359
G2 X183.886 Y178.355 I-5.367 J.395 E.05245
G1 X183.542 Y177.705 E.0249
G1 X183.114 Y177.149 E.02374
G1 X182.603 Y176.676 E.02359
G1 X182.106 Y176.35 E.0201
G2 X181.744 Y176.169 I-2.755 J5.039 E.01369
M204 T1500
G1 X181.514 Y176.538 F24000
M204 P1500
;TYPE:Overhang wall
G1 F900
M106 S127
G1 X181.173 Y176.393 E.01254
G1 X180.719 Y176.287 E.01578
G1 X180.084 Y176.207 E.02166
G1 X179.439 Y176.249 E.02188
G1 X178.787 Y176.406 E.0227
G1 X178.181 Y176.671 E.02239
G1 X177.631 Y177.038 E.02238
G1 X177.153 Y177.494 E.02236
G1 X176.761 Y178.027 E.0224
G1 X176.467 Y178.619 E.02237
G1 X176.303 Y179.156 E.01901
G1 X176.219 Y179.693 E.0184
G1 X176.223 Y180.351 E.02227
G1 X176.342 Y181.002 E.0224
G1 X176.571 Y181.622 E.02237
G1 X176.912 Y182.203 E.0228
G1 X177.263 Y182.625 E.01858
G1 X177.665 Y182.99 E.01838
G1 X178.218 Y183.349 E.02232
G1 X178.827 Y183.607 E.02239
G1 X179.471 Y183.756 E.02237
G1 X180.131 Y183.791 E.02237
G1 X180.788 Y183.71 E.02241
G1 X181.42 Y183.517 E.02237
G1 X182.009 Y183.217 E.02237
G1 X182.537 Y182.82 E.02236
G1 X182.988 Y182.336 E.02239
G1 X183.349 Y181.782 E.02238
G1 X183.607 Y181.173 E.02239
G1 X183.756 Y180.529 E.02237
G1 X183.791 Y179.869 E.02237
G1 X183.71 Y179.212 E.02241
G1 X183.517 Y178.58 E.02237
G1 X183.217 Y177.991 E.02237
G1 X182.82 Y177.463 E.02236
G1 X182.336 Y177.012 E.02239
G1 X181.782 Y176.651 E.02238
G1 X181.551 Y176.553 E.00849
M204 T5000
G1 E-.16 F2100
;WIPE_START
G1 F900
G1 X181.173 Y176.393 E-.2624
G1 X180.719 Y176.287 E-.29877
G1 X180.596 Y176.272 E-.07883
;WIPE_END
G1 X175.498 Y178.974 F24000
G1 E.8 F4800
M204 P4000
;TYPE:Internal solid infill
;WIDTH:0.466161
G1 F1010
M106 S76
G1 X175.4 Y179.478 E.01804
G2 X175.404 Y180.524 I5.294 J.503 E.03687
G1 X175.535 Y181.222 E.02501
G1 X175.805 Y181.959 E.02761
M73 P70 R3
G2 X177.042 Y183.562 I4.356 J-2.083 E.07179
G2 X177.893 Y184.122 I3.673 J-4.652 E.03589
G1 X178.571 Y184.403 E.02582
G1 X179.333 Y184.584 E.02757
G2 X180.987 Y184.523 I.624 J-5.574 E.05847
G1 X181.709 Y184.303 E.02655
G1 X182.286 Y184.021 E.02259
G2 X183.788 Y182.649 I-2.26 J-3.982 E.07219
G1 X184.061 Y182.219 E.01794
G2 X184.456 Y178.759 I-4.123 J-2.223 E.12557
G1 X184.299 Y178.274 E.01795
G2 X183.504 Y176.973 I-5.299 J2.345 E.05381
G2 X182.33 Y176.002 I-3.897 J3.515 E.05382
G2 X179.382 Y175.413 I-2.363 J4.158 E.10763
G2 X177.488 Y176.121 I.653 J4.637 E.07172
G1 X177.07 Y176.412 E.01794
G2 X175.825 Y178.009 I3.184 J3.766 E.07176
G1 X175.633 Y178.475 E.01773
G1 X175.508 Y178.936 E.01681
; stop printing object obj_2_MOLD.stl id:0 copy 0
;LAYER_CHANGE
;Z:4.8
;HEIGHT:0.2
;BEFORE_LAYER_CHANGE
G92 E0.0
;4.8
G1 E-.47081 F2100
;WIPE_START
G1 F6379.344
G1 X175.633 Y178.475 E-.15726
G1 X175.825 Y178.009 E-.16582
G1 X175.833 Y177.992 E-.00611
;WIPE_END
M486 S-1
;AFTER_LAYER_CHANGE
;4.8
;_SET_FAN_SPEED_CHANGING_LAYER
; printing object obj_2_MOLD.stl id:0 copy 0
M486 S0
G1 X176.07 Y177.589 Z4.8 F24000
G1 E.8 F4800
M204 P3000
;TYPE:Inner wall
;WIDTH:0.449999
G1 F903
G1 X176.091 Y177.548 E.00155
G1 X176.519 Y176.981 E.02406
G1 X176.955 Y176.54 E.02098
G1 X177.427 Y176.171 E.02029
G1 X177.914 Y175.885 E.0191
G3 X179.408 Y175.424 I2.241 J4.613 E.05312
G1 X180.163 Y175.395 E.0256
G1 X180.751 Y175.452 E.01998
G1 X181.364 Y175.593 E.02129
G3 X184.609 Y179.788 I-1.393 J4.43 E.19106
G3 X176.631 Y183.149 I-4.608 J.212 E.38036
G1 X176.171 Y182.565 E.02516
G1 X175.842 Y181.997 E.02223
G3 X175.828 Y178.036 I4.21 J-1.995 E.13847
G1 X176.051 Y177.624 E.01585
M204 T2500
G1 X175.692 Y177.382 F24000
M204 P2500
;TYPE:Outer wall
G1 F903
G3 X177.174 Y175.826 I4.308 J2.618 E.07331
G1 X177.741 Y175.49 E.02233
G3 X184.128 Y177.106 I2.248 J4.545 E.24273
G3 X184.845 Y178.603 I-4.697 J3.166 E.05639
G1 X184.979 Y179.19 E.02037
G1 X185.037 Y179.789 E.02038
G3 X175.671 Y177.417 I-5.037 J.211 E.63504
M204 T5000
G1 X176.742 Y178.082 F24000
M204 P3000
;TYPE:Inner wall
G1 F903
G1 X176.666 Y178.196 E.00462
G1 X176.399 Y178.809 E.02265
G1 X176.248 Y179.442 E.02204
G1 X176.215 Y180.004 E.01905
G2 X176.318 Y180.902 I4.89 J-.109 E.03065
G1 X176.574 Y181.623 E.02588
G1 X176.994 Y182.3 E.02697
G1 X177.335 Y182.694 E.01765
G1 X177.903 Y183.16 E.02486
G1 X178.489 Y183.479 E.02258
G1 X179.078 Y183.67 E.02097
G2 X179.977 Y183.791 I1.069 J-4.525 E.03074
G1 X180.681 Y183.729 E.02392
G1 X181.488 Y183.481 E.02859
G1 X182.03 Y183.202 E.02062
G1 X182.552 Y182.807 E.02218
G1 X183.008 Y182.311 E.02278
G1 X183.337 Y181.795 E.02074
G2 X183.666 Y180.972 I-6.72 J-3.17 E.03002
G1 X183.772 Y180.395 E.01985
G1 X183.777 Y179.785 E.02065
G1 X183.735 Y179.406 E.01291
G1 X183.62 Y178.874 E.01842
M73 P71 R3
G1 X183.32 Y178.17 E.02589
G1 X182.879 Y177.541 E.026
G1 X182.442 Y177.1 E.02105
G1 X181.865 Y176.7 E.02374
G1 X181.165 Y176.392 E.02589
G1 X180.505 Y176.241 E.02292
G1 X179.931 Y176.215 E.01945
G1 X179.33 Y176.268 E.0204
G1 X178.655 Y176.456 E.02374
G1 X177.974 Y176.795 E.02573
G1 X177.506 Y177.143 E.01976
G1 X177.036 Y177.641 E.02316
G1 X176.764 Y178.049 E.01659
M204 T1500
G1 X177.074 Y178.341 F24000
M204 P1500
;TYPE:Overhang wall
G1 F900
M106 S127
G1 X176.82 Y178.903 E.02088
G1 X176.673 Y179.503 E.02091
G1 X176.638 Y180.119 E.02088
G1 X176.716 Y180.731 E.02088
G1 X176.932 Y181.379 E.02312
G1 X177.236 Y181.917 E.02092
G1 X177.587 Y182.342 E.01866
G1 X178.107 Y182.781 E.02304
G1 X178.649 Y183.081 E.02097
G1 X179.298 Y183.29 E.02308
G1 X179.913 Y183.363 E.02096
G1 X180.529 Y183.322 E.0209
G1 X181.188 Y183.147 E.02308
G1 X181.744 Y182.876 E.02094
G1 X182.241 Y182.509 E.02091
G1 X182.661 Y182.058 E.02086
G1 X182.992 Y181.537 E.02089
G1 X183.241 Y180.901 E.02312
G1 X183.344 Y180.359 E.01867
G1 X183.348 Y179.678 E.02305
G1 X183.233 Y179.07 E.02094
G1 X182.978 Y178.436 E.02313
G1 X182.642 Y177.917 E.02093
G1 X182.217 Y177.47 E.02088
G1 X181.717 Y177.107 E.02091
G1 X181.098 Y176.821 E.02308
G1 X180.625 Y176.703 E.0165
G1 X180.082 Y176.636 E.01852
G1 X179.471 Y176.678 E.02073
G1 X178.873 Y176.83 E.02089
G1 X178.257 Y177.123 E.02309
G1 X177.81 Y177.448 E.01871
G1 X177.424 Y177.837 E.01855
G1 X177.097 Y178.308 E.01941
M204 T5000
G1 E-.16 F2100
;WIPE_START
G1 F900
G1 X176.82 Y178.903 E-.42018
G1 X176.738 Y179.237 E-.21982
;WIPE_END
G1 X177.32 Y176.779 F24000
G1 E.8 F4800
M204 P4000
;TYPE:Internal solid infill
;WIDTH:0.459409
G1 F903
M106 S76
G1 X176.798 Y177.282 E.0251
G1 X176.432 Y177.787 E.0216
G1 X176.055 Y178.558 E.02974
G2 X175.8 Y180.074 I4.396 J1.517 E.05347
G1 X175.892 Y180.887 E.02834
G1 X176.153 Y181.688 E.02918
G1 X176.417 Y182.183 E.01941
G2 X177.014 Y182.956 I3.684 J-2.231 E.03392
G1 X177.607 Y183.453 E.02681
G1 X178.09 Y183.736 E.01938
G1 X178.513 Y183.924 E.01601
G1 X179.132 Y184.11 E.02241
G1 X179.862 Y184.198 E.02546
G1 X180.639 Y184.151 E.02694
G1 X181.238 Y184.008 E.02135
G1 X181.67 Y183.851 E.01591
G1 X182.197 Y183.58 E.02052
G1 X182.817 Y183.119 E.02673
G1 X183.318 Y182.575 E.02562
G1 X183.739 Y181.894 E.02772
G1 X184.037 Y181.159 E.02747
G1 X184.168 Y180.511 E.02291
G1 X184.19 Y179.786 E.02511
G1 X184.142 Y179.326 E.01601
G1 X184.027 Y178.803 E.01856
G1 X183.714 Y178.035 E.02871
G1 X183.343 Y177.458 E.02376
G1 X182.855 Y176.923 E.02505
G1 X182.207 Y176.427 E.0283
G1 X181.7 Y176.167 E.01972
G1 X181.269 Y176 E.016
G1 X180.62 Y175.846 E.02309
G1 X180.023 Y175.8 E.02075
G1 X179.44 Y175.839 E.02023
G1 X178.565 Y176.05 E.03116
G1 X177.838 Y176.4 E.02796
G1 X177.353 Y176.755 E.02082
; stop printing object obj_2_MOLD.stl id:0 copy 0
M106 S127
;LAYER_CHANGE
;Z:5
;HEIGHT:0.2
;BEFORE_LAYER_CHANGE
G92 E0.0
;5
G1 E-.47606 F2100
;WIPE_START
G1 F6482.77
G1 X177.838 Y176.4 E-.19478
G1 X178.197 Y176.227 E-.12915
;WIPE_END
M486 S-1
;AFTER_LAYER_CHANGE
;5
;_SET_FAN_SPEED_CHANGING_LAYER
; printing object obj_2_MOLD.stl id:0 copy 0
M486 S0
G1 X178.544 Y176.115 Z5 F24000
G1 E.8 F4800
M204 P3000
;TYPE:Inner wall
;WIDTH:0.510655
G1 F900
G1 X178.647 Y176.072 E.00434
;WIDTH:0.506595
G1 X179.398 Y175.889 E.0298
;WIDTH:0.517122
G3 X180.454 Y175.87 I.608 J4.561 E.04175
;WIDTH:0.508192
G1 X181.269 Y176.042 E.03223
G1 X181.889 Y176.301 E.026
;WIDTH:0.503883
G1 X182.417 Y176.62 E.02364
;WIDTH:0.515016
G1 X182.835 Y176.965 E.02126
G1 X183.217 Y177.371 E.0219
;WIDTH:0.507868
G1 X183.67 Y178.048 E.03147
G1 X183.939 Y178.685 E.02673
;WIDTH:0.504168
G1 X184.093 Y179.278 E.0235
;WIDTH:0.510714
G1 X184.152 Y180.169 E.03474
;WIDTH:0.507982
G1 X184.099 Y180.688 E.02018
;WIDTH:0.51079
G1 X183.99 Y181.159 E.01881
G1 X183.811 Y181.655 E.02051
;WIDTH:0.509549
G1 X183.398 Y182.392 E.03279
G1 X182.844 Y183.03 E.03275
;WIDTH:0.508733
G1 X182.458 Y183.351 E.01947
;WIDTH:0.510723
G1 X182.052 Y183.613 E.01881
G1 X181.559 Y183.851 E.02127
;WIDTH:0.504641
G1 X180.852 Y184.067 E.02841
;WIDTH:0.508077
G1 X180.339 Y184.142 E.02004
;WIDTH:0.510712
G1 X179.856 Y184.152 E.01881
G1 X179.328 Y184.1 E.02063
;WIDTH:0.508563
G1 X178.515 Y183.882 E.0326
G1 X177.9 Y183.582 E.02649
;WIDTH:0.509781
G1 X177.355 Y183.205 E.02572
;WIDTH:0.510776
G1 X177.001 Y182.876 E.01881
G1 X176.648 Y182.454 E.02139
;WIDTH:0.504757
G1 X176.265 Y181.821 E.02844
;WIDTH:0.508194
G1 X176.068 Y181.346 E.0199
;WIDTH:0.510673
G1 X175.939 Y180.879 E.0188
G1 X175.86 Y180.351 E.02077
;WIDTH:0.508389
G1 X175.872 Y179.513 E.03244
G1 X176.013 Y178.839 E.02664
;WIDTH:0.510027
G1 X176.244 Y178.223 E.02557
;WIDTH:0.510857
G1 X176.476 Y177.799 E.01881
G1 X176.8 Y177.35 E.02153
;WIDTH:0.504895
G1 X177.32 Y176.824 E.02843
;WIDTH:0.508337
G1 X177.73 Y176.518 E.01978
;WIDTH:0.510655
G1 X178.151 Y176.279 E.01881
G1 X178.507 Y176.13 E.01502
M204 T2500
G1 X178.365 Y175.687 F24000
M204 P2500
;TYPE:Outer wall
;WIDTH:0.449999
G1 F900
G3 X184.434 Y178.726 I1.636 J4.313 E.25818
G1 X184.555 Y179.259 E.0185
G1 X184.607 Y180.235 E.03308
G3 X178.327 Y175.701 I-4.607 J-.235 E.66993
M73 P72 R3
M204 T5000
G1 X179.43 Y176.362 F24000
M204 P3000
;TYPE:Inner wall
;WIDTH:0.517122
G1 F900
G1 X179.312 Y176.371 E.00467
;WIDTH:0.504304
G1 X178.666 Y176.555 E.0258
;WIDTH:0.508337
G1 X178.004 Y176.895 E.02878
G1 X177.525 Y177.259 E.02328
;WIDTH:0.503911
G1 X177.068 Y177.753 E.02579
;WIDTH:0.510027
G1 X176.677 Y178.397 E.02927
G1 X176.403 Y179.165 E.03167
;WIDTH:0.507884
G1 X176.313 Y179.779 E.02401
;WIDTH:0.504239
G1 X176.333 Y180.451 E.0258
;WIDTH:0.508194
G1 X176.499 Y181.173 E.02863
G1 X176.736 Y181.729 E.02339
;WIDTH:0.504704
G1 X177.104 Y182.293 E.02585
;WIDTH:0.509781
G1 X177.63 Y182.828 E.02911
G1 X178.307 Y183.281 E.03166
;WIDTH:0.507871
G1 X178.884 Y183.521 E.02416
;WIDTH:0.5042
G1 X179.541 Y183.666 E.02579
;WIDTH:0.508077
G1 X180.277 Y183.681 E.02847
G1 X180.878 Y183.588 E.02353
;WIDTH:0.504562
G1 X181.515 Y183.369 E.02582
G1 X182.101 Y183.038 E.02585
;WIDTH:0.507876
G1 X182.5 Y182.717 E.01979
;WIDTH:0.513769
G1 X182.762 Y182.436 E.01505
G1 X183.141 Y181.943 E.02434
;WIDTH:0.504204
G1 X183.442 Y181.342 E.0258
;WIDTH:0.507982
G1 X183.637 Y180.635 E.02834
G1 X183.694 Y180.026 E.02367
;WIDTH:0.504431
G1 X183.638 Y179.355 E.02581
;WIDTH:0.508545
G1 X183.43 Y178.636 E.02898
G1 X183.167 Y178.1 E.0231
;WIDTH:0.505557
G1 X182.761 Y177.547 E.02641
G1 X182.143 Y176.991 E.03198
;WIDTH:0.507913
G1 X181.509 Y176.63 E.0282
G1 X180.928 Y176.425 E.02382
;WIDTH:0.504238
G1 X180.38 Y176.325 E.02136
;WIDTH:0.517122
G2 X179.918 Y176.323 I-.265 J6.337 E.01823
G1 X179.47 Y176.358 E.01771
M204 T2500
G1 X179.47 Y176.804 F24000
M204 P2500
;TYPE:Outer wall
;WIDTH:0.449999
G1 F900
G1 X178.893 Y176.955 E.02019
G1 X178.359 Y177.206 E.01997
G1 X177.88 Y177.55 E.01996
G1 X177.466 Y177.981 E.02023
G1 X177.146 Y178.468 E.01972
G1 X176.873 Y179.153 E.02496
G1 X176.771 Y179.739 E.02013
G1 X176.777 Y180.329 E.01997
G1 X176.89 Y180.908 E.01997
G1 X177.106 Y181.457 E.01997
G1 X177.418 Y181.957 E.01995
G1 X177.816 Y182.393 E.01998
G1 X178.415 Y182.825 E.025
G1 X178.957 Y183.067 E.02009
G1 X179.531 Y183.206 E.01999
G1 X180.12 Y183.238 E.01997
G1 X180.705 Y183.162 E.01997
G1 X181.266 Y182.982 E.01994
G1 X181.786 Y182.703 E.01997
G1 X182.247 Y182.334 E.01999
G1 X182.716 Y181.765 E.02496
G1 X182.993 Y181.239 E.02012
G1 X183.169 Y180.676 E.01997
G1 X183.239 Y180.09 E.01998
G1 X183.201 Y179.501 E.01998
G1 X183.058 Y178.929 E.01996
G1 X182.812 Y178.392 E.01999
G1 X182.474 Y177.909 E.01995
G1 X181.937 Y177.404 E.02495
G1 X181.43 Y177.093 E.02013
G1 X180.879 Y176.882 E.01997
G1 X180.299 Y176.774 E.01997
G1 X179.51 Y176.803 E.02672
; stop printing object obj_2_MOLD.stl id:0 copy 0
;LAYER_CHANGE
;Z:5.2
;HEIGHT:0.2
;BEFORE_LAYER_CHANGE
G92 E0.0
;5.2
G1 E-.40674 F2100
;WIPE_START
G1 F5340
G1 X178.893 Y176.955 E-.24999
G1 X178.563 Y177.11 E-.14327
;WIPE_END
M486 S-1
;AFTER_LAYER_CHANGE
;5.2
;_SET_FAN_SPEED_CHANGING_LAYER
; printing object obj_2_MOLD.stl id:0 copy 0
M486 S0
G1 X177.535 Y176.617 Z5.2 F24000
G1 E.8 F4800
G1 F900
G1 X178.125 Y176.257 E.0234
G1 X178.767 Y176 E.0234
G1 X179.412 Y175.858 E.02236
G1 X179.933 Y175.817 E.0177
G1 X180.631 Y175.865 E.02368
G1 X181.303 Y176.025 E.02338
G1 X181.939 Y176.294 E.02338
G1 X182.523 Y176.663 E.02338
G1 X183.062 Y177.154 E.02466
G1 X183.51 Y177.734 E.02481
G1 X183.85 Y178.383 E.0248
G1 X184.072 Y179.081 E.02479
G1 X184.163 Y179.596 E.01773
G1 X184.179 Y180.248 E.02205
G1 X184.081 Y180.932 E.0234
G1 X183.872 Y181.591 E.0234
G1 X183.557 Y182.207 E.0234
G1 X183.145 Y182.762 E.0234
G1 X182.648 Y183.242 E.0234
G1 X182.078 Y183.634 E.0234
G1 X181.451 Y183.927 E.02344
G1 X180.942 Y184.075 E.01793
G1 X180.362 Y184.168 E.01987
G1 X179.798 Y184.178 E.0191
G1 X179.182 Y184.105 E.02102
G1 X178.516 Y183.914 E.02343
G1 X177.892 Y183.617 E.0234
G1 X177.326 Y183.22 E.0234
G1 X176.832 Y182.736 E.0234
G1 X176.425 Y182.178 E.0234
G1 X176.115 Y181.559 E.0234
G1 X175.912 Y180.899 E.0234
G1 X175.819 Y180.214 E.0234
G1 X175.841 Y179.523 E.0234
G1 X175.977 Y178.845 E.0234
G1 X176.222 Y178.198 E.0234
G1 X176.57 Y177.601 E.0234
G1 X177.011 Y177.069 E.0234
G1 X177.504 Y176.643 E.02205
M204 T5000
G1 E-.48338 F2100
;WIPE_START
G1 F6632.618
G1 X178.125 Y176.257 E-.2314
G1 X178.375 Y176.157 E-.08521
;WIPE_END
G1 X179.46 Y176.817 F24000
G1 E.8 F4800
G1 F900
G1 X178.9 Y176.964 E.01959
G1 X178.382 Y177.205 E.01932
G1 X177.915 Y177.533 E.01932
G1 X177.514 Y177.939 E.01932
G1 X177.19 Y178.409 E.01932
G1 X176.953 Y178.928 E.01932
G1 X176.812 Y179.482 E.01932
G1 X176.771 Y180.051 E.01932
G1 X176.83 Y180.619 E.01932
G1 X176.989 Y181.167 E.01932
G1 X177.241 Y181.679 E.01932
G1 X177.579 Y182.137 E.01925
G1 X177.994 Y182.531 E.01939
G1 X178.471 Y182.845 E.01932
G1 X178.996 Y183.07 E.01932
G1 X179.552 Y183.198 E.01932
G1 X180.122 Y183.227 E.01932
G1 X180.689 Y183.155 E.01932
G1 X181.233 Y182.985 E.01932
G1 X181.74 Y182.721 E.01932
G1 X182.192 Y182.372 E.01932
G1 X182.575 Y181.949 E.01932
M73 P73 R3
G1 X182.878 Y181.465 E.01932
G1 X183.091 Y180.936 E.01932
G1 X183.208 Y180.377 E.01932
G1 X183.224 Y179.806 E.01932
G1 X183.139 Y179.242 E.01932
G1 X182.957 Y178.701 E.01932
G1 X182.682 Y178.2 E.01932
G1 X182.323 Y177.756 E.01932
G1 X181.896 Y177.386 E.01916
G1 X181.401 Y177.09 E.01949
G1 X180.867 Y176.889 E.01932
G1 X180.306 Y176.785 E.01932
G1 X179.5 Y176.815 E.02731
G1 X178.893 Y176.475 F24000
M204 P3000
;TYPE:Inner wall
;WIDTH:0.540186
G1 F900
G1 X179.327 Y176.36 E.01856
;WIDTH:0.57405
G1 X179.904 Y176.307 E.02559
G1 X180.524 Y176.335 E.02739
;WIDTH:0.556474
G1 X181.12 Y176.47 E.02612
;WIDTH:0.554652
G1 X181.686 Y176.701 E.02603
;WIDTH:0.552328
G1 X182.207 Y177.023 E.02592
;WIDTH:0.5495
G1 X182.692 Y177.455 E.02738
;WIDTH:0.546184
G1 X183.097 Y177.97 E.02739
;WIDTH:0.543316
G1 X183.4 Y178.532 E.02659
;WIDTH:0.545266
G1 X183.582 Y179.056 E.02315
;WIDTH:0.55479
G1 X183.691 Y179.702 E.02787
;WIDTH:0.556576
G1 X183.696 Y180.219 E.0221
;WIDTH:0.557864
G1 X183.609 Y180.824 E.02618
;WIDTH:0.55865
G1 X183.424 Y181.407 E.02622
;WIDTH:0.558932
G1 X183.145 Y181.951 E.02623
G1 X182.781 Y182.442 E.02623
;WIDTH:0.558714
G1 X182.342 Y182.867 E.02622
;WIDTH:0.557998
G1 X181.838 Y183.214 E.02619
;WIDTH:0.556776
G1 X181.378 Y183.437 E.02187
;WIDTH:0.5462
G1 X180.809 Y183.618 E.02498
;WIDTH:0.554294
G1 X180.29 Y183.693 E.02229
;WIDTH:0.557932
G1 X179.794 Y183.695 E.02123
G1 X179.279 Y183.631 E.02225
G1 X178.688 Y183.462 E.02632
;WIDTH:0.556368
G1 X178.135 Y183.2 E.02611
;WIDTH:0.554516
G1 X177.633 Y182.85 E.02602
;WIDTH:0.552158
G1 X177.195 Y182.423 E.02591
;WIDTH:0.549296
G1 X176.815 Y181.892 E.02749
;WIDTH:0.545982
G1 X176.533 Y181.301 E.02738
;WIDTH:0.543144
G1 X176.359 Y180.67 E.02722
;WIDTH:0.54081
G1 X176.299 Y180.019 E.02709
;WIDTH:0.538972
G1 X176.354 Y179.367 E.02698
;WIDTH:0.53764
G1 X176.523 Y178.735 E.02691
;WIDTH:0.536808
G1 X176.8 Y178.143 E.02686
;WIDTH:0.53665
G1 X177.177 Y177.608 E.02685
;WIDTH:0.537324
G1 X177.642 Y177.148 E.02689
;WIDTH:0.538502
G1 X178.18 Y176.777 E.02696
;WIDTH:0.540186
G1 X178.776 Y176.506 E.02705
G1 X178.855 Y176.486 E.00336
; stop printing object obj_2_MOLD.stl id:0 copy 0
;LAYER_CHANGE
;Z:5.4
;HEIGHT:0.2
;BEFORE_LAYER_CHANGE
G92 E0.0
;5.4
G1 E-.41324 F2100
;WIPE_START
G1 F5429.69
G1 X179.327 Y176.36 E-.18907
G1 X179.836 Y176.313 E-.19769
;WIPE_END
M486 S-1
;AFTER_LAYER_CHANGE
;5.4
;_SET_FAN_SPEED_CHANGING_LAYER
; printing object obj_2_MOLD.stl id:0 copy 0
M204 T2500
M486 S0
G1 X179.41 Y176.814 Z5.4 F24000
G1 E.8 F4800
M204 P2500
;TYPE:Outer wall
;WIDTH:0.50621
G1 F900
G3 X180.448 Y176.797 I.601 J5.107 E.04007
;WIDTH:0.497977
G1 X180.967 Y176.912 E.02011
;WIDTH:0.497119
G1 X181.46 Y177.11 E.02008
;WIDTH:0.496025
G1 X181.9 Y177.375 E.01931
;WIDTH:0.493176
G1 X182.308 Y177.726 E.02019
;WIDTH:0.49345
G1 X182.677 Y178.173 E.0217
G1 X182.952 Y178.666 E.02113
;WIDTH:0.495965
G1 X183.123 Y179.148 E.01927
;WIDTH:0.497184
G1 X183.219 Y179.669 E.02001
;WIDTH:0.498299
G1 X183.228 Y180.2 E.02011
;WIDTH:0.498585
G1 X183.151 Y180.726 E.02013
;WIDTH:0.498999
G1 X182.989 Y181.232 E.02014
;WIDTH:0.499133
G1 X182.747 Y181.704 E.02014
G1 X182.431 Y182.131 E.02014
;WIDTH:0.499029
G1 X182.05 Y182.501 E.02014
;WIDTH:0.498691
G1 X181.613 Y182.803 E.02013
;WIDTH:0.498119
G1 X181.133 Y183.031 E.02011
;WIDTH:0.497309
G1 X180.622 Y183.177 E.02009
;WIDTH:0.496263
G1 X180.121 Y183.238 E.01901
;WIDTH:0.492868
G1 X179.582 Y183.213 E.02019
;WIDTH:0.493287
G1 X179.014 Y183.088 E.02179
;WIDTH:0.494502
G1 X178.509 Y182.877 E.02053
;WIDTH:0.495864
G1 X178.06 Y182.592 E.02004
;WIDTH:0.496989
G1 X177.663 Y182.238 E.02008
;WIDTH:0.497903
G1 X177.328 Y181.823 E.02015
G1 X176.993 Y181.202 E.02672
;WIDTH:0.487702
G1 X176.829 Y180.653 E.02117
;WIDTH:0.488066
G1 X176.763 Y180.085 E.02118
G1 X176.799 Y179.514 E.02119
;WIDTH:0.488375
G1 X176.936 Y178.952 E.02142
;WIDTH:0.488601
G1 X177.165 Y178.434 E.02099
;WIDTH:0.48926
G1 X177.485 Y177.959 E.02124
;WIDTH:0.490147
G1 X177.883 Y177.548 E.02129
;WIDTH:0.49127
G1 X178.348 Y177.213 E.02135
;WIDTH:0.493214
G1 X178.878 Y176.959 E.02202
;WIDTH:0.4942
G1 X179.371 Y176.824 E.01918
G1 X178.168 Y176.747 F24000
;WIDTH:0.493776
G1 F900
G1 X178.768 Y176.478 E.02462
;WIDTH:0.492246
G1 X179.396 Y176.319 E.02421
M73 P73 R2
;WIDTH:0.50621
G1 X179.933 Y176.273 E.02079
G1 X180.548 Y176.309 E.02371
;WIDTH:0.497977
G1 X181.148 Y176.449 E.02332
;WIDTH:0.497119
G1 X181.717 Y176.686 E.02328
;WIDTH:0.496025
G1 X182.24 Y177.013 E.02322
;WIDTH:0.494697
G1 X182.714 Y177.438 E.02394
;WIDTH:0.493132
G1 X183.119 Y177.953 E.02453
;WIDTH:0.491947
G1 X183.424 Y178.533 E.02445
;WIDTH:0.491637
G1 X183.615 Y179.08 E.02162
;WIDTH:0.497184
G1 X183.719 Y179.728 E.0248
;WIDTH:0.498299
G1 X183.723 Y180.241 E.01942
;WIDTH:0.498585
G1 X183.633 Y180.851 E.02335
;WIDTH:0.498999
G1 X183.443 Y181.437 E.02337
;WIDTH:0.499133
G1 X183.159 Y181.984 E.02338
G1 X182.79 Y182.477 E.02337
;WIDTH:0.499029
G1 X182.344 Y182.903 E.02337
;WIDTH:0.498691
G1 X181.835 Y183.249 E.02335
;WIDTH:0.498119
G1 X181.275 Y183.507 E.02333
;WIDTH:0.497309
G1 X180.68 Y183.67 E.02329
;WIDTH:0.496263
G1 X180.067 Y183.732 E.02324
;WIDTH:0.494981
G1 X179.439 Y183.69 E.02365
;WIDTH:0.49345
G1 X178.802 Y183.533 E.0246
;WIDTH:0.491963
G1 X178.202 Y183.267 E.02451
;WIDTH:0.490718
G1 X177.658 Y182.9 E.02443
G1 X177.237 Y182.505 E.0215
;WIDTH:0.497903
G1 X176.913 Y182.097 E.0197
;WIDTH:0.498532
G1 X176.635 Y181.609 E.02127
G1 X176.416 Y181.031 E.02342
;WIDTH:0.499039
G1 X176.288 Y180.373 E.02545
G1 X176.277 Y179.759 E.02329
G1 X176.367 Y179.149 E.02337
;WIDTH:0.498918
G1 X176.557 Y178.563 E.02336
;WIDTH:0.498162
G1 X176.84 Y178.015 E.02333
;WIDTH:0.497491
G1 X177.209 Y177.522 E.02329
;WIDTH:0.496493
G1 X177.655 Y177.096 E.02325
;WIDTH:0.495257
G1 X178.135 Y176.77 E.02186
; stop printing object obj_2_MOLD.stl id:0 copy 0
;LAYER_CHANGE
;Z:5.6
;HEIGHT:0.2
;BEFORE_LAYER_CHANGE
G92 E0.0
;5.6
G1 E-.44818 F2100
;WIPE_START
G1 F5969.001
G1 X178.768 Y176.478 E-.2449
G1 X179.062 Y176.404 E-.10692
;WIPE_END
M486 S-1
;AFTER_LAYER_CHANGE
;5.6
;_SET_FAN_SPEED_CHANGING_LAYER
; printing object obj_2_MOLD.stl id:0 copy 0
M486 S0
G1 X180.264 Y176.804 Z5.6 F24000
G1 E.8 F4800
;WIDTH:0.448255
G1 F900
G1 X180.83 Y176.902 E.01938
;WIDTH:0.450332
G1 X181.363 Y177.095 E.01921
;WIDTH:0.452685
G1 X181.803 Y177.35 E.01731
G1 X182.283 Y177.751 E.02132
;WIDTH:0.445792
G1 X182.645 Y178.187 E.01898
;WIDTH:0.446839
G1 X182.923 Y178.681 E.01904
G1 X183.109 Y179.216 E.01904
;WIDTH:0.447162
G1 X183.199 Y179.776 E.01905
;WIDTH:0.448872
G1 X183.19 Y180.345 E.01921
;WIDTH:0.451028
G1 X183.082 Y180.891 E.01889
G1 X182.872 Y181.426 E.01952
;WIDTH:0.445843
G1 X182.576 Y181.91 E.01899
;WIDTH:0.445237
G1 X182.199 Y182.333 E.01896
;WIDTH:0.447347
G1 X181.755 Y182.685 E.01906
G1 X181.254 Y182.951 E.01906
G1 X180.715 Y183.127 E.01906
;WIDTH:0.452482
G1 X180.206 Y183.199 E.01753
;WIDTH:0.454002
G1 X179.692 Y183.189 E.01754
G1 X179.034 Y183.056 E.02296
;WIDTH:0.455538
G1 X178.713 Y182.93 E.01184
;WIDTH:0.455844
G1 X178.266 Y182.69 E.01742
G1 X177.932 Y182.447 E.01418
;WIDTH:0.453813
G1 X177.566 Y182.087 E.01753
;WIDTH:0.452372
G1 X177.262 Y181.67 E.01756
;WIDTH:0.450344
G1 X177.019 Y181.188 E.0183
;WIDTH:0.452585
G1 X176.871 Y180.699 E.0174
G1 X176.795 Y180.082 E.02116
;WIDTH:0.446496
G1 X176.83 Y179.517 E.01902
G1 X176.966 Y178.967 E.01902
;WIDTH:0.445932
G1 X177.194 Y178.448 E.01899
;WIDTH:0.449949
G1 X177.509 Y177.977 E.01918
;WIDTH:0.451883
G1 X177.877 Y177.596 E.018
;WIDTH:0.453677
G1 X178.285 Y177.294 E.01735
;WIDTH:0.454915
G1 X178.736 Y177.058 E.01741
;WIDTH:0.45569
G1 X179.22 Y176.896 E.01751
;WIDTH:0.459056
G1 X179.623 Y176.826 E.01418
G1 X180.224 Y176.805 E.0208
G1 X181.017 Y176.488 F24000
;WIDTH:0.449651
G1 F900
G1 X181.608 Y176.718 E.02145
;WIDTH:0.452685
G1 X182.044 Y176.966 E.01708
M73 P74 R2
;WIDTH:0.454761
G1 X182.438 Y177.278 E.01721
;WIDTH:0.455085
G1 X182.905 Y177.78 E.02352
;WIDTH:0.455828
G1 X183.213 Y178.253 E.01937
G1 X183.421 Y178.711 E.01727
;WIDTH:0.454673
G1 X183.584 Y179.275 E.0201
;WIDTH:0.453501
G1 X183.655 Y179.855 E.01994
;WIDTH:0.451835
G1 X183.636 Y180.421 E.01927
;WIDTH:0.451028
G1 X183.521 Y180.996 E.01989
;WIDTH:0.45483
G1 X183.348 Y181.469 E.01724
;WIDTH:0.45549
G1 X183.069 Y181.985 E.02013
;WIDTH:0.455773
G1 X182.714 Y182.449 E.02006
G1 X182.316 Y182.829 E.01889
;WIDTH:0.45563
G1 X181.907 Y183.121 E.01723
;WIDTH:0.453319
G1 X181.293 Y183.422 E.02334
G1 X180.715 Y183.587 E.02052
;WIDTH:0.451685
G1 X180.18 Y183.651 E.0183
;WIDTH:0.454002
G1 X179.662 Y183.642 E.0177
;WIDTH:0.455179
G1 X179.167 Y183.558 E.01723
;WIDTH:0.455538
G1 X178.516 Y183.341 E.02353
;WIDTH:0.455844
G1 X178.019 Y183.074 E.01938
G1 X177.616 Y182.773 E.01727
;WIDTH:0.453813
G1 X177.202 Y182.356 E.02006
;WIDTH:0.452372
G1 X176.864 Y181.87 E.02018
;WIDTH:0.448107
G1 X176.583 Y181.297 E.0215
;WIDTH:0.452585
G1 X176.433 Y180.815 E.01719
;WIDTH:0.455513
G1 X176.358 Y180.317 E.01726
;WIDTH:0.455844
G1 X176.352 Y179.747 E.01957
G1 X176.423 Y179.25 E.01726
;WIDTH:0.454839
G1 X176.625 Y178.594 E.0235
G1 X176.89 Y178.077 E.0199
;WIDTH:0.453845
G1 X177.208 Y177.641 E.01846
;WIDTH:0.448534
G1 X177.665 Y177.19 E.02165
;WIDTH:0.447023
G1 X178.194 Y176.826 E.02156
;WIDTH:0.445932
G1 X178.778 Y176.56 E.0215
;WIDTH:0.448036
G1 X179.414 Y176.394 E.02213
;WIDTH:0.463195
G1 X179.92 Y176.347 E.01778
G1 X180.425 Y176.368 E.01767
;WIDTH:0.451598
G1 X180.978 Y176.48 E.01916
; stop printing object obj_2_MOLD.stl id:0 copy 0
;LAYER_CHANGE
;Z:5.8
;HEIGHT:0.2
;BEFORE_LAYER_CHANGE
G92 E0.0
;5.8
G1 E-.48214 F2100
;WIPE_START
G1 F6606.668
G1 X181.608 Y176.718 E-.2141
G1 X181.892 Y176.879 E-.10376
;WIPE_END
M486 S-1
;AFTER_LAYER_CHANGE
;5.8
;_SET_FAN_SPEED_CHANGING_LAYER
; printing object obj_2_MOLD.stl id:0 copy 0
M204 T5000
M486 S0
G1 X180.263 Y176.818 Z5.8 F24000
G1 E.8 F4800
;WIDTH:0.447103
G1 F900
G1 X180.828 Y176.912 E.01924
;WIDTH:0.449119
G1 X181.359 Y177.105 E.01909
;WIDTH:0.451814
G1 X181.821 Y177.373 E.01815
G1 X182.277 Y177.756 E.02027
;WIDTH:0.447365
G1 X182.636 Y178.193 E.019
;WIDTH:0.446031
G1 X182.913 Y178.685 E.01894
;WIDTH:0.445825
G1 X183.099 Y179.219 E.01893
;WIDTH:0.447786
G1 X183.189 Y179.776 E.01902
;WIDTH:0.448472
G1 X183.179 Y180.342 E.01909
;WIDTH:0.451554
G1 X183.076 Y180.873 E.01836
G1 X182.863 Y181.422 E.02001
;WIDTH:0.447543
G1 X182.568 Y181.904 E.01901
;WIDTH:0.446128
G1 X182.192 Y182.326 E.01894
;WIDTH:0.445757
G1 X181.748 Y182.675 E.01892
;WIDTH:0.446796
G1 X181.25 Y182.942 E.01897
;WIDTH:0.44865
G1 X180.713 Y183.117 E.01906
;WIDTH:0.451283
G1 X180.169 Y183.193 E.01864
G1 X179.588 Y183.17 E.01975
;WIDTH:0.447732
G1 X179.037 Y183.048 E.01902
;WIDTH:0.446233
G1 X178.515 Y182.83 E.01895
;WIDTH:0.445699
G1 X178.04 Y182.525 E.01892
;WIDTH:0.446658
G1 X177.626 Y182.14 E.01897
;WIDTH:0.44843
G1 X177.285 Y181.69 E.01905
;WIDTH:0.451007
G1 X177.033 Y181.194 E.01888
G1 X176.868 Y180.644 E.01948
;WIDTH:0.447926
G1 X176.805 Y180.082 E.01903
;WIDTH:0.446345
G1 X176.841 Y179.518 E.01895
;WIDTH:0.445649
G1 X176.975 Y178.97 E.01892
;WIDTH:0.446524
G1 X177.203 Y178.453 E.01896
;WIDTH:0.448216
G1 X177.518 Y177.984 E.01904
;WIDTH:0.450614
G1 X177.911 Y177.578 E.01916
G1 X178.371 Y177.249 E.01917
;WIDTH:0.448128
G1 X178.881 Y177.006 E.01904
;WIDTH:0.446466
G1 X179.426 Y176.856 E.01896
;WIDTH:0.445627
G1 X180.223 Y176.819 E.02672
M204 T2500
G1 X180.519 Y176.392 F24000
;WIDTH:0.45417
G1 F900
G1 X181.063 Y176.511 E.01905
;WIDTH:0.452312
G1 X181.614 Y176.73 E.0202
;WIDTH:0.449619
G1 X182.102 Y177.021 E.01921
;WIDTH:0.453976
G1 X182.515 Y177.36 E.01825
;WIDTH:0.45532
G1 X182.892 Y177.781 E.01938
;WIDTH:0.455851
G1 X183.2 Y178.254 E.0194
G1 X183.427 Y178.753 E.0188
;WIDTH:0.455566
G1 X183.579 Y179.297 E.0194
;WIDTH:0.454511
G1 X183.642 Y179.823 E.01812
;WIDTH:0.449978
G1 X183.617 Y180.462 E.02163
G1 X183.502 Y181.018 E.01923
;WIDTH:0.453796
G1 X183.312 Y181.525 E.0185
;WIDTH:0.455223
G1 X183.036 Y182.018 E.01937
;WIDTH:0.455835
G1 X182.688 Y182.463 E.0194
G1 X182.289 Y182.838 E.01879
;WIDTH:0.455631
G1 X181.824 Y183.159 E.0194
;WIDTH:0.45461
G1 X181.314 Y183.403 E.01935
;WIDTH:0.452777
G1 X180.773 Y183.567 E.01927
;WIDTH:0.450237
G1 X180.178 Y183.643 E.02029
;WIDTH:0.453609
G1 X179.63 Y183.627 E.01875
;WIDTH:0.455117
G1 X179.074 Y183.526 E.01937
;WIDTH:0.455811
G1 X178.54 Y183.34 E.0194
G1 X178.056 Y183.085 E.01879
;WIDTH:0.45569
G1 X177.602 Y182.748 E.0194
;WIDTH:0.45475
G1 X177.206 Y182.345 E.01936
;WIDTH:0.452999
G1 X176.876 Y181.886 E.01928
;WIDTH:0.45045
G1 X176.614 Y181.355 E.02005
;WIDTH:0.453414
G1 X176.448 Y180.824 E.01899
;WIDTH:0.455004
G1 X176.364 Y180.265 E.01936
;WIDTH:0.455776
G1 X176.367 Y179.7 E.0194
G1 X176.452 Y179.159 E.01879
G1 X176.624 Y178.621 E.0194
;WIDTH:0.454883
G1 X176.877 Y178.115 E.01936
;WIDTH:0.45321
G1 X177.217 Y177.642 E.01988
;WIDTH:0.450722
G1 X177.666 Y177.201 E.02134
;WIDTH:0.45321
G1 X178.071 Y176.906 E.01709
;WIDTH:0.45488
G1 X178.572 Y176.646 E.01936
;WIDTH:0.455735
G1 X179.108 Y176.466 E.0194
;WIDTH:0.46019
G1 X179.666 Y176.374 E.01962
G1 X180.479 Y176.391 E.02821
; stop printing object obj_2_MOLD.stl id:0 copy 0
;LAYER_CHANGE
;Z:6
;HEIGHT:0.2
;BEFORE_LAYER_CHANGE
G92 E0.0
;6
G1 E-.47546 F2100
;WIPE_START
G1 F6470.63
G1 X181.063 Y176.511 E-.19354
G1 X181.438 Y176.66 E-.13101
;WIPE_END
M486 S-1
;AFTER_LAYER_CHANGE
;6
;_SET_FAN_SPEED_CHANGING_LAYER
; printing object obj_2_MOLD.stl id:0 copy 0
M204 T5000
M486 S0
G1 X179.428 Y176.866 Z6 F24000
G1 E.8 F4800
;WIDTH:0.445643
G1 F900
G1 X180.262 Y176.828 E.02797
;WIDTH:0.447112
G1 X180.825 Y176.922 E.01917
;WIDTH:0.44912
G1 X181.354 Y177.115 E.01902
;WIDTH:0.451807
G1 X181.815 Y177.381 E.0181
G1 X182.27 Y177.764 E.0202
;WIDTH:0.447378
G1 X182.628 Y178.199 E.01894
;WIDTH:0.446046
G1 X182.903 Y178.69 E.01888
;WIDTH:0.445839
G1 X183.089 Y179.221 E.01886
;WIDTH:0.446954
G1 X183.178 Y179.777 E.01892
;WIDTH:0.448883
G1 X183.169 Y180.34 E.01901
;WIDTH:0.451545
G1 X183.066 Y180.87 E.01834
G1 X182.854 Y181.417 E.01994
;WIDTH:0.447554
G1 X182.559 Y181.897 E.01895
;WIDTH:0.446142
G1 X182.185 Y182.318 E.01888
;WIDTH:0.446331
G1 X181.743 Y182.667 E.01889
G1 X181.246 Y182.932 E.01889
;WIDTH:0.448653
G1 X180.711 Y183.107 E.019
;WIDTH:0.451276
G1 X180.169 Y183.183 E.01858
G1 X179.59 Y183.16 E.01968
;WIDTH:0.447743
G1 X179.04 Y183.038 E.01896
;WIDTH:0.446247
G1 X178.52 Y182.821 E.01889
;WIDTH:0.445713
G1 X178.047 Y182.516 E.01886
;WIDTH:0.446668
G1 X177.634 Y182.133 E.0189
;WIDTH:0.448433
G1 X177.294 Y181.684 E.01899
;WIDTH:0.451001
G1 X177.043 Y181.19 E.01882
G1 X176.879 Y180.642 E.01941
;WIDTH:0.447938
G1 X176.815 Y180.082 E.01897
;WIDTH:0.44636
G1 X176.851 Y179.52 E.01889
;WIDTH:0.446021
G1 X176.985 Y178.973 E.01887
;WIDTH:0.446535
G1 X177.212 Y178.458 E.01889
;WIDTH:0.448221
G1 X177.526 Y177.991 E.01898
;WIDTH:0.450618
G1 X177.918 Y177.586 E.0191
G1 X178.376 Y177.258 E.0191
;WIDTH:0.448139
G1 X178.885 Y177.016 E.01898
;WIDTH:0.446481
G1 X179.389 Y176.877 E.01755
M204 T2500
G1 X180.517 Y176.402 F24000
;WIDTH:0.454153
G1 F900
G1 X181.06 Y176.521 E.01899
;WIDTH:0.452302
G1 X181.61 Y176.74 E.02015
;WIDTH:0.449619
G1 X182.096 Y177.029 E.01915
;WIDTH:0.453962
G1 X182.508 Y177.368 E.0182
;WIDTH:0.4553
G1 X182.884 Y177.787 E.01932
;WIDTH:0.45583
G1 X183.191 Y178.259 E.01934
G1 X183.422 Y178.773 E.01934
;WIDTH:0.455546
G1 X183.571 Y179.317 E.01933
;WIDTH:0.454449
G1 X183.634 Y179.877 E.01928
;WIDTH:0.452539
G1 X183.607 Y180.458 E.01982
;WIDTH:0.449875
G1 X183.492 Y181.015 E.01925
;WIDTH:0.453782
G1 X183.303 Y181.52 E.01845
;WIDTH:0.455204
G1 X183.027 Y182.012 E.01932
;WIDTH:0.455813
G1 X182.68 Y182.456 E.01934
G1 X182.283 Y182.83 E.01875
;WIDTH:0.455641
G1 X181.856 Y183.127 E.01784
;WIDTH:0.452961
G1 X181.309 Y183.394 E.02073
;WIDTH:0.452751
G1 X180.77 Y183.556 E.01919
;WIDTH:0.450236
G1 X180.178 Y183.632 E.02023
;WIDTH:0.453595
G1 X179.631 Y183.617 E.0187
M73 P75 R2
;WIDTH:0.455099
G1 X179.076 Y183.516 E.01931
;WIDTH:0.45579
G1 X178.544 Y183.33 E.01934
G1 X178.061 Y183.076 E.01874
;WIDTH:0.455669
G1 X177.609 Y182.74 E.01934
;WIDTH:0.454734
G1 X177.214 Y182.338 E.0193
;WIDTH:0.452986
G1 X176.885 Y181.88 E.01923
;WIDTH:0.450447
G1 X176.623 Y181.351 E.01999
;WIDTH:0.453401
G1 X176.458 Y180.821 E.01894
;WIDTH:0.454986
G1 X176.374 Y180.264 E.01931
;WIDTH:0.455778
G1 X176.377 Y179.701 E.01934
G1 X176.458 Y179.188 E.01782
;WIDTH:0.454828
G1 X176.634 Y178.624 E.02023
G1 X176.886 Y178.121 E.01928
;WIDTH:0.453198
G1 X177.202 Y177.675 E.01864
;WIDTH:0.450717
G1 X177.608 Y177.259 E.01971
;WIDTH:0.453198
G1 X178.076 Y176.915 E.01983
;WIDTH:0.454863
G1 X178.576 Y176.655 E.0193
;WIDTH:0.455715
G1 X179.11 Y176.476 E.01934
;WIDTH:0.460152
G1 X179.667 Y176.384 E.01957
G1 X180.477 Y176.401 E.02812
; stop printing object obj_2_MOLD.stl id:0 copy 0
;LAYER_CHANGE
;Z:6.2
;HEIGHT:0.2
;BEFORE_LAYER_CHANGE
G92 E0.0
;6.2
G1 E-.47549 F2100
;WIPE_START
G1 F6471.219
G1 X181.06 Y176.521 E-.19299
G1 X181.436 Y176.671 E-.13152
;WIPE_END
M486 S-1
;AFTER_LAYER_CHANGE
;6.2
;_SET_FAN_SPEED_CHANGING_LAYER
; printing object obj_2_MOLD.stl id:0 copy 0
M486 S0
G1 X180.261 Y176.838 Z6.2 F24000
G1 E.8 F4800
;WIDTH:0.44712
G1 F900
G1 X180.822 Y176.932 E.01911
;WIDTH:0.44912
G1 X181.35 Y177.124 E.01896
;WIDTH:0.451797
G1 X181.809 Y177.39 E.01804
G1 X182.262 Y177.771 E.02013
;WIDTH:0.44739
G1 X182.619 Y178.205 E.01888
;WIDTH:0.446063
G1 X182.892 Y178.69 E.01869
;WIDTH:0.445863
G1 X183.079 Y179.224 E.01893
;WIDTH:0.446962
G1 X183.168 Y179.778 E.01886
;WIDTH:0.448832
G1 X183.159 Y180.335 E.01882
;WIDTH:0.451549
G1 X183.055 Y180.867 E.01842
G1 X182.845 Y181.413 E.01986
;WIDTH:0.447566
G1 X182.551 Y181.891 E.01889
;WIDTH:0.446158
G1 X182.178 Y182.31 E.01882
;WIDTH:0.445908
G1 X181.734 Y182.66 E.01894
;WIDTH:0.446812
G1 X181.242 Y182.923 E.01872
;WIDTH:0.448656
G1 X180.708 Y183.097 E.01894
;WIDTH:0.45127
G1 X180.168 Y183.172 E.01852
G1 X179.591 Y183.15 E.01961
;WIDTH:0.447754
G1 X179.043 Y183.028 E.0189
;WIDTH:0.446263
G1 X178.525 Y182.812 E.01882
;WIDTH:0.445727
G1 X178.053 Y182.508 E.0188
;WIDTH:0.446677
G1 X177.642 Y182.127 E.01884
;WIDTH:0.448435
G1 X177.303 Y181.679 E.01893
;WIDTH:0.450995
G1 X177.053 Y181.186 E.01876
G1 X176.889 Y180.64 E.01934
;WIDTH:0.447948
G1 X176.826 Y180.082 E.01891
;WIDTH:0.446374
G1 X176.861 Y179.522 E.01883
;WIDTH:0.445677
G1 X176.994 Y178.976 E.0188
;WIDTH:0.446544
G1 X177.221 Y178.463 E.01883
;WIDTH:0.448223
G1 X177.535 Y177.997 E.01892
;WIDTH:0.450621
G1 X177.925 Y177.594 E.01903
G1 X178.382 Y177.267 E.01904
;WIDTH:0.448152
G1 X178.888 Y177.025 E.01892
;WIDTH:0.446494
G1 X179.43 Y176.877 E.01884
;WIDTH:0.445659
G1 X180.221 Y176.84 E.02654
G1 X180.516 Y176.412 F24000
;WIDTH:0.454138
G1 F900
G1 X181.057 Y176.531 E.01894
;WIDTH:0.452293
G1 X181.605 Y176.749 E.02009
;WIDTH:0.449619
G1 X182.09 Y177.038 E.01908
;WIDTH:0.453947
G1 X182.501 Y177.375 E.01815
;WIDTH:0.455282
G1 X182.876 Y177.794 E.01926
;WIDTH:0.455766
G1 X183.182 Y178.265 E.01928
G1 X183.412 Y178.777 E.01928
G1 X183.56 Y179.319 E.01928
;WIDTH:0.454433
G1 X183.624 Y179.877 E.01922
;WIDTH:0.45252
G1 X183.598 Y180.453 E.01964
;WIDTH:0.45011
G1 X183.482 Y181.011 E.01931
;WIDTH:0.453768
G1 X183.293 Y181.516 E.01841
;WIDTH:0.455186
G1 X183.019 Y182.006 E.01926
;WIDTH:0.455793
G1 X182.672 Y182.449 E.01929
G1 X182.276 Y182.822 E.01868
;WIDTH:0.455689
G1 X181.813 Y183.14 E.01929
;WIDTH:0.454515
G1 X181.306 Y183.384 E.01924
;WIDTH:0.452754
G1 X180.768 Y183.546 E.01916
;WIDTH:0.450234
G1 X180.177 Y183.622 E.02017
;WIDTH:0.453581
G1 X179.632 Y183.607 E.01865
;WIDTH:0.455081
G1 X179.079 Y183.506 E.01926
;WIDTH:0.455771
G1 X178.548 Y183.321 E.01928
G1 X178.067 Y183.067 E.01868
;WIDTH:0.455649
G1 X177.616 Y182.732 E.01929
;WIDTH:0.454717
G1 X177.222 Y182.331 E.01924
;WIDTH:0.452975
G1 X176.894 Y181.875 E.01917
;WIDTH:0.450444
G1 X176.633 Y181.347 E.01993
;WIDTH:0.453389
G1 X176.468 Y180.819 E.01889
;WIDTH:0.454967
G1 X176.385 Y180.263 E.01925
;WIDTH:0.455736
G1 X176.388 Y179.702 E.01928
G1 X176.472 Y179.164 E.01868
G1 X176.643 Y178.629 E.01929
;WIDTH:0.454846
G1 X176.895 Y178.126 E.01925
;WIDTH:0.453187
G1 X177.211 Y177.682 E.01858
;WIDTH:0.450712
G1 X177.614 Y177.266 E.01965
;WIDTH:0.453185
G1 X178.082 Y176.923 E.01977
;WIDTH:0.454845
G1 X178.581 Y176.665 E.01925
;WIDTH:0.455695
G1 X179.113 Y176.486 E.01928
;WIDTH:0.460112
G1 X179.668 Y176.395 E.01951
G1 X180.476 Y176.412 E.02803
; stop printing object obj_2_MOLD.stl id:0 copy 0
;LAYER_CHANGE
;Z:6.4
;HEIGHT:0.2
;BEFORE_LAYER_CHANGE
G92 E0.0
;6.4
G1 E-.47552 F2100
;WIPE_START
G1 F6471.84
G1 X181.057 Y176.531 E-.19245
G1 X181.435 Y176.682 E-.13203
;WIPE_END
M486 S-1
;AFTER_LAYER_CHANGE
;6.4
;_SET_FAN_SPEED_CHANGING_LAYER
; printing object obj_2_MOLD.stl id:0 copy 0
M486 S0
G1 X180.26 Y176.849 Z6.4 F24000
G1 E.8 F4800
;WIDTH:0.447128
G1 F900
G1 X180.819 Y176.943 E.01905
;WIDTH:0.449122
G1 X181.345 Y177.134 E.0189
;WIDTH:0.451791
G1 X181.803 Y177.399 E.01798
G1 X182.255 Y177.778 E.02006
;WIDTH:0.447402
G1 X182.61 Y178.21 E.01882
;WIDTH:0.446077
G1 X182.884 Y178.698 E.01875
;WIDTH:0.445865
G1 X183.069 Y179.226 E.01874
;WIDTH:0.446973
G1 X183.157 Y179.778 E.01879
;WIDTH:0.448887
G1 X183.148 Y180.338 E.01889
;WIDTH:0.451532
G1 X183.045 Y180.864 E.01823
G1 X182.835 Y181.408 E.0198
;WIDTH:0.447578
G1 X182.542 Y181.885 E.01883
;WIDTH:0.446173
G1 X182.171 Y182.303 E.01876
;WIDTH:0.445799
G1 X181.731 Y182.649 E.01874
;WIDTH:0.446824
G1 X181.238 Y182.913 E.01879
;WIDTH:0.448658
G1 X180.706 Y183.086 E.01888
;WIDTH:0.451263
G1 X180.168 Y183.162 E.01846
G1 X179.593 Y183.139 E.01954
;WIDTH:0.447766
G1 X179.046 Y183.018 E.01884
;WIDTH:0.446277
G1 X178.53 Y182.802 E.01876
;WIDTH:0.445741
G1 X178.06 Y182.5 E.01874
;WIDTH:0.446688
G1 X177.649 Y182.12 E.01878
;WIDTH:0.44844
G1 X177.312 Y181.673 E.01886
;WIDTH:0.45099
G1 X177.062 Y181.182 E.0187
G1 X176.899 Y180.638 E.01928
;WIDTH:0.447959
G1 X176.836 Y180.082 E.01885
;WIDTH:0.446389
G1 X176.872 Y179.523 E.01877
;WIDTH:0.445691
G1 X177.004 Y178.98 E.01873
;WIDTH:0.446556
G1 X177.23 Y178.468 E.01877
;WIDTH:0.448228
G1 X177.543 Y178.004 E.01885
;WIDTH:0.450627
G1 X177.932 Y177.602 E.01897
G1 X178.387 Y177.276 E.01898
;WIDTH:0.448161
G1 X178.892 Y177.035 E.01886
;WIDTH:0.446511
G1 X179.431 Y176.887 E.01877
;WIDTH:0.445674
G1 X180.22 Y176.851 E.02645
G1 X180.514 Y176.423 F24000
;WIDTH:0.454122
G1 F900
G1 X181.054 Y176.541 E.01888
;WIDTH:0.452283
G1 X181.601 Y176.759 E.02004
;WIDTH:0.449618
G1 X182.084 Y177.046 E.01902
;WIDTH:0.453932
G1 X182.493 Y177.383 E.0181
;WIDTH:0.455262
G1 X182.867 Y177.8 E.01921
;WIDTH:0.455789
G1 X183.173 Y178.27 E.01923
G1 X183.402 Y178.781 E.01923
;WIDTH:0.455507
G1 X183.55 Y179.321 E.01921
;WIDTH:0.454416
G1 X183.613 Y179.877 E.01917
;WIDTH:0.452518
G1 X183.587 Y180.455 E.01971
;WIDTH:0.449871
G1 X183.472 Y181.009 E.01912
;WIDTH:0.453754
G1 X183.283 Y181.512 E.01835
;WIDTH:0.455167
G1 X183.01 Y182.001 E.0192
;WIDTH:0.455774
G1 X182.664 Y182.442 E.01923
G1 X182.27 Y182.814 E.01863
;WIDTH:0.455572
G1 X181.808 Y183.131 E.01923
;WIDTH:0.454561
G1 X181.303 Y183.374 E.01918
;WIDTH:0.452743
G1 X180.766 Y183.536 E.0191
;WIDTH:0.450232
G1 X180.177 Y183.611 E.02011
;WIDTH:0.453567
G1 X179.633 Y183.596 E.0186
;WIDTH:0.455063
G1 X179.081 Y183.495 E.0192
;WIDTH:0.455749
G1 X178.552 Y183.311 E.01923
G1 X178.072 Y183.058 E.01862
;WIDTH:0.455629
G1 X177.623 Y182.724 E.01923
;WIDTH:0.4547
G1 X177.23 Y182.325 E.01919
;WIDTH:0.452964
G1 X176.903 Y181.869 E.01911
;WIDTH:0.450442
G1 X176.643 Y181.344 E.01987
;WIDTH:0.453376
G1 X176.478 Y180.817 E.01884
;WIDTH:0.454949
G1 X176.395 Y180.263 E.01919
;WIDTH:0.455716
G1 X176.398 Y179.702 E.01923
G1 X176.482 Y179.166 E.01862
G1 X176.653 Y178.633 E.01923
;WIDTH:0.454828
G1 X176.904 Y178.131 E.0192
;WIDTH:0.453174
G1 X177.219 Y177.689 E.01853
;WIDTH:0.450708
G1 X177.621 Y177.274 E.0196
;WIDTH:0.453173
G1 X178.087 Y176.932 E.01972
;WIDTH:0.454828
G1 X178.585 Y176.674 E.01919
;WIDTH:0.455675
G1 X179.116 Y176.496 E.01923
;WIDTH:0.460075
G1 X179.669 Y176.405 E.01945
G1 X180.474 Y176.422 E.02794
M73 P76 R2
; stop printing object obj_2_MOLD.stl id:0 copy 0
;LAYER_CHANGE
;Z:6.6
;HEIGHT:0.2
;BEFORE_LAYER_CHANGE
G92 E0.0
;6.6
G1 E-.47555 F2100
;WIPE_START
G1 F6472.414
G1 X181.054 Y176.541 E-.1919
G1 X181.433 Y176.692 E-.13255
;WIPE_END
M486 S-1
;AFTER_LAYER_CHANGE
;6.6
;_SET_FAN_SPEED_CHANGING_LAYER
; printing object obj_2_MOLD.stl id:0 copy 0
M204 T5000
M486 S0
G1 X179.433 Y176.897 Z6.6 F24000
G1 E.8 F4800
;WIDTH:0.445689
G1 F900
G1 X180.259 Y176.859 E.0277
;WIDTH:0.447136
G1 X180.817 Y176.953 E.01899
;WIDTH:0.449122
G1 X181.341 Y177.143 E.01884
;WIDTH:0.451782
G1 X181.797 Y177.407 E.01793
G1 X182.247 Y177.786 E.01999
;WIDTH:0.447414
G1 X182.602 Y178.216 E.01876
;WIDTH:0.446093
G1 X182.875 Y178.702 E.01869
;WIDTH:0.445878
G1 X183.058 Y179.229 E.01868
;WIDTH:0.44775
G1 X183.147 Y179.779 E.01877
;WIDTH:0.448503
G1 X183.137 Y180.338 E.01885
;WIDTH:0.451524
G1 X183.035 Y180.862 E.01813
G1 X182.826 Y181.403 E.01973
;WIDTH:0.44759
G1 X182.534 Y181.878 E.01876
;WIDTH:0.446189
G1 X182.163 Y182.295 E.0187
;WIDTH:0.445813
G1 X181.726 Y182.64 E.01868
;WIDTH:0.446835
G1 X181.234 Y182.903 E.01873
;WIDTH:0.44866
G1 X180.704 Y183.076 E.01881
;WIDTH:0.451257
G1 X180.167 Y183.151 E.01841
G1 X179.594 Y183.129 E.01947
;WIDTH:0.447994
G1 X179.05 Y183.007 E.01879
;WIDTH:0.445622
G1 X178.535 Y182.793 E.01866
;WIDTH:0.445755
G1 X178.066 Y182.492 E.01867
;WIDTH:0.446699
G1 X177.657 Y182.113 E.01872
;WIDTH:0.449316
G1 X177.321 Y181.668 E.01884
;WIDTH:0.450843
G1 X177.071 Y181.176 E.0187
G1 X176.909 Y180.636 E.01914
;WIDTH:0.447971
G1 X176.847 Y180.081 E.01878
;WIDTH:0.446403
G1 X176.882 Y179.525 E.01871
;WIDTH:0.446117
G1 X177.015 Y178.984 E.01869
;WIDTH:0.446566
G1 X177.239 Y178.473 E.01871
;WIDTH:0.448231
G1 X177.551 Y178.011 E.01879
;WIDTH:0.45063
G1 X177.938 Y177.61 E.01891
G1 X178.392 Y177.285 E.01892
;WIDTH:0.448172
G1 X178.896 Y177.045 E.01879
;WIDTH:0.446525
G1 X179.395 Y176.908 E.01737
M204 T2500
G1 X179.67 Y176.415 F24000
;WIDTH:0.460037
G1 F900
G1 X180.513 Y176.433 E.02924
;WIDTH:0.454107
G1 X181.051 Y176.551 E.01882
;WIDTH:0.452273
G1 X181.596 Y176.768 E.01998
;WIDTH:0.449615
G1 X182.078 Y177.055 E.01896
;WIDTH:0.453917
G1 X182.486 Y177.39 E.01806
;WIDTH:0.455244
G1 X182.859 Y177.806 E.01915
;WIDTH:0.455768
G1 X183.163 Y178.275 E.01917
G1 X183.387 Y178.767 E.01857
;WIDTH:0.455486
G1 X183.538 Y179.306 E.01918
;WIDTH:0.454442
G1 X183.6 Y179.829 E.01803
;WIDTH:0.450137
G1 X183.576 Y180.454 E.02119
;WIDTH:0.449869
G1 X183.462 Y181.006 E.01906
;WIDTH:0.453739
G1 X183.274 Y181.507 E.0183
;WIDTH:0.455149
G1 X183.001 Y181.995 E.01915
;WIDTH:0.455753
G1 X182.657 Y182.435 E.01917
G1 X182.263 Y182.806 E.01857
;WIDTH:0.455552
G1 X181.803 Y183.122 E.01917
;WIDTH:0.454544
G1 X181.299 Y183.364 E.01913
;WIDTH:0.452733
G1 X180.764 Y183.526 E.01905
;WIDTH:0.450229
G1 X180.177 Y183.601 E.02005
;WIDTH:0.453564
G1 X179.634 Y183.586 E.01854
;WIDTH:0.454823
G1 X179.132 Y183.496 E.01746
;WIDTH:0.455649
G1 X178.555 Y183.301 E.0209
G1 X178.064 Y183.039 E.0191
G1 X177.617 Y182.704 E.01917
;WIDTH:0.454683
G1 X177.227 Y182.304 E.01912
;WIDTH:0.453002
G1 X176.907 Y181.847 E.01903
;WIDTH:0.450349
G1 X176.653 Y181.34 E.01922
;WIDTH:0.453363
G1 X176.489 Y180.814 E.01879
;WIDTH:0.454932
G1 X176.406 Y180.262 E.01914
;WIDTH:0.45572
G1 X176.409 Y179.703 E.01917
G1 X176.488 Y179.2 E.01749
;WIDTH:0.45477
G1 X176.663 Y178.636 E.02022
G1 X176.913 Y178.137 E.01911
;WIDTH:0.453162
G1 X177.227 Y177.696 E.01847
;WIDTH:0.450704
G1 X177.628 Y177.282 E.01954
;WIDTH:0.453161
G1 X178.093 Y176.941 E.01966
;WIDTH:0.454811
G1 X178.589 Y176.684 E.01913
;WIDTH:0.455654
G1 X179.118 Y176.506 E.01917
;WIDTH:0.460037
G1 X179.631 Y176.422 E.01801
; stop printing object obj_2_MOLD.stl id:0 copy 0
;LAYER_CHANGE
;Z:6.8
;HEIGHT:0.2
;BEFORE_LAYER_CHANGE
G92 E0.0
;6.8
G1 E-.47558 F2100
;WIPE_START
G1 F6473.004
G1 X180.513 Y176.433 E-.28632
G1 X180.628 Y176.458 E-.0381
;WIPE_END
M486 S-1
;AFTER_LAYER_CHANGE
;6.8
;_SET_FAN_SPEED_CHANGING_LAYER
; printing object obj_2_MOLD.stl id:0 copy 0
M486 S0
G1 X179.435 Y176.908 Z6.8 F24000
G1 E.8 F4800
;WIDTH:0.445706
G1 F900
G1 X180.258 Y176.87 E.0276
;WIDTH:0.447144
G1 X180.814 Y176.963 E.01893
;WIDTH:0.449124
G1 X181.336 Y177.153 E.01877
;WIDTH:0.451774
G1 X181.791 Y177.416 E.01787
G1 X182.24 Y177.793 E.01992
;WIDTH:0.447427
G1 X182.593 Y178.222 E.01869
;WIDTH:0.446108
G1 X182.865 Y178.707 E.01863
;WIDTH:0.445892
G1 X183.048 Y179.231 E.01862
;WIDTH:0.44699
G1 X183.137 Y179.78 E.01867
;WIDTH:0.448889
G1 X183.127 Y180.336 E.01876
;WIDTH:0.451517
G1 X183.025 Y180.859 E.01811
G1 X182.816 Y181.399 E.01966
;WIDTH:0.447602
G1 X182.526 Y181.872 E.0187
;WIDTH:0.446203
G1 X182.156 Y182.287 E.01863
;WIDTH:0.445827
G1 X181.72 Y182.631 E.01862
;WIDTH:0.446843
G1 X181.23 Y182.894 E.01866
;WIDTH:0.448663
G1 X180.702 Y183.066 E.01875
;WIDTH:0.451251
G1 X180.166 Y183.141 E.01835
G1 X179.595 Y183.119 E.0194
;WIDTH:0.447789
G1 X179.053 Y182.998 E.01871
;WIDTH:0.446308
G1 X178.54 Y182.784 E.01864
;WIDTH:0.445769
G1 X178.073 Y182.483 E.01861
;WIDTH:0.446708
G1 X177.665 Y182.106 E.01866
;WIDTH:0.448445
G1 X177.33 Y181.662 E.01874
;WIDTH:0.45098
G1 X177.082 Y181.174 E.01859
G1 X176.92 Y180.634 E.01914
;WIDTH:0.44798
G1 X176.857 Y180.081 E.01872
;WIDTH:0.446417
G1 X176.892 Y179.527 E.01864
;WIDTH:0.44572
G1 X177.024 Y178.987 E.01861
;WIDTH:0.446576
G1 X177.249 Y178.478 E.01865
;WIDTH:0.448236
G1 X177.559 Y178.017 E.01873
;WIDTH:0.450634
G1 X177.945 Y177.618 E.01885
G1 X178.397 Y177.294 E.01885
;WIDTH:0.448181
G1 X178.899 Y177.055 E.01873
;WIDTH:0.446539
G1 X179.397 Y176.918 E.01731
G1 X180.512 Y176.444 F24000
;WIDTH:0.454091
G1 F900
G1 X181.048 Y176.561 E.01877
;WIDTH:0.452264
G1 X181.592 Y176.778 E.01993
;WIDTH:0.449615
G1 X182.072 Y177.063 E.01889
;WIDTH:0.453903
G1 X182.479 Y177.398 E.01801
;WIDTH:0.455224
G1 X182.851 Y177.813 E.01909
;WIDTH:0.455747
G1 X183.154 Y178.28 E.01912
G1 X183.382 Y178.788 E.01912
;WIDTH:0.455467
G1 X183.53 Y179.325 E.0191
;WIDTH:0.454383
G1 X183.592 Y179.878 E.01906
;WIDTH:0.452497
G1 X183.566 Y180.453 E.0196
;WIDTH:0.449867
G1 X183.452 Y181.003 E.019
;WIDTH:0.453725
G1 X183.264 Y181.503 E.01825
;WIDTH:0.45513
G1 X182.992 Y181.989 E.01909
;WIDTH:0.455731
G1 X182.649 Y182.427 E.01912
G1 X182.257 Y182.798 E.01851
;WIDTH:0.455532
G1 X181.797 Y183.113 E.01911
;WIDTH:0.454527
G1 X181.295 Y183.354 E.01907
;WIDTH:0.452722
G1 X180.761 Y183.515 E.01899
;WIDTH:0.450227
G1 X180.176 Y183.59 E.01999
;WIDTH:0.453541
G1 X179.635 Y183.575 E.01849
;WIDTH:0.455026
G1 X179.087 Y183.475 E.01909
;WIDTH:0.455709
G1 X178.561 Y183.292 E.01911
G1 X178.084 Y183.041 E.01851
;WIDTH:0.455589
G1 X177.636 Y182.708 E.01912
;WIDTH:0.454665
G1 X177.246 Y182.311 E.01908
;WIDTH:0.452939
G1 X176.921 Y181.858 E.019
;WIDTH:0.450435
G1 X176.662 Y181.336 E.01975
;WIDTH:0.453349
G1 X176.499 Y180.812 E.01874
;WIDTH:0.454914
G1 X176.416 Y180.261 E.01908
;WIDTH:0.455676
G1 X176.419 Y179.704 E.01911
G1 X176.503 Y179.171 E.01851
G1 X176.672 Y178.641 E.01912
;WIDTH:0.454794
G1 X176.922 Y178.142 E.01908
;WIDTH:0.45315
G1 X177.235 Y177.702 E.01841
;WIDTH:0.450698
G1 X177.635 Y177.29 E.01949
;WIDTH:0.453148
G1 X178.098 Y176.95 E.01961
;WIDTH:0.454792
G1 X178.593 Y176.694 E.01908
;WIDTH:0.455635
G1 X179.121 Y176.516 E.01911
;WIDTH:0.459998
G1 X179.671 Y176.426 E.01933
G1 X180.472 Y176.443 E.02777
; stop printing object obj_2_MOLD.stl id:0 copy 0
;LAYER_CHANGE
;Z:7
;HEIGHT:0.2
;BEFORE_LAYER_CHANGE
G92 E0.0
;7
G1 E-.47561 F2100
;WIPE_START
G1 F6473.609
G1 X181.048 Y176.561 E-.19082
G1 X181.43 Y176.714 E-.13358
;WIPE_END
M486 S-1
;AFTER_LAYER_CHANGE
;7
;_SET_FAN_SPEED_CHANGING_LAYER
; printing object obj_2_MOLD.stl id:0 copy 0
M204 T5000
M486 S0
G1 X179.437 Y176.918 Z7 F24000
G1 E.8 F4800
;WIDTH:0.445722
G1 F900
G1 X180.257 Y176.88 E.02751
;WIDTH:0.447154
G1 X180.811 Y176.973 E.01887
;WIDTH:0.449124
G1 X181.332 Y177.162 E.01871
;WIDTH:0.451764
G1 X181.785 Y177.424 E.01782
G1 X182.232 Y177.8 E.01985
;WIDTH:0.447439
G1 X182.584 Y178.228 E.01863
;WIDTH:0.446123
G1 X182.856 Y178.711 E.01857
;WIDTH:0.445905
G1 X183.038 Y179.234 E.01856
;WIDTH:0.446998
G1 X183.126 Y179.781 E.01861
;WIDTH:0.448892
G1 X183.117 Y180.334 E.0187
;WIDTH:0.452314
G1 X183.014 Y180.855 E.01806
G1 X182.807 Y181.394 E.01966
;WIDTH:0.447586
G1 X182.517 Y181.866 E.01863
;WIDTH:0.446217
G1 X182.149 Y182.28 E.01857
;WIDTH:0.445841
G1 X181.714 Y182.623 E.01855
M73 P77 R2
;WIDTH:0.446829
G1 X181.238 Y182.878 E.01816
;WIDTH:0.448677
G1 X180.7 Y183.055 E.01911
;WIDTH:0.451244
G1 X180.166 Y183.13 E.01831
G1 X179.597 Y183.108 E.01933
;WIDTH:0.447801
G1 X179.056 Y182.988 E.01865
;WIDTH:0.446323
G1 X178.545 Y182.775 E.01858
;WIDTH:0.445783
G1 X178.079 Y182.475 E.01855
;WIDTH:0.446719
G1 X177.673 Y182.099 E.0186
;WIDTH:0.448451
G1 X177.339 Y181.657 E.01868
;WIDTH:0.450699
G1 X177.092 Y181.173 E.01842
G1 X176.93 Y180.632 E.01914
;WIDTH:0.448079
G1 X176.868 Y180.081 E.01868
;WIDTH:0.446434
G1 X176.903 Y179.528 E.01858
;WIDTH:0.445734
G1 X177.034 Y178.99 E.01855
;WIDTH:0.446588
G1 X177.258 Y178.484 E.01859
;WIDTH:0.44824
G1 X177.567 Y178.024 E.01867
;WIDTH:0.450638
G1 X177.952 Y177.626 E.01878
G1 X178.403 Y177.303 E.01879
;WIDTH:0.448194
G1 X178.903 Y177.065 E.01867
;WIDTH:0.446554
G1 X179.398 Y176.928 E.01725
M204 T2500
G1 X179.672 Y176.436 F24000
;WIDTH:0.459958
G1 F900
G1 X180.51 Y176.454 E.02907
;WIDTH:0.454078
G1 X181.045 Y176.572 E.01871
;WIDTH:0.452255
G1 X181.587 Y176.787 E.01987
;WIDTH:0.449615
G1 X182.066 Y177.072 E.01883
;WIDTH:0.453889
G1 X182.472 Y177.406 E.01796
;WIDTH:0.455207
G1 X182.842 Y177.819 E.01904
;WIDTH:0.455727
G1 X183.145 Y178.285 E.01906
G1 X183.372 Y178.791 E.01906
;WIDTH:0.455448
G1 X183.519 Y179.327 E.01904
;WIDTH:0.454366
G1 X183.582 Y179.879 E.019
;WIDTH:0.452487
G1 X183.555 Y180.456 E.01968
;WIDTH:0.449877
G1 X183.437 Y181.013 E.01928
;WIDTH:0.453657
G1 X183.255 Y181.499 E.01771
;WIDTH:0.455111
G1 X182.984 Y181.983 E.01903
;WIDTH:0.455711
G1 X182.641 Y182.42 E.01906
G1 X182.25 Y182.789 E.01846
;WIDTH:0.455513
G1 X181.792 Y183.104 E.01906
;WIDTH:0.454435
G1 X181.291 Y183.344 E.01901
;WIDTH:0.453457
G1 X180.759 Y183.505 E.01897
;WIDTH:0.450226
G1 X180.176 Y183.58 E.01993
;WIDTH:0.453527
G1 X179.636 Y183.565 E.01844
;WIDTH:0.455007
G1 X179.089 Y183.465 E.01903
;WIDTH:0.455689
G1 X178.565 Y183.282 E.01906
G1 X178.089 Y183.032 E.01845
;WIDTH:0.455569
G1 X177.643 Y182.7 E.01906
;WIDTH:0.454649
G1 X177.254 Y182.304 E.01902
;WIDTH:0.452928
G1 X176.929 Y181.853 E.01895
;WIDTH:0.450699
G1 X176.68 Y181.356 E.01885
;WIDTH:0.453468
G1 X176.509 Y180.809 E.01956
;WIDTH:0.454897
G1 X176.427 Y180.26 E.01903
;WIDTH:0.455656
G1 X176.43 Y179.705 E.01906
G1 X176.513 Y179.174 E.01845
G1 X176.682 Y178.644 E.01906
;WIDTH:0.454776
G1 X176.931 Y178.148 E.01903
;WIDTH:0.453137
G1 X177.243 Y177.709 E.01836
;WIDTH:0.450694
G1 X177.642 Y177.298 E.01943
;WIDTH:0.453137
G1 X178.104 Y176.959 E.01955
;WIDTH:0.454778
G1 X178.597 Y176.703 E.01902
;WIDTH:0.455614
G1 X179.124 Y176.526 E.01906
;WIDTH:0.459958
G1 X179.633 Y176.443 E.01789
; stop printing object obj_2_MOLD.stl id:0 copy 0
;LAYER_CHANGE
;Z:7.2
;HEIGHT:0.2
;BEFORE_LAYER_CHANGE
G92 E0.0
;7.2
G1 E-.47564 F2100
;WIPE_START
G1 F6474.23
G1 X180.51 Y176.454 E-.28469
G1 X180.63 Y176.48 E-.03967
;WIPE_END
M486 S-1
;AFTER_LAYER_CHANGE
;7.2
;_SET_FAN_SPEED_CHANGING_LAYER
; printing object obj_2_MOLD.stl id:0 copy 0
M486 S0
G1 X179.439 Y176.928 Z7.2 F24000
G1 E.8 F4800
;WIDTH:0.445737
G1 F900
G1 X180.257 Y176.891 E.02742
;WIDTH:0.447161
G1 X180.808 Y176.983 E.0188
;WIDTH:0.449125
G1 X181.327 Y177.172 E.01865
;WIDTH:0.451757
G1 X181.779 Y177.433 E.01776
G1 X182.225 Y177.808 E.01978
;WIDTH:0.447452
G1 X182.576 Y178.234 E.01857
;WIDTH:0.446137
G1 X182.846 Y178.715 E.01851
;WIDTH:0.44592
G1 X183.028 Y179.236 E.0185
;WIDTH:0.447857
G1 X183.116 Y179.781 E.01859
;WIDTH:0.448474
G1 X183.106 Y180.334 E.01865
;WIDTH:0.451504
G1 X183.005 Y180.853 E.01796
G1 X182.798 Y181.389 E.01952
;WIDTH:0.447625
G1 X182.509 Y181.86 E.01858
;WIDTH:0.446232
G1 X182.142 Y182.272 E.01851
;WIDTH:0.446543
G1 X181.709 Y182.614 E.01852
G1 X181.222 Y182.874 E.01853
;WIDTH:0.448668
G1 X180.697 Y183.045 E.01862
;WIDTH:0.451238
G1 X180.165 Y183.12 E.01823
G1 X179.598 Y183.098 E.01927
;WIDTH:0.447812
G1 X179.059 Y182.978 E.01859
;WIDTH:0.446338
G1 X178.55 Y182.765 E.01852
;WIDTH:0.445797
G1 X178.085 Y182.467 E.01849
;WIDTH:0.446728
G1 X177.681 Y182.092 E.01853
;WIDTH:0.449427
G1 X177.344 Y181.646 E.01887
;WIDTH:0.450813
G1 X177.1 Y181.164 E.01833
G1 X176.94 Y180.629 E.01893
;WIDTH:0.448005
G1 X176.878 Y180.081 E.0186
;WIDTH:0.446447
G1 X176.913 Y179.53 E.01852
;WIDTH:0.446213
G1 X177.045 Y178.994 E.01851
;WIDTH:0.446597
G1 X177.267 Y178.489 E.01852
;WIDTH:0.448245
G1 X177.575 Y178.031 E.01861
;WIDTH:0.450687
G1 X177.959 Y177.634 E.01873
G1 X178.409 Y177.313 E.01873
;WIDTH:0.446568
G1 X178.906 Y177.075 E.01853
G1 X179.4 Y176.939 E.01719
G1 X179.673 Y176.447 F24000
;WIDTH:0.459922
G1 F900
G1 X180.509 Y176.464 E.02898
;WIDTH:0.454059
G1 X181.042 Y176.582 E.01865
;WIDTH:0.452244
G1 X181.583 Y176.797 E.01982
;WIDTH:0.449612
G1 X182.06 Y177.081 E.01877
;WIDTH:0.453873
G1 X182.465 Y177.413 E.01791
;WIDTH:0.455188
G1 X182.834 Y177.826 E.01898
;WIDTH:0.455708
G1 X183.136 Y178.29 E.019
G1 X183.358 Y178.778 E.0184
;WIDTH:0.455428
G1 X183.507 Y179.312 E.01901
;WIDTH:0.4544
G1 X183.569 Y179.825 E.0177
;WIDTH:0.450036
G1 X183.548 Y180.434 E.02063
G1 X183.431 Y180.997 E.01945
;WIDTH:0.453697
G1 X183.245 Y181.494 E.01815
;WIDTH:0.455093
G1 X182.975 Y181.978 E.01898
;WIDTH:0.455691
G1 X182.633 Y182.413 E.019
G1 X182.243 Y182.782 E.01841
;WIDTH:0.455531
G1 X181.832 Y183.068 E.01718
;WIDTH:0.452682
G1 X181.287 Y183.335 E.0207
G1 X180.757 Y183.495 E.01885
;WIDTH:0.450225
G1 X180.175 Y183.569 E.01987
;WIDTH:0.453513
G1 X179.637 Y183.554 E.01839
;WIDTH:0.45499
G1 X179.092 Y183.455 E.01897
;WIDTH:0.455669
G1 X178.569 Y183.273 E.019
G1 X178.081 Y183.012 E.019
;WIDTH:0.455548
G1 X177.638 Y182.68 E.01899
;WIDTH:0.454631
G1 X177.251 Y182.284 E.01895
;WIDTH:0.452972
G1 X176.934 Y181.83 E.01885
;WIDTH:0.450364
G1 X176.682 Y181.328 E.01905
;WIDTH:0.453323
G1 X176.519 Y180.807 E.01864
;WIDTH:0.454878
G1 X176.437 Y180.259 E.01897
;WIDTH:0.455663
G1 X176.44 Y179.706 E.019
G1 X176.517 Y179.212 E.01716
;WIDTH:0.454715
G1 X176.692 Y178.648 E.02022
G1 X176.94 Y178.153 E.01894
;WIDTH:0.453124
G1 X177.25 Y177.716 E.01828
;WIDTH:0.450687
G1 X177.649 Y177.306 E.01941
;WIDTH:0.453555
G1 X178.065 Y176.998 E.01767
;WIDTH:0.454645
G1 X178.603 Y176.712 E.02085
;WIDTH:0.455595
G1 X179.126 Y176.537 E.01893
;WIDTH:0.459922
G1 X179.634 Y176.453 E.01783
; stop printing object obj_2_MOLD.stl id:0 copy 0
;LAYER_CHANGE
;Z:7.4
;HEIGHT:0.2
;BEFORE_LAYER_CHANGE
G92 E0.0
;7.4
G1 E-.47567 F2100
;WIPE_START
G1 F6474.789
G1 X180.509 Y176.464 E-.28388
G1 X180.631 Y176.491 E-.04046
;WIPE_END
M486 S-1
;AFTER_LAYER_CHANGE
;7.4
;_SET_FAN_SPEED_CHANGING_LAYER
; printing object obj_2_MOLD.stl id:0 copy 0
M486 S0
G1 X179.441 Y176.938 Z7.4 F24000
G1 E.8 F4800
;WIDTH:0.445754
G1 F900
G1 X180.256 Y176.901 E.02733
;WIDTH:0.447169
G1 X180.805 Y176.993 E.01874
;WIDTH:0.449127
G1 X181.323 Y177.181 E.01859
;WIDTH:0.451748
G1 X181.773 Y177.442 E.0177
G1 X182.217 Y177.815 E.01971
;WIDTH:0.447465
G1 X182.567 Y178.24 E.01851
;WIDTH:0.446154
G1 X182.836 Y178.719 E.01845
;WIDTH:0.445932
G1 X183.018 Y179.239 E.01843
;WIDTH:0.447017
G1 X183.105 Y179.782 E.01849
;WIDTH:0.448895
G1 X183.096 Y180.332 E.01857
;WIDTH:0.451496
G1 X182.995 Y180.85 E.01794
G1 X182.788 Y181.384 E.01945
;WIDTH:0.447638
G1 X182.5 Y181.853 E.01852
;WIDTH:0.446248
G1 X182.135 Y182.264 E.01845
;WIDTH:0.445868
G1 X181.703 Y182.605 E.01843
;WIDTH:0.446872
G1 X181.218 Y182.865 E.01848
;WIDTH:0.448671
G1 X180.695 Y183.035 E.01856
;WIDTH:0.451231
G1 X180.165 Y183.109 E.01817
G1 X179.6 Y183.087 E.0192
;WIDTH:0.447823
G1 X179.062 Y182.968 E.01853
;WIDTH:0.446352
G1 X178.555 Y182.756 E.01846
;WIDTH:0.445811
G1 X178.092 Y182.459 E.01843
;WIDTH:0.446738
G1 X177.688 Y182.085 E.01847
;WIDTH:0.448456
G1 X177.357 Y181.646 E.01855
;WIDTH:0.450962
G1 X177.111 Y181.162 E.01841
G1 X176.951 Y180.627 E.01894
;WIDTH:0.448014
G1 X176.888 Y180.081 E.01854
;WIDTH:0.446463
G1 X176.923 Y179.531 E.01846
;WIDTH:0.445763
G1 X177.054 Y178.997 E.01843
;WIDTH:0.446609
G1 X177.276 Y178.494 E.01847
;WIDTH:0.448248
G1 X177.583 Y178.037 E.01854
;WIDTH:0.450647
G1 X177.966 Y177.642 E.01866
G1 X178.413 Y177.321 E.01866
;WIDTH:0.448214
G1 X178.91 Y177.084 E.01855
;WIDTH:0.446582
G1 X179.402 Y176.949 E.01712
G1 X179.674 Y176.457 F24000
;WIDTH:0.459883
G1 F900
G1 X180.507 Y176.475 E.0289
;WIDTH:0.454044
G1 X181.039 Y176.592 E.0186
M73 P78 R2
;WIDTH:0.452234
G1 X181.578 Y176.806 E.01976
;WIDTH:0.449612
G1 X182.054 Y177.089 E.01871
;WIDTH:0.453859
G1 X182.457 Y177.421 E.01786
;WIDTH:0.455169
G1 X182.826 Y177.832 E.01893
;WIDTH:0.455687
G1 X183.127 Y178.295 E.01895
G1 X183.353 Y178.798 E.01895
;WIDTH:0.455409
G1 X183.499 Y179.331 E.01893
;WIDTH:0.454335
G1 X183.561 Y179.879 E.01889
;WIDTH:0.452466
G1 X183.535 Y180.45 E.01944
;WIDTH:0.449862
G1 X183.421 Y180.994 E.01881
;WIDTH:0.453683
G1 X183.236 Y181.49 E.0181
;WIDTH:0.455074
G1 X182.966 Y181.972 E.01892
;WIDTH:0.455671
G1 X182.625 Y182.406 E.01895
G1 X182.237 Y182.773 E.01834
;WIDTH:0.455472
G1 X181.782 Y183.086 E.01894
;WIDTH:0.454477
G1 X181.284 Y183.325 E.0189
;WIDTH:0.452687
G1 X180.755 Y183.485 E.01882
;WIDTH:0.450222
G1 X180.175 Y183.559 E.01981
;WIDTH:0.4535
G1 X179.638 Y183.544 E.01834
;WIDTH:0.454973
G1 X179.094 Y183.445 E.01892
;WIDTH:0.455648
G1 X178.573 Y183.263 E.01894
G1 X178.1 Y183.014 E.01834
;WIDTH:0.455529
G1 X177.657 Y182.685 E.01895
;WIDTH:0.454615
G1 X177.27 Y182.291 E.01891
;WIDTH:0.452905
G1 X176.947 Y181.842 E.01883
;WIDTH:0.450425
G1 X176.692 Y181.324 E.01957
;WIDTH:0.453311
G1 X176.529 Y180.805 E.01858
;WIDTH:0.454861
G1 X176.448 Y180.258 E.01891
;WIDTH:0.455614
G1 X176.451 Y179.706 E.01894
G1 X176.533 Y179.178 E.01834
G1 X176.701 Y178.652 E.01895
;WIDTH:0.454741
G1 X176.949 Y178.158 E.01891
;WIDTH:0.453112
G1 X177.258 Y177.723 E.01823
;WIDTH:0.450683
G1 X177.656 Y177.314 E.01934
;WIDTH:0.453112
G1 X178.115 Y176.977 E.01944
;WIDTH:0.454741
G1 X178.605 Y176.722 E.01891
;WIDTH:0.455575
G1 X179.129 Y176.547 E.01894
;WIDTH:0.459883
G1 X179.635 Y176.464 E.01777
; stop printing object obj_2_MOLD.stl id:0 copy 0
;LAYER_CHANGE
;Z:7.6
;HEIGHT:0.2
;BEFORE_LAYER_CHANGE
G92 E0.0
;7.6
G1 E-.4757 F2100
;WIPE_START
G1 F6475.394
G1 X180.507 Y176.475 E-.28307
G1 X180.632 Y176.502 E-.04124
;WIPE_END
M486 S-1
;AFTER_LAYER_CHANGE
;7.6
;_SET_FAN_SPEED_CHANGING_LAYER
; printing object obj_2_MOLD.stl id:0 copy 0
M486 S0
G1 X179.442 Y176.949 Z7.6 F24000
G1 E.8 F4800
;WIDTH:0.445769
G1 F900
G1 X180.255 Y176.911 E.02724
;WIDTH:0.447178
G1 X180.803 Y177.003 E.01868
;WIDTH:0.449127
G1 X181.318 Y177.19 E.01852
;WIDTH:0.45174
G1 X181.768 Y177.45 E.01765
G1 X182.21 Y177.822 E.01964
;WIDTH:0.447476
G1 X182.558 Y178.246 E.01845
;WIDTH:0.446169
G1 X182.827 Y178.724 E.01838
;WIDTH:0.445947
G1 X183.008 Y179.241 E.01837
;WIDTH:0.447025
G1 X183.095 Y179.783 E.01842
;WIDTH:0.448897
G1 X183.086 Y180.331 E.01851
;WIDTH:0.451489
G1 X182.985 Y180.848 E.01788
G1 X182.779 Y181.38 E.01938
;WIDTH:0.44765
G1 X182.492 Y181.847 E.01846
;WIDTH:0.446262
G1 X182.128 Y182.257 E.01839
;WIDTH:0.445881
G1 X181.697 Y182.596 E.01837
;WIDTH:0.44688
G1 X181.214 Y182.855 E.01842
;WIDTH:0.448673
G1 X180.692 Y183.025 E.0185
;WIDTH:0.451226
G1 X180.164 Y183.099 E.01812
G1 X179.601 Y183.077 E.01913
;WIDTH:0.447835
G1 X179.066 Y182.958 E.01847
;WIDTH:0.446366
G1 X178.56 Y182.747 E.01839
;WIDTH:0.445826
G1 X178.098 Y182.45 E.01837
;WIDTH:0.446748
G1 X177.696 Y182.078 E.01841
;WIDTH:0.44846
G1 X177.366 Y181.64 E.01849
;WIDTH:0.450955
G1 X177.12 Y181.158 E.01835
G1 X176.961 Y180.625 E.01887
;WIDTH:0.448025
G1 X176.899 Y180.08 E.01847
;WIDTH:0.446478
G1 X176.934 Y179.533 E.0184
;WIDTH:0.445777
G1 X177.064 Y179 E.01837
;WIDTH:0.446618
G1 X177.285 Y178.499 E.0184
;WIDTH:0.448253
G1 X177.591 Y178.044 E.01848
;WIDTH:0.450651
G1 X177.972 Y177.65 E.0186
G1 X178.419 Y177.33 E.0186
;WIDTH:0.448224
G1 X178.914 Y177.094 E.01848
;WIDTH:0.446597
G1 X179.404 Y176.959 E.01706
G1 X179.675 Y176.468 F24000
;WIDTH:0.459845
G1 F900
G1 X180.506 Y176.485 E.02881
;WIDTH:0.454029
G1 X181.036 Y176.602 E.01854
;WIDTH:0.452225
G1 X181.574 Y176.816 E.01971
;WIDTH:0.449611
G1 X182.048 Y177.098 E.01864
;WIDTH:0.453843
G1 X182.45 Y177.429 E.01781
;WIDTH:0.45515
G1 X182.818 Y177.838 E.01887
;WIDTH:0.455665
G1 X183.118 Y178.3 E.01889
G1 X183.343 Y178.802 E.01889
;WIDTH:0.455389
G1 X183.488 Y179.333 E.01887
;WIDTH:0.454319
G1 X183.551 Y179.88 E.01883
;WIDTH:0.452455
G1 X183.528 Y180.43 E.01875
;WIDTH:0.45008
G1 X183.411 Y180.991 E.01939
;WIDTH:0.453668
G1 X183.226 Y181.486 E.01805
;WIDTH:0.455056
G1 X182.957 Y181.966 E.01886
;WIDTH:0.45565
G1 X182.618 Y182.399 E.01889
G1 X182.23 Y182.765 E.01829
;WIDTH:0.455453
G1 X181.776 Y183.077 E.01889
;WIDTH:0.45446
G1 X181.28 Y183.315 E.01885
;WIDTH:0.452677
G1 X180.753 Y183.474 E.01877
;WIDTH:0.450221
G1 X180.174 Y183.548 E.01975
;WIDTH:0.453486
G1 X179.639 Y183.534 E.01829
;WIDTH:0.454953
G1 X179.097 Y183.435 E.01886
;WIDTH:0.455628
G1 X178.577 Y183.254 E.01889
G1 X178.106 Y183.005 E.01828
;WIDTH:0.45551
G1 X177.664 Y182.677 E.01889
;WIDTH:0.454598
G1 X177.278 Y182.284 E.01885
;WIDTH:0.452891
G1 X176.956 Y181.837 E.01878
;WIDTH:0.450423
G1 X176.701 Y181.321 E.01951
;WIDTH:0.453298
G1 X176.54 Y180.802 E.01853
;WIDTH:0.454844
G1 X176.458 Y180.258 E.01886
;WIDTH:0.455594
G1 X176.461 Y179.707 E.01889
G1 X176.543 Y179.181 E.01828
G1 X176.711 Y178.656 E.01889
;WIDTH:0.454724
G1 X176.958 Y178.164 E.01886
;WIDTH:0.453099
G1 X177.277 Y177.715 E.01879
;WIDTH:0.450682
G1 X177.663 Y177.322 E.01868
;WIDTH:0.453099
G1 X178.121 Y176.986 E.01938
;WIDTH:0.454725
G1 X178.61 Y176.732 E.01885
;WIDTH:0.455554
G1 X179.131 Y176.557 E.01888
;WIDTH:0.459845
G1 X179.636 Y176.474 E.01772
; stop printing object obj_2_MOLD.stl id:0 copy 0
;LAYER_CHANGE
;Z:7.8
;HEIGHT:0.2
;BEFORE_LAYER_CHANGE
G92 E0.0
;7.8
G1 E-.47572 F2100
;WIPE_START
G1 F6475.984
G1 X180.506 Y176.485 E-.28225
G1 X180.632 Y176.513 E-.04202
;WIPE_END
M486 S-1
;AFTER_LAYER_CHANGE
;7.8
;_SET_FAN_SPEED_CHANGING_LAYER
; printing object obj_2_MOLD.stl id:0 copy 0
M486 S0
G1 X180.254 Y176.922 Z7.8 F24000
G1 E.8 F4800
;WIDTH:0.447186
G1 F900
G1 X180.8 Y177.013 E.01862
;WIDTH:0.449128
G1 X181.314 Y177.2 E.01846
;WIDTH:0.451733
G1 X181.762 Y177.459 E.01759
G1 X182.202 Y177.83 E.01958
;WIDTH:0.447483
G1 X182.55 Y178.252 E.01838
;WIDTH:0.446184
G1 X182.817 Y178.728 E.01832
;WIDTH:0.445961
G1 X182.997 Y179.244 E.01831
;WIDTH:0.447963
G1 X183.085 Y179.783 E.0184
;WIDTH:0.448444
G1 X183.075 Y180.331 E.01846
;WIDTH:0.45148
G1 X182.975 Y180.845 E.0178
G1 X182.77 Y181.375 E.01932
;WIDTH:0.447662
G1 X182.484 Y181.841 E.01839
;WIDTH:0.446277
G1 X182.121 Y182.249 E.01833
;WIDTH:0.446648
G1 X181.692 Y182.588 E.01834
G1 X181.21 Y182.845 E.01835
;WIDTH:0.448676
G1 X180.69 Y183.015 E.01844
;WIDTH:0.451219
G1 X180.163 Y183.088 E.01806
G1 X179.602 Y183.067 E.01906
;WIDTH:0.447846
G1 X179.069 Y182.948 E.0184
;WIDTH:0.446382
G1 X178.564 Y182.738 E.01833
;WIDTH:0.446579
G1 X178.105 Y182.443 E.01834
G1 X177.704 Y182.07 E.01834
;WIDTH:0.448463
G1 X177.375 Y181.635 E.01843
;WIDTH:0.450951
G1 X177.13 Y181.154 E.01829
G1 X176.971 Y180.623 E.0188
;WIDTH:0.448281
G1 X176.91 Y180.08 E.01842
;WIDTH:0.445745
G1 X176.944 Y179.535 E.0183
G1 X177.074 Y179.004 E.0183
;WIDTH:0.446629
G1 X177.294 Y178.504 E.01834
;WIDTH:0.448257
G1 X177.599 Y178.051 E.01842
;WIDTH:0.450675
G1 X177.979 Y177.658 E.01853
G1 X178.424 Y177.339 E.01855
;WIDTH:0.448234
G1 X178.917 Y177.104 E.01842
;WIDTH:0.446612
G1 X179.444 Y176.959 E.01834
;WIDTH:0.445785
G1 X180.214 Y176.924 E.0258
G1 X180.505 Y176.495 F24000
;WIDTH:0.454016
G1 F900
G1 X181.033 Y176.612 E.01849
;WIDTH:0.452215
G1 X181.569 Y176.825 E.01965
;WIDTH:0.449611
G1 X182.041 Y177.106 E.01858
;WIDTH:0.453833
G1 X182.443 Y177.436 E.01776
;WIDTH:0.455128
G1 X182.809 Y177.845 E.01881
;WIDTH:0.455646
G1 X183.108 Y178.305 E.01883
G1 X183.328 Y178.789 E.01823
;WIDTH:0.45537
G1 X183.476 Y179.318 E.01884
;WIDTH:0.454356
G1 X183.537 Y179.822 E.01738
;WIDTH:0.450031
G1 X183.52 Y180.412 E.01999
G1 X183.401 Y180.988 E.01989
;WIDTH:0.453654
G1 X183.217 Y181.481 E.018
;WIDTH:0.455036
G1 X182.949 Y181.96 E.01881
;WIDTH:0.45563
G1 X182.61 Y182.392 E.01883
G1 X182.236 Y182.745 E.01765
;WIDTH:0.455475
G1 X181.82 Y183.038 E.01744
;WIDTH:0.452646
G1 X181.275 Y183.306 E.02069
G1 X180.75 Y183.464 E.01868
;WIDTH:0.450219
G1 X180.174 Y183.538 E.01969
;WIDTH:0.453472
G1 X179.64 Y183.523 E.01824
;WIDTH:0.454935
G1 X179.1 Y183.424 E.0188
;WIDTH:0.455607
G1 X178.581 Y183.244 E.01883
G1 X178.126 Y183.004 E.01765
G1 X177.715 Y182.706 E.01744
;WIDTH:0.452858
G1 X177.285 Y182.277 E.0207
M73 P79 R2
G1 X176.965 Y181.831 E.01869
;WIDTH:0.45042
G1 X176.711 Y181.317 E.01945
;WIDTH:0.453296
G1 X176.552 Y180.817 E.0179
;WIDTH:0.454622
G1 X176.475 Y180.315 E.01739
;WIDTH:0.455478
G1 X176.472 Y179.706 E.02088
G1 X176.554 Y179.183 E.01815
G1 X176.721 Y178.66 E.01883
;WIDTH:0.454706
G1 X176.967 Y178.169 E.0188
;WIDTH:0.453087
G1 X177.275 Y177.736 E.01813
;WIDTH:0.450675
G1 X177.67 Y177.33 E.01922
;WIDTH:0.453086
G1 X178.126 Y176.994 E.01933
;WIDTH:0.454707
G1 X178.614 Y176.742 E.0188
;WIDTH:0.455534
G1 X179.134 Y176.567 E.01883
;WIDTH:0.459802
G1 X179.676 Y176.478 E.01904
G1 X180.465 Y176.495 E.02734
; stop printing object obj_2_MOLD.stl id:0 copy 0
;LAYER_CHANGE
;Z:8
;HEIGHT:0.2
;BEFORE_LAYER_CHANGE
G92 E0.0
;8
G1 E-.47576 F2100
;WIPE_START
G1 F6476.652
G1 X181.033 Y176.612 E-.18809
G1 X181.423 Y176.767 E-.13615
;WIPE_END
M486 S-1
;AFTER_LAYER_CHANGE
;8
;_SET_FAN_SPEED_CHANGING_LAYER
; printing object obj_2_MOLD.stl id:0 copy 0
M486 S0
G1 X180.253 Y176.932 Z8 F24000
G1 E.8 F4800
;WIDTH:0.447194
G1 F900
G1 X180.797 Y177.023 E.01856
;WIDTH:0.449129
G1 X181.309 Y177.209 E.0184
;WIDTH:0.451725
G1 X181.756 Y177.468 E.01753
G1 X182.195 Y177.837 E.0195
;WIDTH:0.447501
G1 X182.541 Y178.257 E.01832
;WIDTH:0.446199
G1 X182.808 Y178.732 E.01826
;WIDTH:0.445972
G1 X182.987 Y179.246 E.01825
;WIDTH:0.447043
G1 X183.074 Y179.784 E.0183
;WIDTH:0.448901
G1 X183.065 Y180.329 E.01839
;WIDTH:0.451473
G1 X182.965 Y180.842 E.01777
G1 X182.76 Y181.37 E.01925
;WIDTH:0.447675
G1 X182.475 Y181.835 E.01833
;WIDTH:0.446294
G1 X182.113 Y182.241 E.01827
;WIDTH:0.445909
G1 X181.686 Y182.579 E.01825
;WIDTH:0.4469
G1 X181.206 Y182.836 E.01829
;WIDTH:0.448679
G1 X180.688 Y183.004 E.01838
;WIDTH:0.451213
G1 X180.163 Y183.078 E.018
G1 X179.604 Y183.056 E.01899
;WIDTH:0.447858
G1 X179.072 Y182.938 E.01834
;WIDTH:0.446396
G1 X178.569 Y182.728 E.01827
;WIDTH:0.445854
G1 X178.111 Y182.434 E.01824
;WIDTH:0.446768
G1 X177.712 Y182.064 E.01829
;WIDTH:0.448468
G1 X177.384 Y181.629 E.01837
;WIDTH:0.450945
G1 X177.14 Y181.15 E.01824
G1 X176.981 Y180.621 E.01874
;WIDTH:0.448047
G1 X176.92 Y180.08 E.01835
;WIDTH:0.446507
G1 X176.954 Y179.536 E.01828
;WIDTH:0.445806
G1 X177.084 Y179.007 E.01824
;WIDTH:0.446639
G1 X177.303 Y178.509 E.01828
;WIDTH:0.44826
G1 X177.607 Y178.057 E.01836
;WIDTH:0.450659
G1 X177.986 Y177.665 E.01847
G1 X178.429 Y177.348 E.01848
;WIDTH:0.448247
G1 X178.921 Y177.114 E.01836
;WIDTH:0.446626
G1 X179.446 Y176.969 E.01828
;WIDTH:0.445801
G1 X180.213 Y176.934 E.02571
G1 X180.503 Y176.506 F24000
;WIDTH:0.453997
G1 F900
G1 X181.03 Y176.622 E.01843
;WIDTH:0.452207
G1 X181.565 Y176.835 E.0196
;WIDTH:0.449611
G1 X182.035 Y177.115 E.01852
;WIDTH:0.453815
G1 X182.436 Y177.444 E.01771
;WIDTH:0.455112
G1 X182.801 Y177.851 E.01876
;WIDTH:0.455626
G1 X183.099 Y178.31 E.01878
G1 X183.323 Y178.809 E.01877
;WIDTH:0.45535
G1 X183.468 Y179.337 E.01876
;WIDTH:0.454287
G1 X183.53 Y179.881 E.01872
;WIDTH:0.452435
G1 X183.51 Y180.41 E.01805
;WIDTH:0.450078
G1 X183.391 Y180.985 E.01986
;WIDTH:0.45364
G1 X183.207 Y181.477 E.01795
;WIDTH:0.455019
G1 X182.94 Y181.955 E.01875
;WIDTH:0.455609
G1 X182.602 Y182.385 E.01878
G1 X182.217 Y182.749 E.01817
;WIDTH:0.455413
G1 X181.766 Y183.059 E.01877
;WIDTH:0.454428
G1 X181.272 Y183.296 E.01873
;WIDTH:0.452654
G1 X180.748 Y183.454 E.01866
;WIDTH:0.450217
G1 X180.173 Y183.527 E.01963
;WIDTH:0.453458
G1 X179.641 Y183.513 E.01819
;WIDTH:0.454917
G1 X179.102 Y183.414 E.01875
;WIDTH:0.455587
G1 X178.586 Y183.234 E.01877
G1 X178.117 Y182.988 E.01817
;WIDTH:0.455468
G1 X177.678 Y182.661 E.01878
;WIDTH:0.454564
G1 X177.294 Y182.271 E.01874
;WIDTH:0.45287
G1 X176.974 Y181.826 E.01867
;WIDTH:0.450416
G1 X176.721 Y181.313 E.01939
;WIDTH:0.453272
G1 X176.56 Y180.797 E.01843
;WIDTH:0.454807
G1 X176.479 Y180.256 E.01874
;WIDTH:0.455555
G1 X176.482 Y179.709 E.01877
G1 X176.564 Y179.186 E.01817
G1 X176.731 Y178.664 E.01878
;WIDTH:0.454689
G1 X176.975 Y178.175 E.01874
;WIDTH:0.453074
G1 X177.283 Y177.743 E.01807
;WIDTH:0.45067
G1 X177.676 Y177.338 E.01916
;WIDTH:0.453074
G1 X178.132 Y177.003 E.01927
;WIDTH:0.45469
G1 X178.618 Y176.751 E.01874
;WIDTH:0.455514
G1 X179.137 Y176.577 E.01877
;WIDTH:0.459768
G1 X179.677 Y176.488 E.01899
G1 X180.463 Y176.505 E.02725
; stop printing object obj_2_MOLD.stl id:0 copy 0
;LAYER_CHANGE
;Z:8.2
;HEIGHT:0.2
;BEFORE_LAYER_CHANGE
G92 E0.0
;8.2
G1 E-.47578 F2100
;WIPE_START
G1 F6477.181
G1 X181.03 Y176.622 E-.18755
G1 X181.421 Y176.778 E-.13666
;WIPE_END
M486 S-1
;AFTER_LAYER_CHANGE
;8.2
;_SET_FAN_SPEED_CHANGING_LAYER
; printing object obj_2_MOLD.stl id:0 copy 0
M486 S0
G1 X180.252 Y176.943 Z8.2 F24000
G1 E.8 F4800
;WIDTH:0.447202
G1 F900
G1 X180.794 Y177.034 E.01849
;WIDTH:0.449121
G1 X181.305 Y177.219 E.01834
;WIDTH:0.451717
G1 X181.75 Y177.476 E.01748
G1 X182.187 Y177.844 E.01943
;WIDTH:0.447514
G1 X182.532 Y178.263 E.01826
;WIDTH:0.446215
G1 X182.798 Y178.736 E.0182
;WIDTH:0.445989
G1 X182.977 Y179.249 E.01819
;WIDTH:0.447049
G1 X183.063 Y179.785 E.01824
;WIDTH:0.448903
G1 X183.054 Y180.327 E.01832
;WIDTH:0.451457
G1 X182.955 Y180.839 E.01772
G1 X182.751 Y181.366 E.01917
;WIDTH:0.447687
G1 X182.467 Y181.828 E.01827
;WIDTH:0.446308
G1 X182.106 Y182.234 E.0182
;WIDTH:0.4462
G1 X181.68 Y182.57 E.0182
;WIDTH:0.446909
G1 X181.202 Y182.826 E.01823
;WIDTH:0.449259
G1 X180.686 Y182.995 E.01834
;WIDTH:0.451108
G1 X180.161 Y183.068 E.01798
G1 X179.605 Y183.046 E.01887
;WIDTH:0.44787
G1 X179.075 Y182.928 E.01828
;WIDTH:0.446412
G1 X178.574 Y182.719 E.01821
;WIDTH:0.445868
G1 X178.118 Y182.426 E.01818
;WIDTH:0.446779
G1 X177.72 Y182.057 E.01823
;WIDTH:0.446944
G1 X177.393 Y181.623 E.01823
;WIDTH:0.450977
G1 X177.15 Y181.147 E.01816
G1 X176.992 Y180.619 E.01869
;WIDTH:0.44819
G1 X176.931 Y180.08 E.0183
;WIDTH:0.445776
G1 X176.965 Y179.538 E.01818
G1 X177.093 Y179.011 E.01818
G1 X177.313 Y178.515 E.01818
;WIDTH:0.448388
G1 X177.615 Y178.064 E.0183
;WIDTH:0.450655
G1 X177.993 Y177.673 E.01841
G1 X178.434 Y177.357 E.01841
;WIDTH:0.448254
G1 X178.925 Y177.124 E.0183
;WIDTH:0.44664
G1 X179.448 Y176.98 E.01822
;WIDTH:0.445817
G1 X180.212 Y176.945 E.02562
G1 X180.502 Y176.516 F24000
;WIDTH:0.45398
G1 F900
G1 X181.027 Y176.632 E.01837
;WIDTH:0.452196
G1 X181.56 Y176.844 E.01954
;WIDTH:0.449612
G1 X182.029 Y177.123 E.01846
;WIDTH:0.4538
G1 X182.429 Y177.451 E.01766
;WIDTH:0.455093
G1 X182.793 Y177.858 E.0187
;WIDTH:0.455606
G1 X183.09 Y178.315 E.01872
G1 X183.313 Y178.813 E.01872
;WIDTH:0.455329
G1 X183.458 Y179.339 E.0187
;WIDTH:0.454264
G1 X183.519 Y179.881 E.01867
;WIDTH:0.452423
G1 X183.5 Y180.409 E.01799
;WIDTH:0.450077
G1 X183.381 Y180.982 E.0198
;WIDTH:0.453626
G1 X183.198 Y181.473 E.0179
;WIDTH:0.455001
G1 X182.931 Y181.949 E.0187
;WIDTH:0.455542
G1 X182.594 Y182.378 E.01872
G1 X182.17 Y182.77 E.0198
;WIDTH:0.455039
G1 X181.745 Y183.057 E.01758
;WIDTH:0.454419
G1 X181.252 Y183.291 E.01868
;WIDTH:0.452677
G1 X180.72 Y183.445 E.01887
;WIDTH:0.450119
G1 X180.173 Y183.517 E.01868
;WIDTH:0.453445
G1 X179.642 Y183.502 E.01814
;WIDTH:0.454899
G1 X179.105 Y183.404 E.01869
;WIDTH:0.455567
G1 X178.59 Y183.225 E.01872
G1 X178.123 Y182.979 E.01812
;WIDTH:0.455449
G1 X177.685 Y182.653 E.01872
;WIDTH:0.454546
G1 X177.302 Y182.265 E.01866
;WIDTH:0.45277
G1 X176.968 Y181.792 E.01973
;WIDTH:0.451025
G1 X176.731 Y181.309 E.01826
;WIDTH:0.453264
G1 X176.57 Y180.795 E.01838
;WIDTH:0.454677
G1 X176.493 Y180.288 E.01756
;WIDTH:0.455476
G1 X176.493 Y179.708 E.01988
G1 X176.574 Y179.188 E.01807
G1 X176.74 Y178.669 E.0187
;WIDTH:0.454597
G1 X177.002 Y178.153 E.01981
;WIDTH:0.453327
G1 X177.301 Y177.735 E.01752
;WIDTH:0.450668
G1 X177.683 Y177.346 E.01851
;WIDTH:0.453061
G1 X178.138 Y177.012 E.01922
;WIDTH:0.454672
G1 X178.622 Y176.761 E.01868
;WIDTH:0.455494
G1 X179.139 Y176.587 E.01872
;WIDTH:0.459723
G1 X179.678 Y176.499 E.01892
G1 X180.462 Y176.515 E.02717
; stop printing object obj_2_MOLD.stl id:0 copy 0
;LAYER_CHANGE
;Z:8.4
;HEIGHT:0.2
;BEFORE_LAYER_CHANGE
G92 E0.0
;8.4
G1 E-.47582 F2100
;WIPE_START
G1 F6477.88
G1 X181.027 Y176.632 E-.187
G1 X181.42 Y176.788 E-.13718
;WIPE_END
M486 S-1
;AFTER_LAYER_CHANGE
;8.4
;_SET_FAN_SPEED_CHANGING_LAYER
; printing object obj_2_MOLD.stl id:0 copy 0
M486 S0
G1 X180.251 Y176.953 Z8.4 F24000
G1 E.8 F4800
;WIDTH:0.44721
G1 F900
G1 X180.792 Y177.044 E.01843
;WIDTH:0.44913
G1 X181.3 Y177.228 E.01827
;WIDTH:0.451708
G1 X181.744 Y177.485 E.01742
G1 X182.18 Y177.851 E.01936
;WIDTH:0.447525
G1 X182.524 Y178.269 E.0182
M73 P80 R2
;WIDTH:0.446229
G1 X182.789 Y178.741 E.01814
;WIDTH:0.446
G1 X182.967 Y179.251 E.01813
;WIDTH:0.44706
G1 X183.053 Y179.785 E.01818
;WIDTH:0.448904
G1 X183.044 Y180.326 E.01826
;WIDTH:0.451458
G1 X182.944 Y180.836 E.01765
G1 X182.742 Y181.361 E.01911
;WIDTH:0.447698
G1 X182.459 Y181.822 E.01821
;WIDTH:0.446797
G1 X182.099 Y182.226 E.01817
G1 X181.675 Y182.561 E.01816
G1 X181.197 Y182.816 E.01817
;WIDTH:0.448683
G1 X180.683 Y182.984 E.01825
;WIDTH:0.4512
G1 X180.162 Y183.057 E.01789
G1 X179.607 Y183.035 E.01885
;WIDTH:0.447881
G1 X179.078 Y182.918 E.01822
;WIDTH:0.446427
G1 X178.579 Y182.71 E.01815
;WIDTH:0.445882
G1 X178.124 Y182.417 E.01812
;WIDTH:0.446788
G1 X177.728 Y182.05 E.01816
;WIDTH:0.448434
G1 X177.399 Y181.615 E.01836
;WIDTH:0.450934
G1 X177.159 Y181.142 E.018
G1 X177.002 Y180.617 E.0186
;WIDTH:0.44807
G1 X176.941 Y180.079 E.01823
;WIDTH:0.446535
G1 X176.975 Y179.54 E.01815
;WIDTH:0.446405
G1 X177.104 Y179.014 E.01815
;WIDTH:0.44666
G1 X177.322 Y178.519 E.01815
;WIDTH:0.448268
G1 X177.624 Y178.071 E.01823
;WIDTH:0.45066
G1 X178 Y177.681 E.01835
G1 X178.44 Y177.366 E.01835
;WIDTH:0.448266
G1 X178.928 Y177.134 E.01824
;WIDTH:0.446655
G1 X179.45 Y176.99 E.01816
;WIDTH:0.445832
G1 X180.211 Y176.955 E.02553
G1 X180.5 Y176.527 F24000
;WIDTH:0.453964
G1 F900
G1 X181.024 Y176.642 E.01832
;WIDTH:0.452187
G1 X181.556 Y176.854 E.01949
;WIDTH:0.449612
G1 X182.023 Y177.132 E.01839
;WIDTH:0.453785
G1 X182.421 Y177.459 E.01761
;WIDTH:0.455075
G1 X182.785 Y177.864 E.01864
;WIDTH:0.455585
G1 X183.081 Y178.32 E.01866
G1 X183.304 Y178.816 E.01866
;WIDTH:0.45531
G1 X183.447 Y179.341 E.01865
;WIDTH:0.454253
G1 X183.509 Y179.881 E.01861
;WIDTH:0.452413
G1 X183.482 Y180.446 E.01926
;WIDTH:0.449858
G1 X183.348 Y181.047 E.02082
;WIDTH:0.447704
G1 X183.112 Y181.614 E.02069
;WIDTH:0.446384
G1 X182.783 Y182.132 E.02059
G1 X182.367 Y182.583 E.02056
;WIDTH:0.452084
G1 X181.808 Y183.009 E.02389
;WIDTH:0.452612
G1 X181.264 Y183.276 E.02067
G1 X180.744 Y183.433 E.01851
;WIDTH:0.450214
G1 X180.172 Y183.507 E.0195
;WIDTH:0.453432
G1 X179.643 Y183.492 E.01809
;WIDTH:0.454881
G1 X179.108 Y183.394 E.01864
;WIDTH:0.455547
G1 X178.594 Y183.215 E.01866
G1 X178.128 Y182.97 E.01806
;WIDTH:0.455429
G1 X177.691 Y182.645 E.01866
;WIDTH:0.45453
G1 X177.31 Y182.257 E.01862
;WIDTH:0.452846
G1 X176.992 Y181.815 E.01856
;WIDTH:0.45041
G1 X176.74 Y181.305 E.01927
;WIDTH:0.453246
G1 X176.58 Y180.792 E.01833
;WIDTH:0.454771
G1 X176.5 Y180.254 E.01863
;WIDTH:0.455548
G1 X176.5 Y179.745 E.01749
G1 X176.576 Y179.235 E.01769
;WIDTH:0.4546
G1 X176.75 Y178.671 E.02019
G1 X176.993 Y178.186 E.01859
;WIDTH:0.45305
G1 X177.299 Y177.756 E.01797
;WIDTH:0.45066
G1 X177.69 Y177.353 E.01904
;WIDTH:0.453049
G1 X178.143 Y177.021 E.01916
;WIDTH:0.454656
G1 X178.626 Y176.771 E.01863
;WIDTH:0.455474
G1 X179.142 Y176.597 E.01866
;WIDTH:0.459691
G1 X179.679 Y176.509 E.01887
G1 X180.46 Y176.526 E.02708
; stop printing object obj_2_MOLD.stl id:0 copy 0
;LAYER_CHANGE
;Z:8.6
;HEIGHT:0.200001
;BEFORE_LAYER_CHANGE
G92 E0.0
;8.6
G1 E-.47584 F2100
;WIPE_START
G1 F6478.377
G1 X181.024 Y176.642 E-.18647
G1 X181.418 Y176.799 E-.13769
;WIPE_END
M486 S-1
;AFTER_LAYER_CHANGE
;8.6
;_SET_FAN_SPEED_CHANGING_LAYER
; printing object obj_2_MOLD.stl id:0 copy 0
M486 S0
G1 X180.25 Y176.964 Z8.6 F24000
G1 E.8 F4800
;WIDTH:0.447219
G1 F900
G1 X180.789 Y177.054 E.01838
;WIDTH:0.449131
G1 X181.296 Y177.238 E.01821
;WIDTH:0.451699
G1 X181.738 Y177.494 E.01737
G1 X182.172 Y177.859 E.01929
;WIDTH:0.447538
G1 X182.515 Y178.275 E.01815
;WIDTH:0.446239
G1 X182.779 Y178.745 E.01807
;WIDTH:0.446013
G1 X182.957 Y179.254 E.01807
;WIDTH:0.447069
G1 X183.042 Y179.786 E.01811
;WIDTH:0.448905
G1 X183.034 Y180.325 E.0182
;WIDTH:0.451452
G1 X182.934 Y180.833 E.0176
G1 X182.732 Y181.356 E.01903
;WIDTH:0.447711
G1 X182.45 Y181.816 E.01815
;WIDTH:0.446339
G1 X182.092 Y182.219 E.01808
;WIDTH:0.44595
G1 X181.669 Y182.552 E.01806
;WIDTH:0.446875
G1 X181.222 Y182.793 E.01705
;WIDTH:0.448719
G1 X180.682 Y182.973 E.0192
;WIDTH:0.451192
G1 X180.161 Y183.047 E.01787
G1 X179.608 Y183.025 E.01879
;WIDTH:0.447893
G1 X179.082 Y182.908 E.01816
;WIDTH:0.446441
G1 X178.584 Y182.701 E.01809
;WIDTH:0.44589
G1 X178.131 Y182.409 E.01805
;WIDTH:0.446799
G1 X177.735 Y182.043 E.01811
;WIDTH:0.448438
G1 X177.408 Y181.61 E.0183
;WIDTH:0.450597
G1 X177.174 Y181.15 E.01748
G1 X177.012 Y180.616 E.01892
;WIDTH:0.448288
G1 X176.951 Y180.079 E.01822
;WIDTH:0.44655
G1 X176.985 Y179.541 E.01809
;WIDTH:0.445843
G1 X177.113 Y179.018 E.01805
;WIDTH:0.446672
G1 X177.331 Y178.525 E.0181
;WIDTH:0.448273
G1 X177.632 Y178.077 E.01817
;WIDTH:0.450654
G1 X178.006 Y177.689 E.01828
G1 X178.445 Y177.375 E.01828
;WIDTH:0.448277
G1 X178.932 Y177.143 E.01817
;WIDTH:0.446669
G1 X179.452 Y177 E.0181
;WIDTH:0.445847
G1 X180.21 Y176.965 E.02543
G1 X180.499 Y176.537 F24000
;WIDTH:0.453953
G1 F900
G1 X181.021 Y176.652 E.01826
;WIDTH:0.452177
G1 X181.551 Y176.863 E.01943
;WIDTH:0.449617
G1 X182.017 Y177.14 E.01833
;WIDTH:0.453772
G1 X182.414 Y177.467 E.01756
;WIDTH:0.455059
G1 X182.776 Y177.871 E.01859
;WIDTH:0.455556
G1 X183.072 Y178.325 E.01861
G1 X183.294 Y178.82 E.01861
;WIDTH:0.455291
G1 X183.437 Y179.343 E.01859
;WIDTH:0.454237
G1 X183.498 Y179.882 E.01855
;WIDTH:0.452403
G1 X183.479 Y180.407 E.01788
;WIDTH:0.450075
G1 X183.361 Y180.976 E.01968
;WIDTH:0.453586
G1 X183.179 Y181.464 E.0178
;WIDTH:0.454964
G1 X182.914 Y181.937 E.01858
;WIDTH:0.455548
G1 X182.579 Y182.364 E.01861
G1 X182.197 Y182.724 E.018
;WIDTH:0.455354
G1 X181.75 Y183.032 E.01861
;WIDTH:0.454325
G1 X181.261 Y183.266 E.01856
G1 X180.742 Y183.423 E.01856
;WIDTH:0.450212
G1 X180.172 Y183.496 E.01944
;WIDTH:0.453418
G1 X179.644 Y183.481 E.01804
;WIDTH:0.454862
G1 X179.11 Y183.384 E.01858
;WIDTH:0.455527
G1 X178.598 Y183.205 E.01861
G1 X178.134 Y182.961 E.018
;WIDTH:0.455403
G1 X177.698 Y182.637 E.01861
;WIDTH:0.454516
G1 X177.318 Y182.251 E.01857
;WIDTH:0.452833
G1 X176.991 Y181.789 E.0193
;WIDTH:0.450381
G1 X176.74 Y181.272 E.01946
;WIDTH:0.453524
G1 X176.591 Y180.79 E.01722
;WIDTH:0.454753
G1 X176.51 Y180.254 E.01857
;WIDTH:0.455494
G1 X176.513 Y179.711 E.0186
G1 X176.594 Y179.193 E.018
G1 X176.76 Y178.676 E.01861
;WIDTH:0.45464
G1 X177.002 Y178.191 E.01858
;WIDTH:0.453038
G1 X177.307 Y177.763 E.01791
;WIDTH:0.450655
G1 X177.697 Y177.361 E.01899
;WIDTH:0.453037
G1 X178.149 Y177.03 E.0191
;WIDTH:0.454636
G1 X178.63 Y176.78 E.01857
;WIDTH:0.455454
G1 X179.144 Y176.608 E.0186
;WIDTH:0.459649
G1 X179.68 Y176.52 E.01881
G1 X180.459 Y176.536 E.02699
; stop printing object obj_2_MOLD.stl id:0 copy 0
;LAYER_CHANGE
;Z:8.8
;HEIGHT:0.2
;BEFORE_LAYER_CHANGE
G92 E0.0
;8.8
G1 E-.47588 F2100
;WIPE_START
G1 F6479.03
G1 X181.021 Y176.652 E-.18592
G1 X181.417 Y176.809 E-.1382
;WIPE_END
M486 S-1
;AFTER_LAYER_CHANGE
;8.8
;_SET_FAN_SPEED_CHANGING_LAYER
; printing object obj_2_MOLD.stl id:0 copy 0
M486 S0
G1 X180.249 Y176.974 Z8.8 F24000
G1 E.8 F4800
;WIDTH:0.447228
G1 F900
G1 X180.786 Y177.064 E.01831
;WIDTH:0.449132
G1 X181.291 Y177.247 E.01815
;WIDTH:0.451693
G1 X181.732 Y177.502 E.01731
G1 X182.165 Y177.866 E.01922
;WIDTH:0.447552
G1 X182.506 Y178.281 E.01808
;WIDTH:0.44626
G1 X182.769 Y178.749 E.01802
;WIDTH:0.44603
G1 X182.947 Y179.256 E.018
;WIDTH:0.447077
G1 X183.032 Y179.787 E.01805
;WIDTH:0.448908
G1 X183.023 Y180.324 E.01814
;WIDTH:0.451444
G1 X182.924 Y180.831 E.01754
G1 X182.723 Y181.351 E.01897
;WIDTH:0.447721
G1 X182.442 Y181.809 E.01809
;WIDTH:0.446353
G1 X182.085 Y182.211 E.01802
;WIDTH:0.445965
G1 X181.663 Y182.543 E.018
;WIDTH:0.446933
G1 X181.19 Y182.797 E.01805
;WIDTH:0.447375
G1 X180.679 Y182.963 E.01807
;WIDTH:0.451217
G1 X180.161 Y183.036 E.01775
G1 X179.609 Y183.015 E.01873
;WIDTH:0.447904
G1 X179.085 Y182.898 E.01809
;WIDTH:0.446456
G1 X178.589 Y182.691 E.01802
;WIDTH:0.445911
G1 X178.137 Y182.401 E.018
;WIDTH:0.446808
G1 X177.743 Y182.036 E.01804
;WIDTH:0.44844
G1 X177.417 Y181.604 E.01824
;WIDTH:0.450922
G1 X177.179 Y181.134 E.01788
G1 X177.022 Y180.613 E.01846
;WIDTH:0.448091
G1 X176.962 Y180.079 E.0181
;WIDTH:0.446566
G1 X176.996 Y179.543 E.01803
;WIDTH:0.445863
G1 X177.123 Y179.021 E.018
G1 X177.341 Y178.53 E.018
;WIDTH:0.448381
G1 X177.64 Y178.084 E.01811
;WIDTH:0.44955
G1 X178.022 Y177.689 E.01858
M73 P81 R2
G1 X178.45 Y177.385 E.01777
;WIDTH:0.448288
G1 X178.935 Y177.153 E.01811
;WIDTH:0.446684
G1 X179.453 Y177.011 E.01804
;WIDTH:0.445865
G1 X180.209 Y176.976 E.02535
G1 X180.497 Y176.547 F24000
;WIDTH:0.453934
G1 F900
G1 X181.018 Y176.662 E.01821
;WIDTH:0.452168
G1 X181.547 Y176.872 E.01938
;WIDTH:0.449626
G1 X182.011 Y177.149 E.01827
;WIDTH:0.453757
G1 X182.407 Y177.474 E.01752
;WIDTH:0.455037
G1 X182.768 Y177.877 E.01853
;WIDTH:0.455544
G1 X183.063 Y178.33 E.01855
G1 X183.284 Y178.824 E.01855
;WIDTH:0.455271
G1 X183.427 Y179.345 E.01853
;WIDTH:0.454216
G1 X183.488 Y179.882 E.0185
;WIDTH:0.452392
G1 X183.469 Y180.405 E.01783
;WIDTH:0.450076
G1 X183.351 Y180.973 E.01962
;WIDTH:0.453583
G1 X183.169 Y181.46 E.01775
;WIDTH:0.454944
G1 X182.905 Y181.932 E.01853
;WIDTH:0.455529
G1 X182.571 Y182.357 E.01855
G1 X182.191 Y182.716 E.01795
;WIDTH:0.455334
G1 X181.745 Y183.022 E.01855
;WIDTH:0.454361
G1 X181.258 Y183.256 E.0185
;WIDTH:0.452537
G1 X180.712 Y183.418 E.01937
;WIDTH:0.450653
G1 X180.172 Y183.486 E.01848
;WIDTH:0.453405
G1 X179.645 Y183.471 E.01799
;WIDTH:0.454844
G1 X179.113 Y183.374 E.01852
;WIDTH:0.455506
G1 X178.602 Y183.196 E.01855
G1 X178.139 Y182.952 E.01795
;WIDTH:0.45539
G1 X177.705 Y182.629 E.01855
;WIDTH:0.454494
G1 X177.326 Y182.244 E.01851
;WIDTH:0.45282
G1 X177.01 Y181.804 E.01844
;WIDTH:0.450404
G1 X176.76 Y181.298 E.01915
;WIDTH:0.45322
G1 X176.601 Y180.788 E.01822
;WIDTH:0.454736
G1 X176.521 Y180.253 E.01852
;WIDTH:0.455474
G1 X176.524 Y179.712 E.01855
G1 X176.605 Y179.195 E.01794
G1 X176.769 Y178.681 E.01854
;WIDTH:0.454556
G1 X177.027 Y178.173 E.01947
;WIDTH:0.45325
G1 X177.325 Y177.756 E.0175
;WIDTH:0.450567
G1 X177.725 Y177.351 E.01929
;WIDTH:0.453053
G1 X178.154 Y177.039 E.0181
;WIDTH:0.454621
G1 X178.634 Y176.79 E.01853
;WIDTH:0.455434
G1 X179.147 Y176.618 E.01855
;WIDTH:0.459608
G1 X179.681 Y176.53 E.01875
G1 X180.457 Y176.546 E.02691
; stop printing object obj_2_MOLD.stl id:0 copy 0
;LAYER_CHANGE
;Z:9
;HEIGHT:0.2
;BEFORE_LAYER_CHANGE
G92 E0.0
;9
G1 E-.47591 F2100
;WIPE_START
G1 F6479.668
G1 X181.018 Y176.662 E-.18538
G1 X181.415 Y176.82 E-.13871
;WIPE_END
M486 S-1
;AFTER_LAYER_CHANGE
;9
;_SET_FAN_SPEED_CHANGING_LAYER
; printing object obj_2_MOLD.stl id:0 copy 0
M486 S0
G1 X180.248 Y176.984 Z9 F24000
G1 E.8 F4800
;WIDTH:0.447235
G1 F900
G1 X180.783 Y177.074 E.01825
;WIDTH:0.449132
G1 X181.287 Y177.257 E.01809
G1 X181.749 Y177.527 E.01809
;WIDTH:0.447564
G1 X182.157 Y177.873 E.01801
G1 X182.498 Y178.287 E.01802
;WIDTH:0.446276
G1 X182.76 Y178.753 E.01795
;WIDTH:0.44604
G1 X182.936 Y179.259 E.01794
;WIDTH:0.448175
G1 X183.022 Y179.787 E.01804
;WIDTH:0.448386
G1 X183.012 Y180.323 E.01807
;WIDTH:0.451437
G1 X182.914 Y180.828 E.01746
G1 X182.714 Y181.347 E.0189
;WIDTH:0.447733
G1 X182.433 Y181.803 E.01802
;WIDTH:0.446369
G1 X182.078 Y182.203 E.01796
;WIDTH:0.445977
G1 X181.657 Y182.535 E.01794
;WIDTH:0.446948
G1 X181.185 Y182.787 E.01798
;WIDTH:0.44869
G1 X180.676 Y182.953 E.01806
;WIDTH:0.45118
G1 X180.16 Y183.026 E.01771
G1 X179.611 Y183.004 E.01865
;WIDTH:0.447916
G1 X179.088 Y182.888 E.01803
;WIDTH:0.446471
G1 X178.594 Y182.682 E.01796
;WIDTH:0.44679
G1 X178.143 Y182.393 E.01798
G1 X177.751 Y182.028 E.01798
;WIDTH:0.448483
G1 X177.428 Y181.602 E.01805
;WIDTH:0.450918
G1 X177.188 Y181.129 E.01798
G1 X177.034 Y180.61 E.01836
;WIDTH:0.446579
G1 X176.972 Y180.079 E.01797
G1 X177.006 Y179.545 E.01797
;WIDTH:0.445878
G1 X177.133 Y179.024 E.01794
;WIDTH:0.446692
G1 X177.349 Y178.535 E.01797
;WIDTH:0.448282
G1 X177.648 Y178.09 E.01805
;WIDTH:0.450645
G1 X178.02 Y177.705 E.01816
G1 X178.456 Y177.394 E.01816
;WIDTH:0.448297
G1 X178.939 Y177.163 E.01805
;WIDTH:0.446698
G1 X179.455 Y177.021 E.01797
;WIDTH:0.445879
G1 X180.208 Y176.986 E.02525
G1 X180.496 Y176.558 F24000
;WIDTH:0.453917
G1 F900
G1 X181.015 Y176.672 E.01815
;WIDTH:0.452158
G1 X181.541 Y176.881 E.01928
;WIDTH:0.449761
G1 X182 Y177.159 E.01815
;WIDTH:0.453583
G1 X182.402 Y177.484 E.01762
;WIDTH:0.455019
G1 X182.76 Y177.883 E.01839
;WIDTH:0.455523
G1 X183.053 Y178.335 E.01849
G1 X183.269 Y178.81 E.01789
;WIDTH:0.455252
G1 X183.41 Y179.313 E.01792
;WIDTH:0.454268
G1 X183.474 Y179.816 E.01732
;WIDTH:0.450017
G1 X183.458 Y180.405 E.01997
G1 X183.341 Y180.97 E.01952
;WIDTH:0.453569
G1 X183.16 Y181.455 E.0177
;WIDTH:0.454926
G1 X182.896 Y181.926 E.01847
;WIDTH:0.455508
G1 X182.563 Y182.35 E.01849
G1 X182.17 Y182.718 E.01849
;WIDTH:0.455315
G1 X181.724 Y183.021 E.01848
;WIDTH:0.454345
G1 X181.237 Y183.252 E.01844
;WIDTH:0.452599
G1 X180.705 Y183.407 E.01886
;WIDTH:0.450109
G1 X180.099 Y183.475 E.02064
;WIDTH:0.447901
G1 X179.491 Y183.437 E.02052
;WIDTH:0.446467
G1 X178.899 Y183.294 E.02044
;WIDTH:0.445927
G1 X178.34 Y183.051 E.02041
;WIDTH:0.452076
G1 X177.763 Y182.664 E.02366
;WIDTH:0.452785
G1 X177.333 Y182.236 E.02066
G1 X177.019 Y181.799 E.01835
;WIDTH:0.450918
G1 X176.785 Y181.331 E.01775
;WIDTH:0.453672
G1 X176.629 Y180.85 E.01729
;WIDTH:0.454578
G1 X176.531 Y180.249 E.02082
;WIDTH:0.455454
G1 X176.534 Y179.713 E.0184
G1 X176.615 Y179.198 E.01789
G1 X176.779 Y178.684 E.0185
;WIDTH:0.454601
G1 X177.02 Y178.202 E.01846
;WIDTH:0.453013
G1 X177.323 Y177.776 E.0178
;WIDTH:0.450646
G1 X177.711 Y177.377 E.01888
;WIDTH:0.453011
G1 X178.16 Y177.048 E.01899
;WIDTH:0.454603
G1 X178.639 Y176.799 E.01846
;WIDTH:0.455414
G1 X179.15 Y176.628 E.01849
;WIDTH:0.459577
G1 X179.682 Y176.54 E.0187
G1 X180.456 Y176.557 E.02682
; stop printing object obj_2_MOLD.stl id:0 copy 0
;LAYER_CHANGE
;Z:9.2
;HEIGHT:0.2
;BEFORE_LAYER_CHANGE
G92 E0.0
;9.2
G1 E-.47593 F2100
;WIPE_START
G1 F6480.15
G1 X181.015 Y176.672 E-.18484
G1 X181.414 Y176.831 E-.13923
;WIPE_END
M486 S-1
;AFTER_LAYER_CHANGE
;9.2
;_SET_FAN_SPEED_CHANGING_LAYER
; printing object obj_2_MOLD.stl id:0 copy 0
M486 S0
G1 X180.247 Y176.995 Z9.2 F24000
G1 E.8 F4800
;WIDTH:0.447244
G1 F900
G1 X180.781 Y177.084 E.01819
;WIDTH:0.449116
G1 X181.284 Y177.267 E.0181
;WIDTH:0.451675
G1 X181.72 Y177.519 E.01712
G1 X182.15 Y177.881 E.01908
;WIDTH:0.447577
G1 X182.489 Y178.293 E.01796
;WIDTH:0.446287
G1 X182.75 Y178.758 E.01789
;WIDTH:0.446054
G1 X182.926 Y179.261 E.01788
;WIDTH:0.447096
G1 X183.011 Y179.788 E.01793
;WIDTH:0.448556
G1 X183.004 Y180.296 E.01714
;WIDTH:0.45149
G1 X182.904 Y180.826 E.01833
G1 X182.704 Y181.342 E.01878
;WIDTH:0.447745
G1 X182.425 Y181.797 E.01796
;WIDTH:0.446384
G1 X182.071 Y182.196 E.0179
;WIDTH:0.44599
G1 X181.652 Y182.526 E.01788
;WIDTH:0.446955
G1 X181.181 Y182.778 E.01792
;WIDTH:0.448693
G1 X180.674 Y182.943 E.018
;WIDTH:0.451174
G1 X180.159 Y183.015 E.01766
G1 X179.612 Y182.994 E.01859
;WIDTH:0.447918
G1 X179.091 Y182.878 E.01796
;WIDTH:0.455464
G1 X178.396 Y182.55 E.02635
;WIDTH:0.45535
G1 X178.024 Y182.276 E.01585
;WIDTH:0.45446
G1 X177.697 Y181.949 E.01582
;WIDTH:0.452801
G1 X177.419 Y181.569 E.01605
;WIDTH:0.450413
G1 X177.195 Y181.12 E.017
G1 X177.043 Y180.609 E.01809
;WIDTH:0.448114
G1 X176.983 Y180.079 E.01798
;WIDTH:0.446594
G1 X177.016 Y179.546 E.01791
;WIDTH:0.445892
G1 X177.143 Y179.028 E.01787
;WIDTH:0.446702
G1 X177.358 Y178.54 E.01791
;WIDTH:0.448285
G1 X177.656 Y178.097 E.01798
;WIDTH:0.450641
G1 X178.027 Y177.713 E.0181
G1 X178.461 Y177.403 E.01809
;WIDTH:0.44831
G1 X178.943 Y177.173 E.01799
;WIDTH:0.446712
G1 X179.457 Y177.031 E.01791
;WIDTH:0.445894
G1 X180.207 Y176.997 E.02516
G1 X180.495 Y176.568 F24000
;WIDTH:0.453906
G1 F900
G1 X181.012 Y176.682 E.01809
;WIDTH:0.452148
G1 X181.538 Y176.891 E.01927
;WIDTH:0.449638
G1 X181.999 Y177.166 E.01814
;WIDTH:0.453726
G1 X182.393 Y177.49 E.01742
;WIDTH:0.455003
G1 X182.751 Y177.89 E.01842
;WIDTH:0.455498
G1 X183.044 Y178.34 E.01844
G1 X183.264 Y178.831 E.01844
;WIDTH:0.455231
G1 X183.406 Y179.349 E.01842
;WIDTH:0.454189
G1 X183.467 Y179.883 E.01838
;WIDTH:0.452315
G1 X183.447 Y180.403 E.01771
;WIDTH:0.451423
G1 X183.332 Y180.964 E.01947
;WIDTH:0.453555
G1 X183.15 Y181.451 E.01774
;WIDTH:0.454907
G1 X182.887 Y181.92 E.01841
;WIDTH:0.455488
G1 X182.556 Y182.343 E.01844
G1 X182.178 Y182.7 E.01783
;WIDTH:0.455296
G1 X181.735 Y183.004 E.01844
;WIDTH:0.45432
G1 X181.25 Y183.237 E.01839
;WIDTH:0.452588
G1 X180.735 Y183.392 E.01832
;WIDTH:0.450207
G1 X180.171 Y183.465 E.01926
;WIDTH:0.453381
G1 X179.647 Y183.45 E.01789
;WIDTH:0.454804
G1 X179.118 Y183.353 E.01841
;WIDTH:0.455464
G1 X178.611 Y183.177 E.01844
G1 X178.151 Y182.934 E.01783
M73 P82 R2
;WIDTH:0.45535
G1 X177.719 Y182.614 E.01844
;WIDTH:0.45446
G1 X177.342 Y182.23 E.0184
;WIDTH:0.452801
G1 X177.028 Y181.794 E.01833
;WIDTH:0.450413
G1 X176.779 Y181.29 E.01903
;WIDTH:0.453193
G1 X176.621 Y180.783 E.01812
;WIDTH:0.454701
G1 X176.542 Y180.251 E.0184
;WIDTH:0.455433
G1 X176.545 Y179.714 E.01844
G1 X176.625 Y179.2 E.01783
G1 X176.789 Y178.688 E.01844
;WIDTH:0.454583
G1 X177.029 Y178.207 E.01841
;WIDTH:0.452999
G1 X177.331 Y177.783 E.01774
;WIDTH:0.450641
G1 X177.718 Y177.385 E.01882
;WIDTH:0.453001
G1 X178.166 Y177.056 E.01894
;WIDTH:0.454585
G1 X178.643 Y176.809 E.0184
;WIDTH:0.455394
G1 X179.152 Y176.638 E.01843
;WIDTH:0.459534
G1 X179.683 Y176.551 E.01864
G1 X180.455 Y176.567 E.02673
; stop printing object obj_2_MOLD.stl id:0 copy 0
;LAYER_CHANGE
;Z:9.4
;HEIGHT:0.2
;BEFORE_LAYER_CHANGE
G92 E0.0
;9.4
G1 E-.47597 F2100
;WIPE_START
G1 F6480.819
G1 X181.012 Y176.682 E-.18429
G1 X181.412 Y176.841 E-.13974
;WIPE_END
M486 S-1
;AFTER_LAYER_CHANGE
;9.4
;_SET_FAN_SPEED_CHANGING_LAYER
; printing object obj_2_MOLD.stl id:0 copy 0
M486 S0
G1 X180.246 Y177.005 Z9.4 F24000
G1 E.8 F4800
;WIDTH:0.447252
G1 F900
G1 X180.778 Y177.094 E.01812
;WIDTH:0.449119
G1 X181.28 Y177.276 E.01804
;WIDTH:0.451667
G1 X181.714 Y177.528 E.01706
G1 X182.142 Y177.888 E.01901
;WIDTH:0.447588
G1 X182.48 Y178.299 E.01789
;WIDTH:0.446303
G1 X182.741 Y178.762 E.01783
;WIDTH:0.446069
G1 X182.916 Y179.264 E.01782
;WIDTH:0.447103
G1 X183.001 Y179.789 E.01787
;WIDTH:0.448912
G1 X182.992 Y180.32 E.01795
;WIDTH:0.451422
G1 X182.894 Y180.822 E.01737
G1 X182.695 Y181.337 E.01876
;WIDTH:0.447758
G1 X182.417 Y181.791 E.0179
;WIDTH:0.446399
G1 X182.063 Y182.188 E.01784
;WIDTH:0.446195
G1 X181.646 Y182.517 E.01782
;WIDTH:0.448357
G1 X181.187 Y182.763 E.01756
;WIDTH:0.448665
G1 X180.669 Y182.934 E.01841
;WIDTH:0.451166
G1 X180.159 Y183.005 E.01749
G1 X179.614 Y182.984 E.01851
;WIDTH:0.447939
G1 X179.094 Y182.868 E.01791
;WIDTH:0.455445
G1 X178.402 Y182.541 E.02627
;WIDTH:0.45533
G1 X178.031 Y182.268 E.01579
;WIDTH:0.454443
G1 X177.705 Y181.942 E.01578
;WIDTH:0.45281
G1 X177.429 Y181.564 E.01595
;WIDTH:0.450133
G1 X177.211 Y181.126 E.01659
G1 X177.053 Y180.609 E.0183
;WIDTH:0.448782
G1 X176.993 Y180.078 E.01801
;WIDTH:0.446609
G1 X177.027 Y179.548 E.01785
;WIDTH:0.446107
G1 X177.153 Y179.031 E.01782
;WIDTH:0.446715
G1 X177.367 Y178.545 E.01785
;WIDTH:0.448288
G1 X177.664 Y178.104 E.01792
;WIDTH:0.450637
G1 X178.034 Y177.721 E.01804
G1 X178.466 Y177.412 E.01803
;WIDTH:0.448319
G1 X178.946 Y177.183 E.01793
;WIDTH:0.446727
G1 X179.459 Y177.042 E.01785
;WIDTH:0.445911
G1 X180.206 Y177.007 E.02507
G1 X180.493 Y176.578 F24000
;WIDTH:0.453885
G1 F900
G1 X181.009 Y176.692 E.01803
;WIDTH:0.452138
G1 X181.533 Y176.901 E.01921
;WIDTH:0.449646
G1 X181.993 Y177.174 E.01808
;WIDTH:0.453712
G1 X182.386 Y177.497 E.01737
;WIDTH:0.45498
G1 X182.743 Y177.896 E.01836
;WIDTH:0.455479
G1 X183.035 Y178.346 E.01838
G1 X183.254 Y178.834 E.01837
;WIDTH:0.455213
G1 X183.396 Y179.351 E.01836
;WIDTH:0.454168
G1 X183.456 Y179.883 E.01833
;WIDTH:0.452361
G1 X183.437 Y180.402 E.01766
;WIDTH:0.450074
G1 X183.321 Y180.964 E.01943
;WIDTH:0.45354
G1 X183.14 Y181.447 E.0176
;WIDTH:0.454889
G1 X182.879 Y181.914 E.01836
;WIDTH:0.455433
G1 X182.548 Y182.336 E.01838
G1 X182.153 Y182.705 E.01854
;WIDTH:0.455032
G1 X181.73 Y182.995 E.0176
M73 P82 R1
;WIDTH:0.454792
G1 X181.246 Y183.226 E.01836
G1 X180.733 Y183.382 E.01836
;WIDTH:0.450206
G1 X180.17 Y183.454 E.0192
;WIDTH:0.453364
G1 X179.648 Y183.44 E.01784
;WIDTH:0.45479
G1 X179.121 Y183.343 E.01835
;WIDTH:0.455445
G1 X178.615 Y183.167 E.01838
G1 X178.156 Y182.926 E.01778
;WIDTH:0.45533
G1 X177.726 Y182.606 E.01838
;WIDTH:0.454443
G1 X177.35 Y182.224 E.01835
;WIDTH:0.45281
G1 X177.049 Y181.807 E.01751
;WIDTH:0.45066
G1 X176.797 Y181.309 E.01894
;WIDTH:0.452449
G1 X176.627 Y180.759 E.0196
;WIDTH:0.454701
G1 X176.552 Y180.251 E.01759
;WIDTH:0.45538
G1 X176.555 Y179.714 E.01839
G1 X176.641 Y179.181 E.01853
;WIDTH:0.455085
G1 X176.798 Y178.692 E.0176
;WIDTH:0.454575
G1 X177.038 Y178.213 E.01835
;WIDTH:0.452982
G1 X177.339 Y177.79 E.01769
;WIDTH:0.450637
G1 X177.725 Y177.393 E.01876
;WIDTH:0.452987
G1 X178.171 Y177.065 E.01888
;WIDTH:0.454567
G1 X178.647 Y176.819 E.01834
;WIDTH:0.455374
G1 X179.155 Y176.648 E.01838
;WIDTH:0.459499
G1 X179.684 Y176.561 E.01858
G1 X180.453 Y176.578 E.02665
; stop printing object obj_2_MOLD.stl id:0 copy 0
;LAYER_CHANGE
;Z:9.6
;HEIGHT:0.200001
;BEFORE_LAYER_CHANGE
G92 E0.0
;9.6
G1 E-.47599 F2100
;WIPE_START
G1 F6481.363
G1 X181.009 Y176.692 E-.18371
G1 X181.411 Y176.852 E-.1403
;WIPE_END
M486 S-1
;AFTER_LAYER_CHANGE
;9.6
;_SET_FAN_SPEED_CHANGING_LAYER
; printing object obj_2_MOLD.stl id:0 copy 0
M486 S0
G1 X181.028 Y177.185 Z9.6 F24000
G1 E.8 F4800
;WIDTH:0.446277
G1 F900
G1 X181.507 Y177.41 E.01777
;WIDTH:0.446114
G1 X181.94 Y177.715 E.01776
;WIDTH:0.447186
G1 X182.312 Y178.092 E.01781
;WIDTH:0.449024
G1 X182.613 Y178.529 E.01789
;WIDTH:0.451539
G1 X182.822 Y178.99 E.0172
G1 X182.96 Y179.526 E.01881
;WIDTH:0.447684
G1 X182.997 Y180.054 E.01783
;WIDTH:0.446368
G1 X182.94 Y180.581 E.01777
;WIDTH:0.446049
G1 X182.792 Y181.09 E.01776
;WIDTH:0.447044
G1 X182.557 Y181.565 E.0178
;WIDTH:0.448805
G1 X182.242 Y181.991 E.01788
;WIDTH:0.451289
G1 X181.87 Y182.344 E.01743
G1 X181.277 Y182.709 E.02363
;WIDTH:0.448833
G1 X180.674 Y182.921 E.0216
;WIDTH:0.45116
G1 X180.158 Y182.994 E.01768
G1 X179.615 Y182.973 E.01844
;WIDTH:0.44795
G1 X178.957 Y182.807 E.02287
;WIDTH:0.451094
G1 X178.382 Y182.525 E.02171
G1 X177.96 Y182.197 E.01815
;WIDTH:0.448041
G1 X177.606 Y181.803 E.01785
;WIDTH:0.448804
G1 X177.263 Y181.217 E.02291
;WIDTH:0.453995
G1 X177.082 Y180.674 E.01958
G1 X177.004 Y180.078 E.02053
;WIDTH:0.446625
G1 X177.037 Y179.549 E.01778
;WIDTH:0.445922
G1 X177.163 Y179.035 E.01775
;WIDTH:0.446725
G1 X177.377 Y178.55 E.01779
;WIDTH:0.448294
G1 X177.672 Y178.11 E.01786
;WIDTH:0.450631
G1 X178.041 Y177.729 E.01798
G1 X178.472 Y177.421 E.01796
;WIDTH:0.448329
G1 X178.95 Y177.193 E.01786
;WIDTH:0.446741
G1 X179.461 Y177.052 E.01779
;WIDTH:0.445926
G1 X179.988 Y177.006 E.01775
;WIDTH:0.447518
G1 X180.516 Y177.047 E.0178
G1 X180.989 Y177.174 E.01648
G1 X180.492 Y176.588 F24000
;WIDTH:0.455005
G1 F900
G1 X181.005 Y176.703 E.01803
;WIDTH:0.455465
G1 X181.503 Y176.899 E.01832
G1 X181.964 Y177.168 E.01832
;WIDTH:0.455157
G1 X182.378 Y177.505 E.01831
;WIDTH:0.454085
G1 X182.736 Y177.902 E.01826
;WIDTH:0.45224
G1 X183.038 Y178.369 E.01894
;WIDTH:0.449777
G1 X183.253 Y178.86 E.01813
;WIDTH:0.453613
G1 X183.386 Y179.353 E.01744
;WIDTH:0.454918
G1 X183.445 Y179.884 E.0183
;WIDTH:0.455455
G1 X183.421 Y180.418 E.01832
G1 X183.321 Y180.925 E.01772
;WIDTH:0.455225
G1 X183.139 Y181.427 E.01832
;WIDTH:0.454226
G1 X182.882 Y181.895 E.01828
;WIDTH:0.45246
G1 X182.555 Y182.319 E.01821
;WIDTH:0.450132
G1 X182.138 Y182.705 E.01926
;WIDTH:0.45947
G1 X181.707 Y182.992 E.01793
G1 X181.241 Y183.215 E.01788
;WIDTH:0.457594
G1 X180.73 Y183.372 E.01843
;WIDTH:0.450203
G1 X180.17 Y183.444 E.01914
;WIDTH:0.45335
G1 X179.649 Y183.429 E.01779
;WIDTH:0.459804
G1 X179.124 Y183.331 E.01852
G1 X178.635 Y183.165 E.0179
;WIDTH:0.456011
G1 X178.161 Y182.918 E.01836
;WIDTH:0.453259
G1 X177.72 Y182.586 E.01884
;WIDTH:0.454719
G1 X177.348 Y182.202 E.01829
;WIDTH:0.459447
G1 X177.05 Y181.78 E.01789
G1 X176.808 Y181.304 E.0185
;WIDTH:0.453995
G1 X176.642 Y180.778 E.01886
;WIDTH:0.454665
G1 X176.562 Y180.25 E.01829
;WIDTH:0.455392
G1 X176.566 Y179.715 E.01832
G1 X176.645 Y179.205 E.01772
G1 X176.808 Y178.696 E.01833
;WIDTH:0.45455
G1 X177.047 Y178.218 E.01829
;WIDTH:0.452976
G1 X177.37 Y177.769 E.01885
;WIDTH:0.450632
G1 X177.802 Y177.347 E.02048
;WIDTH:0.448294
G1 X178.3 Y177.006 E.02035
;WIDTH:0.446725
G1 X178.85 Y176.756 E.02027
;WIDTH:0.445922
G1 X179.434 Y176.605 E.02023
G1 X179.974 Y176.567 E.01813
;WIDTH:0.453285
G1 X180.452 Y176.587 E.01633
; stop printing object obj_2_MOLD.stl id:0 copy 0
;LAYER_CHANGE
;Z:9.8
;HEIGHT:0.2
;BEFORE_LAYER_CHANGE
G92 E0.0
;9.8
G1 E-.48083 F2100
;WIPE_START
G1 F6579.508
G1 X181.005 Y176.703 E-.18055
G1 X181.41 Y176.862 E-.13862
;WIPE_END
M486 S-1
;AFTER_LAYER_CHANGE
;9.8
;_SET_FAN_SPEED_CHANGING_LAYER
; printing object obj_2_MOLD.stl id:0 copy 0
M204 T5000
M486 S0
G1 X182.356 Y178.165 Z9.8 F24000
G1 E.8 F4800
;WIDTH:0.450997
G1 F900
G1 X182.719 Y178.765 E.02379
;WIDTH:0.44649
G1 X182.896 Y179.269 E.01792
;WIDTH:0.447123
G1 X182.98 Y179.79 E.01774
;WIDTH:0.448916
G1 X182.971 Y180.318 E.01782
G1 X182.812 Y181 E.02365
;WIDTH:0.44768
G1 X182.549 Y181.556 E.02069
M73 P83 R1
;WIDTH:0.448807
G1 X182.234 Y181.984 E.01793
;WIDTH:0.451282
G1 X181.863 Y182.336 E.01737
G1 X181.332 Y182.671 E.02133
;WIDTH:0.448934
G1 X180.673 Y182.911 E.02366
;WIDTH:0.451153
G1 X180.157 Y182.984 E.01768
G1 X179.616 Y182.963 E.01837
;WIDTH:0.447962
G1 X179.101 Y182.848 E.01779
;WIDTH:0.446531
G1 X178.614 Y182.645 E.01772
;WIDTH:0.445981
G1 X178.169 Y182.36 E.01769
;WIDTH:0.446858
G1 X177.782 Y182.001 E.01773
;WIDTH:0.448496
G1 X177.464 Y181.58 E.01781
;WIDTH:0.450894
G1 X177.227 Y181.114 E.01771
;WIDTH:0.448107
G1 X177.069 Y180.579 E.0188
;WIDTH:0.446638
G1 X177.014 Y180.078 E.01693
G1 X177.047 Y179.551 E.01772
;WIDTH:0.445935
G1 X177.173 Y179.038 E.01769
;WIDTH:0.446734
G1 X177.386 Y178.555 E.01773
;WIDTH:0.448297
G1 X177.68 Y178.117 E.0178
;WIDTH:0.450627
G1 X178.048 Y177.737 E.01792
G1 X178.477 Y177.43 E.0179
;WIDTH:0.44834
G1 X178.953 Y177.202 E.0178
;WIDTH:0.446755
G1 X179.463 Y177.062 E.01773
;WIDTH:0.445942
G1 X179.988 Y177.017 E.01769
;WIDTH:0.44753
G1 X180.514 Y177.057 E.01774
G1 X181.024 Y177.194 E.01776
;WIDTH:0.446293
G1 X181.502 Y177.419 E.01771
;WIDTH:0.446127
G1 X181.933 Y177.723 E.0177
;WIDTH:0.450997
G1 X182.329 Y178.136 E.01939
M204 T2500
G1 X182.718 Y177.893 F24000
;WIDTH:0.459294
G1 F900
G1 X183.015 Y178.357 E.01906
G1 X183.235 Y178.841 E.01843
;WIDTH:0.455173
G1 X183.375 Y179.355 E.01825
;WIDTH:0.454141
G1 X183.435 Y179.884 E.01821
;WIDTH:0.452342
G1 X183.417 Y180.399 E.01755
;WIDTH:0.459247
G1 X183.303 Y180.938 E.01906
G1 X183.128 Y181.422 E.01781
;WIDTH:0.457645
G1 X182.873 Y181.89 E.01837
;WIDTH:0.452449
G1 X182.547 Y182.312 E.01815
;WIDTH:0.450131
G1 X182.131 Y182.697 E.0192
;WIDTH:0.457186
G1 X181.702 Y182.984 E.01778
;WIDTH:0.459807
G1 X181.237 Y183.204 E.01784
G1 X180.728 Y183.362 E.01847
;WIDTH:0.450203
G1 X180.169 Y183.433 E.01908
;WIDTH:0.453337
G1 X179.65 Y183.419 E.01774
;WIDTH:0.454753
G1 X179.126 Y183.323 E.01824
;WIDTH:0.455404
G1 X178.623 Y183.148 E.01827
G1 X178.167 Y182.908 E.01766
;WIDTH:0.455289
G1 X177.74 Y182.59 E.01827
;WIDTH:0.454409
G1 X177.366 Y182.21 E.01823
;WIDTH:0.452764
G1 X177.055 Y181.777 E.01816
;WIDTH:0.450428
G1 X176.809 Y181.278 E.01886
;WIDTH:0.453155
G1 X176.652 Y180.776 E.01797
;WIDTH:0.454647
G1 X176.573 Y180.249 E.01824
;WIDTH:0.455371
G1 X176.576 Y179.716 E.01827
G1 X176.656 Y179.207 E.01766
G1 X176.818 Y178.7 E.01827
;WIDTH:0.454531
G1 X177.056 Y178.223 E.01824
;WIDTH:0.452963
G1 X177.378 Y177.776 E.01879
;WIDTH:0.450627
G1 X177.809 Y177.355 E.02042
;WIDTH:0.448298
G1 X178.305 Y177.015 E.02029
;WIDTH:0.446735
G1 X178.853 Y176.766 E.0202
;WIDTH:0.445936
G1 X179.436 Y176.615 E.02016
G1 X179.974 Y176.578 E.01807
;WIDTH:0.45327
G1 X180.49 Y176.599 E.01765
;WIDTH:0.454986
G1 X181.002 Y176.713 E.01798
;WIDTH:0.455445
G1 X181.498 Y176.908 E.01827
G1 X181.944 Y177.165 E.01767
;WIDTH:0.45514
G1 X182.359 Y177.5 E.01826
G1 X182.691 Y177.864 E.01689
; stop printing object obj_2_MOLD.stl id:0 copy 0
;LAYER_CHANGE
;Z:10
;HEIGHT:0.2
;BEFORE_LAYER_CHANGE
G92 E0.0
;10
G1 E-.47938 F2100
;WIPE_START
G1 F6549.9
G1 X183.015 Y178.357 E-.18911
G1 X183.184 Y178.73 E-.1315
;WIPE_END
M486 S-1
;AFTER_LAYER_CHANGE
;10
;_SET_FAN_SPEED_CHANGING_LAYER
; printing object obj_2_MOLD.stl id:0 copy 0
M486 S0
G1 X182.12 Y177.91 Z10 F24000
G1 E.8 F4800
;WIDTH:0.447626
G1 F900
G1 X182.454 Y178.316 E.01771
;WIDTH:0.446349
G1 X182.712 Y178.775 E.01764
;WIDTH:0.446109
G1 X182.886 Y179.271 E.01764
;WIDTH:0.447132
G1 X182.969 Y179.791 E.01768
;WIDTH:0.448918
G1 X182.961 Y180.317 E.01776
;WIDTH:0.452376
G1 X182.863 Y180.813 E.01721
G1 X182.667 Y181.323 E.01863
;WIDTH:0.447757
G1 X182.392 Y181.772 E.0177
;WIDTH:0.446444
G1 X182.042 Y182.165 E.01765
;WIDTH:0.446192
G1 X181.629 Y182.491 E.01764
;WIDTH:0.446995
G1 X181.165 Y182.739 E.01767
;WIDTH:0.448703
G1 X180.665 Y182.902 E.01775
;WIDTH:0.451147
G1 X180.157 Y182.973 E.01742
G1 X179.618 Y182.952 E.01831
;WIDTH:0.447969
G1 X179.104 Y182.838 E.01772
;WIDTH:0.446546
G1 X178.619 Y182.636 E.01765
;WIDTH:0.445994
G1 X178.176 Y182.352 E.01763
;WIDTH:0.446867
G1 X177.79 Y181.994 E.01767
;WIDTH:0.448798
G1 X177.473 Y181.574 E.01776
;WIDTH:0.450833
G1 X177.236 Y181.11 E.01767
;WIDTH:0.448112
G1 X177.08 Y180.577 E.0187
;WIDTH:0.446655
G1 X177.025 Y180.078 E.01687
G1 X177.058 Y179.553 E.01766
;WIDTH:0.446431
G1 X177.188 Y179.026 E.0182
;WIDTH:0.44673
G1 X177.395 Y178.56 E.01712
;WIDTH:0.448301
G1 X177.688 Y178.124 E.01773
;WIDTH:0.450622
G1 X178.054 Y177.745 E.01786
G1 X178.482 Y177.439 E.01783
;WIDTH:0.44835
G1 X178.957 Y177.212 E.01774
;WIDTH:0.446769
G1 X179.464 Y177.073 E.01767
;WIDTH:0.445957
G1 X180.243 Y177.037 E.02613
;WIDTH:0.447277
G1 X180.77 Y177.124 E.01794
;WIDTH:0.44912
G1 X181.266 Y177.305 E.01785
;WIDTH:0.449666
G1 X181.719 Y177.568 E.01772
G1 X182.089 Y177.884 E.01645
G1 X182.364 Y177.52 F24000
;WIDTH:0.454926
G1 F900
G1 X182.718 Y177.915 E.01819
;WIDTH:0.455416
G1 X183.008 Y178.361 E.01821
G1 X183.225 Y178.845 E.01821
;WIDTH:0.455153
G1 X183.365 Y179.357 E.0182
;WIDTH:0.454124
G1 X183.425 Y179.885 E.01816
;WIDTH:0.452331
G1 X183.406 Y180.398 E.01749
G1 X183.303 Y180.919 E.01809
;WIDTH:0.453432
G1 X183.112 Y181.434 E.01873
;WIDTH:0.454835
G1 X182.852 Y181.897 E.01819
;WIDTH:0.455378
G1 X182.525 Y182.315 E.01821
G1 X182.137 Y182.678 E.0182
;WIDTH:0.455027
G1 X181.714 Y182.968 E.0176
;WIDTH:0.454261
G1 X181.235 Y183.198 E.01817
;WIDTH:0.45254
G1 X180.726 Y183.352 E.0181
;WIDTH:0.450201
G1 X180.169 Y183.423 E.01902
;WIDTH:0.453325
G1 X179.651 Y183.409 E.01768
;WIDTH:0.454735
G1 X179.128 Y183.313 E.01819
;WIDTH:0.45538
G1 X178.627 Y183.138 E.01821
G1 X178.173 Y182.899 E.0176
;WIDTH:0.45527
G1 X177.747 Y182.582 E.01821
;WIDTH:0.454392
G1 X177.374 Y182.203 E.01818
;WIDTH:0.45277
G1 X177.073 Y181.787 E.01751
;WIDTH:0.450433
G1 X176.818 Y181.275 E.01938
;WIDTH:0.453141
G1 X176.662 Y180.773 E.01792
;WIDTH:0.454624
G1 X176.583 Y180.248 E.01818
;WIDTH:0.455351
G1 X176.586 Y179.717 E.01821
;WIDTH:0.455742
G1 X176.666 Y179.21 E.01762
G1 X176.827 Y178.704 E.01823
;WIDTH:0.454249
G1 X177.065 Y178.229 E.01817
;WIDTH:0.45295
G1 X177.363 Y177.81 E.01752
;WIDTH:0.450622
G1 X177.745 Y177.416 E.0186
;WIDTH:0.452952
G1 X178.188 Y177.092 E.01871
;WIDTH:0.454515
G1 X178.659 Y176.847 E.01818
;WIDTH:0.455314
G1 X179.163 Y176.679 E.01821
;WIDTH:0.459374
G1 X179.687 Y176.593 E.0184
G1 X180.489 Y176.61 E.02777
;WIDTH:0.453839
G1 X181 Y176.722 E.01787
;WIDTH:0.45211
G1 X181.52 Y176.929 E.01905
;WIDTH:0.449666
G1 X181.974 Y177.2 E.01789
;WIDTH:0.453662
G1 X182.333 Y177.495 E.01586
; stop printing object obj_2_MOLD.stl id:0 copy 0
;LAYER_CHANGE
;Z:10.2
;HEIGHT:0.2
;BEFORE_LAYER_CHANGE
G92 E0.0
;10.2
G1 E-.48053 F2100
;WIPE_START
G1 F6573.469
G1 X182.718 Y177.915 E-.18224
G1 X182.952 Y178.276 E-.13723
;WIPE_END
M486 S-1
;AFTER_LAYER_CHANGE
;10.2
;_SET_FAN_SPEED_CHANGING_LAYER
; printing object obj_2_MOLD.stl id:0 copy 0
M486 S0
G1 X182.112 Y177.917 Z10.2 F24000
G1 E.8 F4800
;WIDTH:0.447637
G1 F900
G1 X182.445 Y178.322 E.01764
;WIDTH:0.446367
G1 X182.702 Y178.779 E.01759
;WIDTH:0.446122
G1 X182.875 Y179.274 E.01757
;WIDTH:0.44714
G1 X182.959 Y179.791 E.01762
;WIDTH:0.44892
G1 X182.95 Y180.316 E.0177
;WIDTH:0.451393
G1 X182.854 Y180.811 E.01714
G1 X182.657 Y181.319 E.01848
;WIDTH:0.447806
G1 X182.383 Y181.765 E.01765
;WIDTH:0.446459
G1 X182.035 Y182.157 E.01759
;WIDTH:0.446061
G1 X181.623 Y182.482 E.01757
;WIDTH:0.447002
G1 X181.161 Y182.729 E.01761
;WIDTH:0.448707
G1 X180.663 Y182.892 E.01769
;WIDTH:0.45114
G1 X180.156 Y182.963 E.01737
G1 X179.619 Y182.942 E.01824
;WIDTH:0.447985
G1 X179.107 Y182.828 E.01766
;WIDTH:0.446561
G1 X178.623 Y182.627 E.01759
;WIDTH:0.446009
G1 X178.182 Y182.343 E.01757
;WIDTH:0.446878
G1 X177.798 Y181.987 E.01761
;WIDTH:0.448464
G1 X177.48 Y181.566 E.0178
;WIDTH:0.450883
G1 X177.246 Y181.107 E.01747
G1 X177.094 Y180.599 E.01799
;WIDTH:0.448168
G1 X177.035 Y180.077 E.01767
;WIDTH:0.446668
G1 X177.068 Y179.554 E.0176
;WIDTH:0.445964
G1 X177.192 Y179.045 E.01757
;WIDTH:0.446755
G1 X177.404 Y178.565 E.0176
;WIDTH:0.448307
G1 X177.697 Y178.13 E.01767
;WIDTH:0.450617
G1 X178.061 Y177.753 E.01779
G1 X178.487 Y177.448 E.01777
;WIDTH:0.448362
G1 X178.961 Y177.222 E.01768
;WIDTH:0.446784
G1 X179.466 Y177.083 E.01761
;WIDTH:0.445974
G1 X180.242 Y177.047 E.02604
;WIDTH:0.447284
G1 X180.767 Y177.135 E.01788
;WIDTH:0.449121
G1 X181.262 Y177.314 E.01779
;WIDTH:0.449674
G1 X181.713 Y177.577 E.01766
G1 X182.082 Y177.891 E.01639
G1 X182.357 Y177.528 F24000
;WIDTH:0.454905
G1 F900
G1 X182.71 Y177.922 E.01813
;WIDTH:0.455401
G1 X182.998 Y178.366 E.01815
M73 P84 R1
G1 X183.215 Y178.849 E.01815
;WIDTH:0.455134
G1 X183.355 Y179.359 E.01814
;WIDTH:0.454108
G1 X183.414 Y179.885 E.0181
;WIDTH:0.452321
G1 X183.396 Y180.397 E.01744
;WIDTH:0.45007
G1 X183.281 Y180.952 E.01919
;WIDTH:0.453483
G1 X183.102 Y181.429 E.0174
;WIDTH:0.454815
G1 X182.844 Y181.891 E.01813
;WIDTH:0.455385
G1 X182.517 Y182.308 E.01815
G1 X182.145 Y182.659 E.01755
;WIDTH:0.455196
G1 X181.708 Y182.959 E.01815
;WIDTH:0.454244
G1 X181.231 Y183.188 E.01811
;WIDTH:0.452533
G1 X180.724 Y183.341 E.01804
;WIDTH:0.4502
G1 X180.168 Y183.412 E.01896
;WIDTH:0.45331
G1 X179.652 Y183.398 E.01764
;WIDTH:0.454716
G1 X179.131 Y183.303 E.01813
;WIDTH:0.455364
G1 X178.631 Y183.129 E.01815
G1 X178.178 Y182.89 E.01755
;WIDTH:0.45525
G1 X177.753 Y182.574 E.01816
;WIDTH:0.454375
G1 X177.382 Y182.197 E.01812
;WIDTH:0.45274
G1 X177.073 Y181.766 E.01805
;WIDTH:0.450438
G1 X176.828 Y181.271 E.01874
;WIDTH:0.453128
G1 X176.672 Y180.771 E.01787
;WIDTH:0.45461
G1 X176.594 Y180.247 E.01812
;WIDTH:0.455331
G1 X176.597 Y179.718 E.01815
G1 X176.676 Y179.212 E.01755
G1 X176.837 Y178.708 E.01816
;WIDTH:0.454497
G1 X177.074 Y178.234 E.01812
;WIDTH:0.452939
G1 X177.371 Y177.817 E.01746
;WIDTH:0.450617
G1 X177.752 Y177.424 E.01855
;WIDTH:0.452939
G1 X178.193 Y177.101 E.01866
;WIDTH:0.454497
G1 X178.663 Y176.857 E.01812
;WIDTH:0.455293
G1 X179.165 Y176.689 E.01815
;WIDTH:0.459346
G1 X179.688 Y176.603 E.01835
G1 X180.487 Y176.62 E.02768
;WIDTH:0.453823
G1 X180.997 Y176.732 E.01781
;WIDTH:0.4521
G1 X181.515 Y176.939 E.01899
;WIDTH:0.449674
G1 X181.968 Y177.208 E.01783
;WIDTH:0.453652
G1 X182.326 Y177.502 E.01581
; stop printing object obj_2_MOLD.stl id:0 copy 0
;LAYER_CHANGE
;Z:10.4
;HEIGHT:0.2
;BEFORE_LAYER_CHANGE
G92 E0.0
;10.4
G1 E-.48054 F2100
;WIPE_START
G1 F6573.629
G1 X182.71 Y177.922 E-.18175
G1 X182.945 Y178.283 E-.1377
;WIPE_END
M486 S-1
;AFTER_LAYER_CHANGE
;10.4
;_SET_FAN_SPEED_CHANGING_LAYER
; printing object obj_2_MOLD.stl id:0 copy 0
M486 S0
G1 X182.28 Y178.119 Z10.4 F24000
G1 E.8 F4800
;WIDTH:0.44903
G1 F900
G1 X182.576 Y178.549 E.01764
;WIDTH:0.449804
G1 X182.792 Y179.025 E.01768
G1 X182.919 Y179.532 E.01768
;WIDTH:0.447733
G1 X182.955 Y180.053 E.01759
;WIDTH:0.446429
G1 X182.899 Y180.573 E.01753
;WIDTH:0.446103
G1 X182.753 Y181.074 E.01751
;WIDTH:0.44708
G1 X182.521 Y181.543 E.01755
;WIDTH:0.448813
G1 X182.211 Y181.963 E.01763
;WIDTH:0.451262
G1 X181.843 Y182.311 E.0172
G1 X181.268 Y182.667 E.02297
;WIDTH:0.448856
G1 X180.665 Y182.88 E.02159
;WIDTH:0.451134
G1 X180.155 Y182.953 E.01746
G1 X179.621 Y182.932 E.01817
;WIDTH:0.447996
G1 X179.111 Y182.818 E.0176
;WIDTH:0.446575
G1 X178.628 Y182.617 E.01753
;WIDTH:0.446023
G1 X178.189 Y182.335 E.01751
;WIDTH:0.446888
G1 X177.806 Y181.98 E.01755
;WIDTH:0.448466
G1 X177.489 Y181.56 E.01774
;WIDTH:0.450877
G1 X177.256 Y181.103 E.01742
G1 X177.105 Y180.596 E.01792
;WIDTH:0.44818
G1 X177.046 Y180.077 E.01761
;WIDTH:0.446682
G1 X177.078 Y179.556 E.01754
;WIDTH:0.445979
G1 X177.202 Y179.048 E.01751
;WIDTH:0.446766
G1 X177.413 Y178.571 E.01754
;WIDTH:0.44831
G1 X177.705 Y178.137 E.01761
;WIDTH:0.450611
G1 X178.068 Y177.761 E.01773
G1 X178.493 Y177.457 E.0177
;WIDTH:0.448373
G1 X178.964 Y177.232 E.01762
;WIDTH:0.446799
G1 X179.468 Y177.093 E.01754
;WIDTH:0.445989
G1 X179.988 Y177.048 E.01751
;WIDTH:0.447568
G1 X180.509 Y177.088 E.01756
G1 X181.013 Y177.224 E.01758
;WIDTH:0.446339
G1 X181.486 Y177.446 E.01752
;WIDTH:0.446167
G1 X181.913 Y177.747 E.01751
;WIDTH:0.447221
G1 X182.252 Y178.09 E.01622
G1 X182.349 Y177.535 F24000
;WIDTH:0.454022
G1 F900
G1 X182.703 Y177.927 E.01804
;WIDTH:0.452201
G1 X183.001 Y178.39 E.01872
;WIDTH:0.449804
G1 X183.214 Y178.873 E.01788
;WIDTH:0.453555
G1 X183.345 Y179.361 E.01724
;WIDTH:0.454843
G1 X183.403 Y179.886 E.01808
;WIDTH:0.455373
G1 X183.383 Y180.395 E.0175
G1 X183.281 Y180.913 E.0181
;WIDTH:0.455144
G1 X183.101 Y181.41 E.01809
;WIDTH:0.45416
G1 X182.847 Y181.872 E.01805
;WIDTH:0.452416
G1 X182.524 Y182.29 E.01798
;WIDTH:0.450128
G1 X182.112 Y182.672 E.01901
;WIDTH:0.459046
G1 X181.686 Y182.956 E.01771
G1 X181.226 Y183.176 E.01764
;WIDTH:0.457815
G1 X180.722 Y183.331 E.01821
;WIDTH:0.450197
G1 X180.168 Y183.402 E.0189
;WIDTH:0.453296
G1 X179.653 Y183.388 E.01758
;WIDTH:0.454699
G1 X179.134 Y183.293 E.01807
;WIDTH:0.455342
G1 X178.635 Y183.119 E.0181
G1 X178.184 Y182.881 E.01749
;WIDTH:0.45523
G1 X177.76 Y182.566 E.0181
;WIDTH:0.454358
G1 X177.39 Y182.19 E.01806
;WIDTH:0.452729
G1 X177.082 Y181.761 E.018
;WIDTH:0.450443
G1 X176.838 Y181.267 E.01868
;WIDTH:0.453116
G1 X176.682 Y180.768 E.01781
;WIDTH:0.454592
G1 X176.604 Y180.246 E.01807
;WIDTH:0.455311
G1 X176.607 Y179.719 E.0181
G1 X176.686 Y179.215 E.01749
G1 X176.847 Y178.712 E.0181
;WIDTH:0.454479
G1 X177.083 Y178.24 E.01807
;WIDTH:0.452927
G1 X177.402 Y177.796 E.01864
;WIDTH:0.450613
G1 X177.829 Y177.379 E.02023
;WIDTH:0.448309
G1 X178.321 Y177.042 E.0201
;WIDTH:0.446768
G1 X178.864 Y176.795 E.02002
;WIDTH:0.445979
G1 X179.441 Y176.646 E.01998
G1 X179.974 Y176.609 E.01788
;WIDTH:0.453225
G1 X180.486 Y176.63 E.0175
;WIDTH:0.454929
G1 X180.993 Y176.744 E.01781
;WIDTH:0.455384
G1 X181.484 Y176.936 E.0181
G1 X181.94 Y177.202 E.0181
;WIDTH:0.455081
G1 X182.318 Y177.51 E.01671
; stop printing object obj_2_MOLD.stl id:0 copy 0
;LAYER_CHANGE
;Z:10.6
;HEIGHT:0.200001
;BEFORE_LAYER_CHANGE
G92 E0.0
;10.6
G1 E-.47943 F2100
;WIPE_START
G1 F6550.838
G1 X182.703 Y177.927 E-.18185
G1 X182.937 Y178.291 E-.13872
;WIPE_END
M486 S-1
;AFTER_LAYER_CHANGE
;10.6
;_SET_FAN_SPEED_CHANGING_LAYER
; printing object obj_2_MOLD.stl id:0 copy 0
M486 S0
G1 X182.097 Y177.932 Z10.6 F24000
G1 E.8 F4800
;WIDTH:0.447662
G1 F900
G1 X182.428 Y178.334 E.01752
;WIDTH:0.446398
G1 X182.683 Y178.788 E.01746
;WIDTH:0.446149
G1 X182.855 Y179.279 E.01745
;WIDTH:0.447346
G1 X182.938 Y179.793 E.0175
;WIDTH:0.448797
G1 X182.929 Y180.316 E.01765
G1 X182.805 Y180.894 E.01998
G1 X182.515 Y181.531 E.02362
;WIDTH:0.449032
G1 X182.203 Y181.956 E.01779
;WIDTH:0.451214
G1 X181.836 Y182.304 E.01716
G1 X181.321 Y182.63 E.0207
;WIDTH:0.448358
G1 X180.664 Y182.869 E.02359
;WIDTH:0.451142
G1 X180.155 Y182.942 E.01745
G1 X179.622 Y182.921 E.01811
;WIDTH:0.448195
G1 X178.945 Y182.747 E.02357
;WIDTH:0.45105
G1 X178.412 Y182.482 E.02021
G1 X177.996 Y182.159 E.01785
;WIDTH:0.448098
G1 X177.648 Y181.772 E.01754
;WIDTH:0.447337
G1 X177.342 Y181.263 E.01998
;WIDTH:0.45428
G1 X177.133 Y180.659 E.02186
G1 X177.056 Y180.077 E.02008
;WIDTH:0.446465
G1 X177.089 Y179.558 E.01747
;WIDTH:0.44611
G1 X177.212 Y179.052 E.01745
;WIDTH:0.446267
G1 X177.423 Y178.576 E.01746
;WIDTH:0.448362
G1 X177.713 Y178.144 E.01755
;WIDTH:0.450609
G1 X178.075 Y177.769 E.01767
G1 X178.498 Y177.466 E.01764
;WIDTH:0.448382
G1 X178.968 Y177.242 E.01755
;WIDTH:0.446814
G1 X179.47 Y177.103 E.01748
;WIDTH:0.446007
G1 X180.241 Y177.068 E.02586
;WIDTH:0.447301
G1 X180.761 Y177.155 E.01775
;WIDTH:0.449122
G1 X181.253 Y177.333 E.01766
;WIDTH:0.449688
G1 X181.701 Y177.594 E.01753
G1 X182.067 Y177.906 E.01626
G1 X182.331 Y177.53 F24000
;WIDTH:0.454867
G1 F900
G1 X182.684 Y177.92 E.01803
;WIDTH:0.455359
G1 X182.973 Y178.36 E.01805
G1 X183.191 Y178.839 E.01805
;WIDTH:0.455095
G1 X183.332 Y179.346 E.01804
;WIDTH:0.454086
G1 X183.393 Y179.873 E.01815
;WIDTH:0.451684
G1 X183.375 Y180.395 E.01774
;WIDTH:0.45529
G1 X183.271 Y180.911 E.01804
;WIDTH:0.46042
G1 X183.089 Y181.404 E.01826
G1 X182.838 Y181.867 E.01827
;WIDTH:0.45242
G1 X182.524 Y182.274 E.0175
;WIDTH:0.450058
G1 X182.106 Y182.664 E.01937
;WIDTH:0.45673
G1 X181.681 Y182.947 E.01756
;WIDTH:0.459903
G1 X181.222 Y183.165 E.01761
G1 X180.707 Y183.323 E.01869
;WIDTH:0.451142
G1 X180.198 Y183.392 E.01744
;WIDTH:0.453283
G1 X179.671 Y183.38 E.01796
;WIDTH:0.460415
G1 X179.154 Y183.285 E.01827
G1 X178.655 Y183.118 E.01826
;WIDTH:0.454367
G1 X178.189 Y182.874 E.01801
;WIDTH:0.453193
G1 X177.755 Y182.546 E.01855
;WIDTH:0.454629
G1 X177.389 Y182.168 E.01801
;WIDTH:0.457562
G1 X177.086 Y181.738 E.01814
G1 X176.858 Y181.284 E.01752
;WIDTH:0.45691
G1 X176.696 Y180.783 E.01811
;WIDTH:0.454561
G1 X176.615 Y180.263 E.01801
;WIDTH:0.454997
G1 X176.616 Y179.724 E.01847
;WIDTH:0.455261
G1 X176.696 Y179.217 E.01761
G1 X176.856 Y178.716 E.01804
;WIDTH:0.454431
G1 X177.091 Y178.25 E.01785
;WIDTH:0.453017
G1 X177.387 Y177.83 E.01751
;WIDTH:0.450609
G1 X177.766 Y177.44 E.01843
;WIDTH:0.452913
G1 X178.205 Y177.118 E.01854
;WIDTH:0.454462
G1 X178.672 Y176.876 E.01801
M73 P85 R1
;WIDTH:0.455254
G1 X179.171 Y176.709 E.01804
;WIDTH:0.459267
G1 X179.69 Y176.624 E.01823
G1 X180.463 Y176.636 E.02676
;WIDTH:0.453792
G1 X180.974 Y176.746 E.01786
;WIDTH:0.45208
G1 X181.466 Y176.935 E.01791
;WIDTH:0.451619
G1 X181.921 Y177.199 E.01789
;WIDTH:0.453622
G1 X182.299 Y177.505 E.01661
; stop printing object obj_2_MOLD.stl id:0 copy 0
;LAYER_CHANGE
;Z:10.8
;HEIGHT:0.2
;BEFORE_LAYER_CHANGE
G92 E0.0
;10.8
G1 E-.48057 F2100
;WIPE_START
G1 F6574.11
G1 X182.684 Y177.92 E-.18075
G1 X182.922 Y178.283 E-.13868
;WIPE_END
M486 S-1
;AFTER_LAYER_CHANGE
;10.8
;_SET_FAN_SPEED_CHANGING_LAYER
; printing object obj_2_MOLD.stl id:0 copy 0
M486 S0
G1 X182.09 Y177.939 Z10.8 F24000
G1 E.8 F4800
;WIDTH:0.447675
G1 F900
G1 X182.42 Y178.34 E.01746
;WIDTH:0.446411
G1 X182.674 Y178.792 E.0174
;WIDTH:0.446162
G1 X182.845 Y179.281 E.01739
;WIDTH:0.447167
G1 X182.927 Y179.793 E.01743
;WIDTH:0.448925
G1 X182.919 Y180.312 E.01751
;WIDTH:0.449942
G1 X182.819 Y180.821 E.01756
G1 X182.629 Y181.304 E.01757
;WIDTH:0.447842
G1 X182.358 Y181.747 E.01747
;WIDTH:0.446505
G1 X182.013 Y182.134 E.01741
;WIDTH:0.446102
G1 X181.606 Y182.456 E.01739
;WIDTH:0.447031
G1 X181.149 Y182.7 E.01743
;WIDTH:0.448713
G1 X180.656 Y182.861 E.0175
;WIDTH:0.451122
G1 X180.154 Y182.932 E.01719
G1 X179.623 Y182.911 E.01803
;WIDTH:0.448019
G1 X179.117 Y182.798 E.01748
;WIDTH:0.446605
G1 X178.638 Y182.599 E.01741
;WIDTH:0.446052
G1 X178.202 Y182.319 E.01739
;WIDTH:0.447211
G1 X177.817 Y181.961 E.01768
;WIDTH:0.448474
G1 X177.507 Y181.549 E.01737
;WIDTH:0.450865
G1 X177.276 Y181.095 E.0173
G1 X177.125 Y180.592 E.01779
;WIDTH:0.448201
G1 X177.067 Y180.077 E.01748
;WIDTH:0.446711
G1 X177.099 Y179.559 E.01742
;WIDTH:0.446007
G1 X177.222 Y179.055 E.01738
;WIDTH:0.446787
G1 X177.431 Y178.581 E.01742
;WIDTH:0.448319
G1 X177.721 Y178.15 E.01749
;WIDTH:0.450604
G1 X178.082 Y177.777 E.01761
G1 X178.503 Y177.475 E.01757
;WIDTH:0.448393
G1 X178.972 Y177.252 E.01749
;WIDTH:0.446828
G1 X179.472 Y177.114 E.01742
;WIDTH:0.44602
G1 X180.24 Y177.078 E.02576
;WIDTH:0.44731
G1 X180.758 Y177.165 E.01769
;WIDTH:0.449124
G1 X181.248 Y177.343 E.0176
;WIDTH:0.449695
G1 X181.695 Y177.603 E.01747
G1 X182.059 Y177.913 E.0162
M204 T5000
G1 E-.48362 F2100
;WIPE_START
G1 F6637.576
G1 X182.42 Y178.34 E-.17663
G1 X182.636 Y178.725 E-.13975
;WIPE_END
G1 X180.462 Y176.646 F24000
G1 E.8 F4800
;WIDTH:0.453776
G1 F900
G1 X180.971 Y176.756 E.01781
;WIDTH:0.452072
G1 X181.461 Y176.944 E.01786
;WIDTH:0.451612
G1 X181.915 Y177.207 E.01784
;WIDTH:0.453608
G1 X182.335 Y177.55 E.01852
;WIDTH:0.454849
G1 X182.685 Y177.941 E.01797
;WIDTH:0.455337
G1 X182.971 Y178.381 E.01798
G1 X183.185 Y178.859 E.01798
;WIDTH:0.455076
G1 X183.324 Y179.365 E.01797
;WIDTH:0.454061
G1 X183.383 Y179.886 E.01793
;WIDTH:0.45229
G1 X183.364 Y180.393 E.01727
;WIDTH:0.451367
G1 X183.263 Y180.908 E.01783
;WIDTH:0.453442
G1 X183.082 Y181.401 E.01791
;WIDTH:0.45476
G1 X182.828 Y181.86 E.01797
;WIDTH:0.455324
G1 X182.507 Y182.275 E.01799
G1 X182.125 Y182.635 E.01799
;WIDTH:0.455136
G1 X181.693 Y182.932 E.01798
;WIDTH:0.454195
G1 X181.22 Y183.159 E.01795
;WIDTH:0.4525
G1 X180.717 Y183.311 E.01788
;WIDTH:0.451122
G1 X180.197 Y183.381 E.01782
;WIDTH:0.45327
G1 X179.672 Y183.37 E.01791
;WIDTH:0.454662
G1 X179.156 Y183.278 E.01796
;WIDTH:0.4553
G1 X178.659 Y183.108 E.01799
G1 X178.195 Y182.864 E.01799
;WIDTH:0.45519
G1 X177.774 Y182.551 E.01799
;WIDTH:0.454446
G1 X177.406 Y182.177 E.01795
;WIDTH:0.452566
G1 X177.1 Y181.75 E.01788
;WIDTH:0.450865
G1 X176.865 Y181.281 E.01781
;WIDTH:0.453089
G1 X176.705 Y180.781 E.0179
;WIDTH:0.454556
G1 X176.625 Y180.262 E.01796
;WIDTH:0.45527
G1 X176.625 Y179.738 E.01799
G1 X176.706 Y179.219 E.01799
G1 X176.866 Y178.72 E.01799
;WIDTH:0.454444
G1 X177.101 Y178.25 E.01796
;WIDTH:0.452901
G1 X177.395 Y177.837 E.0173
;WIDTH:0.450604
G1 X177.773 Y177.448 E.01838
;WIDTH:0.452901
G1 X178.21 Y177.127 E.01849
;WIDTH:0.454445
G1 X178.676 Y176.886 E.01795
;WIDTH:0.455234
G1 X179.173 Y176.719 E.01798
;WIDTH:0.459227
G1 X179.691 Y176.634 E.01817
G1 X180.422 Y176.646 E.02529
; stop printing object obj_2_MOLD.stl id:0 copy 0
;LAYER_CHANGE
;Z:11
;HEIGHT:0.2
;BEFORE_LAYER_CHANGE
G92 E0.0
;11
G1 E-.47621 F2100
;WIPE_START
G1 F6485.598
G1 X180.971 Y176.756 E-.18148
G1 X181.382 Y176.913 E-.14232
;WIPE_END
M486 S-1
;AFTER_LAYER_CHANGE
;11
;_SET_FAN_SPEED_CHANGING_LAYER
; printing object obj_2_MOLD.stl id:0 copy 0
M204 T2500
M486 S0
G1 X180.239 Y177.089 Z11 F24000
G1 E.8 F4800
;WIDTH:0.447318
G1 F900
G1 X180.756 Y177.175 E.01763
;WIDTH:0.449125
G1 X181.244 Y177.352 E.01754
;WIDTH:0.449702
G1 X181.689 Y177.611 E.01741
G1 X182.082 Y177.947 E.01749
;WIDTH:0.447687
G1 X182.411 Y178.346 E.0174
;WIDTH:0.446428
G1 X182.664 Y178.796 E.01734
;WIDTH:0.446175
G1 X182.835 Y179.284 E.01733
;WIDTH:0.447176
G1 X182.917 Y179.794 E.01737
;WIDTH:0.448926
G1 X182.909 Y180.311 E.01745
;WIDTH:0.449946
G1 X182.809 Y180.818 E.0175
G1 X182.62 Y181.3 E.0175
;WIDTH:0.447854
G1 X182.35 Y181.74 E.01741
;WIDTH:0.44652
G1 X182.006 Y182.127 E.01734
;WIDTH:0.446116
G1 X181.601 Y182.447 E.01733
;WIDTH:0.455475
G1 X181.061 Y182.719 E.02073
G1 X180.622 Y182.859 E.01579
;WIDTH:0.450082
G1 X180.114 Y182.923 E.01734
;WIDTH:0.447887
G1 X179.602 Y182.897 E.01727
;WIDTH:0.446349
G1 X179.102 Y182.783 E.01721
;WIDTH:0.445464
G1 X178.629 Y182.583 E.01717
;WIDTH:0.446066
G1 X178.208 Y182.31 E.01681
;WIDTH:0.446918
G1 X177.829 Y181.959 E.01736
;WIDTH:0.448478
G1 X177.515 Y181.544 E.01755
;WIDTH:0.45086
G1 X177.285 Y181.091 E.01724
G1 X177.135 Y180.59 E.01772
;WIDTH:0.448212
G1 X177.077 Y180.077 E.01742
;WIDTH:0.446726
G1 X177.11 Y179.561 E.01735
;WIDTH:0.446022
G1 X177.232 Y179.059 E.01732
;WIDTH:0.446797
G1 X177.441 Y178.586 E.01735
;WIDTH:0.448323
G1 X177.729 Y178.157 E.01742
;WIDTH:0.450598
G1 X178.089 Y177.785 E.01755
G1 X178.509 Y177.484 E.01751
;WIDTH:0.448404
G1 X178.975 Y177.261 E.01743
;WIDTH:0.446842
G1 X179.473 Y177.124 E.01736
;WIDTH:0.446037
G1 X180.199 Y177.091 E.02433
G1 X180.46 Y176.657 F24000
;WIDTH:0.45376
G1 F900
G1 X180.968 Y176.766 E.01775
;WIDTH:0.452062
G1 X181.457 Y176.953 E.0178
;WIDTH:0.451602
G1 X181.91 Y177.216 E.01778
;WIDTH:0.453593
G1 X182.328 Y177.558 E.01846
;WIDTH:0.45483
G1 X182.677 Y177.948 E.01791
;WIDTH:0.455319
G1 X182.962 Y178.386 E.01793
G1 X183.176 Y178.863 E.01793
;WIDTH:0.455056
G1 X183.314 Y179.367 E.01791
;WIDTH:0.454043
G1 X183.373 Y179.887 E.01787
;WIDTH:0.452279
G1 X183.354 Y180.392 E.01721
;WIDTH:0.451364
G1 X183.253 Y180.905 E.01777
;WIDTH:0.453428
G1 X183.073 Y181.397 E.01786
;WIDTH:0.454741
G1 X182.819 Y181.854 E.01791
;WIDTH:0.455304
G1 X182.499 Y182.268 E.01793
G1 X182.118 Y182.626 E.01793
;WIDTH:0.455116
G1 X181.688 Y182.923 E.01793
;WIDTH:0.455475
G1 X181.215 Y183.148 E.01794
G1 X180.715 Y183.3 E.01795
;WIDTH:0.451115
G1 X180.196 Y183.371 E.01776
;WIDTH:0.453255
G1 X179.673 Y183.359 E.01785
;WIDTH:0.454644
G1 X179.158 Y183.268 E.01791
;WIDTH:0.455282
G1 X178.664 Y183.098 E.01793
G1 X178.201 Y182.855 E.01793
;WIDTH:0.45517
G1 X177.781 Y182.543 E.01793
;WIDTH:0.454307
G1 X177.414 Y182.17 E.01789
;WIDTH:0.452693
G1 X177.109 Y181.745 E.01783
;WIDTH:0.45086
G1 X176.874 Y181.277 E.01775
;WIDTH:0.453076
G1 X176.716 Y180.778 E.01784
;WIDTH:0.45454
G1 X176.635 Y180.262 E.0179
;WIDTH:0.455251
G1 X176.636 Y179.738 E.01793
G1 X176.717 Y179.222 E.01793
G1 X176.876 Y178.724 E.01793
;WIDTH:0.454426
G1 X177.11 Y178.256 E.0179
;WIDTH:0.45289
G1 X177.413 Y177.83 E.01784
;WIDTH:0.4506
G1 X177.78 Y177.456 E.01774
;WIDTH:0.45289
G1 X178.216 Y177.136 E.01843
;WIDTH:0.454427
G1 X178.68 Y176.896 E.01789
;WIDTH:0.455212
G1 X179.176 Y176.729 E.01792
;WIDTH:0.459192
G1 X179.692 Y176.645 E.01812
G1 X180.42 Y176.656 E.0252
; stop printing object obj_2_MOLD.stl id:0 copy 0
;LAYER_CHANGE
;Z:11.2
;HEIGHT:0.2
;BEFORE_LAYER_CHANGE
G92 E0.0
;11.2
G1 E-.47623 F2100
;WIPE_START
G1 F6486.143
G1 X180.968 Y176.766 E-.18094
G1 X181.38 Y176.924 E-.14283
;WIPE_END
M486 S-1
;AFTER_LAYER_CHANGE
;11.2
;_SET_FAN_SPEED_CHANGING_LAYER
; printing object obj_2_MOLD.stl id:0 copy 0
M486 S0
G1 X181.885 Y177.779 Z11.2 F24000
G1 E.8 F4800
;WIDTH:0.453167
G1 F900
G1 X182.314 Y178.232 E.02125
G1 X182.653 Y178.796 E.02246
;WIDTH:0.446435
G1 X182.825 Y179.286 E.01743
;WIDTH:0.447184
G1 X182.907 Y179.795 E.01731
;WIDTH:0.448928
G1 X182.898 Y180.31 E.01739
G1 X182.757 Y180.936 E.02169
;WIDTH:0.448232
G1 X182.488 Y181.516 E.02154
;WIDTH:0.448821
G1 X182.18 Y181.935 E.01754
;WIDTH:0.450077
G1 X181.805 Y182.289 E.01744
G1 X181.374 Y182.57 E.01745
;WIDTH:0.447952
G1 X180.899 Y182.771 E.01735
;WIDTH:0.446586
G1 X180.397 Y182.886 E.01729
;WIDTH:0.445971
G1 X179.883 Y182.911 E.01726
;WIDTH:0.447033
G1 X179.372 Y182.845 E.0173
;WIDTH:0.448618
G1 X178.881 Y182.691 E.01737
;WIDTH:0.450169
G1 X178.401 Y182.437 E.01838
M73 P86 R1
;WIDTH:0.448116
G1 X178.001 Y182.12 E.01722
;WIDTH:0.446422
G1 X177.661 Y181.738 E.01715
;WIDTH:0.448465
G1 X177.347 Y181.2 E.021
;WIDTH:0.453957
G1 X177.164 Y180.654 E.01969
G1 X177.087 Y180.076 E.0199
;WIDTH:0.446741
G1 X177.12 Y179.562 E.01729
;WIDTH:0.446037
G1 X177.242 Y179.062 E.01726
;WIDTH:0.446808
G1 X177.45 Y178.591 E.01729
;WIDTH:0.448328
G1 X177.737 Y178.164 E.01736
;WIDTH:0.450204
G1 X178.098 Y177.79 E.01759
G1 X178.514 Y177.493 E.01731
;WIDTH:0.448416
G1 X178.979 Y177.271 E.01737
;WIDTH:0.446856
G1 X179.475 Y177.134 E.0173
;WIDTH:0.446053
G1 X179.988 Y177.09 E.01726
;WIDTH:0.44751
G1 X180.501 Y177.13 E.01731
G1 X180.999 Y177.263 E.01733
;WIDTH:0.446502
G1 X181.465 Y177.482 E.01728
;WIDTH:0.446282
G1 X181.853 Y177.756 E.01593
M204 T5000
G1 E-.48627 F2100
;WIPE_START
G1 F6693.739
G1 X182.314 Y178.232 E-.20777
G1 X182.487 Y178.521 E-.10595
;WIPE_END
G1 X180.48 Y176.672 F24000
G1 E.8 F4800
;WIDTH:0.454616
G1 F900
G1 X180.989 Y176.786 E.01783
;WIDTH:0.455294
G1 X181.466 Y176.974 E.0176
G1 X181.909 Y177.23 E.01754
G1 X182.308 Y177.553 E.01761
G1 X182.68 Y177.969 E.01913
;WIDTH:0.458244
G1 X182.951 Y178.392 E.01734
G1 X183.166 Y178.867 E.01799
;WIDTH:0.455036
G1 X183.303 Y179.369 E.01786
;WIDTH:0.454026
G1 X183.362 Y179.887 E.01782
;WIDTH:0.452269
G1 X183.344 Y180.391 E.01716
;WIDTH:0.457531
G1 X183.233 Y180.918 E.01858
;WIDTH:0.458783
G1 X183.061 Y181.391 E.0174
G1 X182.812 Y181.849 E.01803
;WIDTH:0.452374
G1 X182.493 Y182.262 E.01776
;WIDTH:0.451234
G1 X182.113 Y182.62 E.01771
;WIDTH:0.453329
G1 X181.682 Y182.914 E.0178
;WIDTH:0.454674
G1 X181.212 Y183.138 E.01785
;WIDTH:0.455273
G1 X180.712 Y183.288 E.01788
G1 X180.196 Y183.358 E.01787
;WIDTH:0.455107
G1 X179.667 Y183.347 E.01814
;WIDTH:0.45422
G1 X179.161 Y183.259 E.01756
;WIDTH:0.452581
G1 X178.667 Y183.091 E.01777
;WIDTH:0.450556
G1 X178.199 Y182.843 E.01795
;WIDTH:0.45316
G1 X177.775 Y182.523 E.01812
;WIDTH:0.454575
G1 X177.413 Y182.148 E.01785
;WIDTH:0.45879
G1 X177.122 Y181.737 E.01741
G1 X176.886 Y181.272 E.01802
;WIDTH:0.45446
G1 X176.726 Y180.776 E.01784
G1 X176.646 Y180.261 E.01784
;WIDTH:0.45523
G1 X176.646 Y179.739 E.01788
G1 X176.727 Y179.224 E.01787
G1 X176.886 Y178.728 E.01787
;WIDTH:0.454409
G1 X177.119 Y178.261 E.01784
;WIDTH:0.452877
G1 X177.435 Y177.822 E.01844
;WIDTH:0.450566
G1 X177.856 Y177.41 E.01997
;WIDTH:0.448455
G1 X178.342 Y177.078 E.01986
;WIDTH:0.446811
G1 X178.878 Y176.834 E.01977
;WIDTH:0.446036
G1 X179.449 Y176.687 E.01974
G1 X179.973 Y176.651 E.01764
;WIDTH:0.453153
G1 X180.44 Y176.67 E.01594
; stop printing object obj_2_MOLD.stl id:0 copy 0
;LAYER_CHANGE
;Z:11.4
;HEIGHT:0.2
;BEFORE_LAYER_CHANGE
G92 E0.0
;11.4
G1 E-.48093 F2100
;WIPE_START
G1 F6581.625
G1 X180.989 Y176.786 E-.17878
G1 X181.398 Y176.947 E-.14029
;WIPE_END
M486 S-1
;AFTER_LAYER_CHANGE
;11.4
;_SET_FAN_SPEED_CHANGING_LAYER
; printing object obj_2_MOLD.stl id:0 copy 0
M204 T2500
M486 S0
G1 X180.237 Y177.11 Z11.4 F24000
G1 E.8 F4800
;WIDTH:0.447334
G1 F900
G1 X180.75 Y177.195 E.0175
;WIDTH:0.449126
G1 X181.235 Y177.371 E.01741
;WIDTH:0.449716
G1 X181.677 Y177.628 E.01728
G1 X182.067 Y177.961 E.01737
;WIDTH:0.447712
G1 X182.374 Y178.332 E.01619
;WIDTH:0.447546
G1 X182.644 Y178.802 E.01825
;WIDTH:0.446223
G1 X182.814 Y179.289 E.0173
;WIDTH:0.447194
G1 X182.896 Y179.795 E.01725
;WIDTH:0.448929
G1 X182.888 Y180.309 E.01733
;WIDTH:0.44996
G1 X182.789 Y180.812 E.01737
G1 X182.601 Y181.29 E.01738
;WIDTH:0.447878
G1 X182.333 Y181.728 E.01728
;WIDTH:0.446551
G1 X181.992 Y182.111 E.01722
;WIDTH:0.446144
G1 X181.589 Y182.429 E.0172
;WIDTH:0.455654
G1 X181.053 Y182.699 E.0206
G1 X180.618 Y182.838 E.01568
;WIDTH:0.450075
G1 X180.113 Y182.902 E.01722
;WIDTH:0.447898
G1 X179.605 Y182.876 E.01715
;WIDTH:0.446372
G1 X179.108 Y182.763 E.01708
;WIDTH:0.445494
G1 X178.639 Y182.564 E.01705
;WIDTH:0.445688
G1 X178.212 Y182.287 E.01705
;WIDTH:0.446937
G1 X177.845 Y181.945 E.01686
;WIDTH:0.448484
G1 X177.533 Y181.533 E.01743
;WIDTH:0.450466
G1 X177.303 Y181.078 E.01728
G1 X177.156 Y180.586 E.0174
;WIDTH:0.448236
G1 X177.098 Y180.076 E.0173
;WIDTH:0.446755
G1 X177.13 Y179.564 E.01723
;WIDTH:0.446051
G1 X177.252 Y179.066 E.0172
;WIDTH:0.446818
G1 X177.459 Y178.596 E.01723
;WIDTH:0.448331
G1 X177.745 Y178.17 E.0173
;WIDTH:0.450591
G1 X178.102 Y177.8 E.01743
G1 X178.519 Y177.502 E.01738
;WIDTH:0.448424
G1 X178.982 Y177.281 E.01731
;WIDTH:0.44687
G1 X179.477 Y177.145 E.01724
;WIDTH:0.446069
G1 X180.197 Y177.111 E.02415
G1 X180.457 Y176.678 F24000
;WIDTH:0.453729
G1 F900
G1 X180.962 Y176.786 E.01764
;WIDTH:0.452043
G1 X181.448 Y176.972 E.01769
;WIDTH:0.451587
G1 X181.898 Y177.233 E.01767
;WIDTH:0.453564
G1 X182.314 Y177.573 E.01835
;WIDTH:0.453756
G1 X182.661 Y177.96 E.01775
;WIDTH:0.456979
G1 X182.943 Y178.397 E.01789
G1 X183.156 Y178.87 E.01788
;WIDTH:0.455016
G1 X183.293 Y179.371 E.0178
;WIDTH:0.454011
G1 X183.352 Y179.887 E.01776
;WIDTH:0.452259
G1 X183.333 Y180.39 E.0171
;WIDTH:0.45135
G1 X183.232 Y180.9 E.01766
;WIDTH:0.453399
G1 X183.054 Y181.388 E.01775
;WIDTH:0.454704
G1 X182.802 Y181.843 E.0178
;WIDTH:0.455264
G1 X182.483 Y182.253 E.01782
G1 X182.105 Y182.61 E.01782
;WIDTH:0.455078
G1 X181.677 Y182.905 E.01781
;WIDTH:0.455654
G1 X181.208 Y183.128 E.01784
G1 X180.71 Y183.28 E.01784
;WIDTH:0.451103
G1 X180.195 Y183.35 E.01765
;WIDTH:0.453229
G1 X179.675 Y183.339 E.01774
;WIDTH:0.454607
G1 X179.163 Y183.248 E.01779
;WIDTH:0.455241
G1 X178.672 Y183.079 E.01782
G1 X178.212 Y182.837 E.01782
;WIDTH:0.455129
G1 X177.795 Y182.527 E.01782
;WIDTH:0.454273
G1 X177.43 Y182.156 E.01778
;WIDTH:0.45267
G1 X177.127 Y181.734 E.01772
;WIDTH:0.450849
G1 X176.894 Y181.269 E.01764
;WIDTH:0.453051
G1 X176.736 Y180.774 E.01773
;WIDTH:0.454503
G1 X176.656 Y180.26 E.01779
;WIDTH:0.45521
G1 X176.657 Y179.74 E.01782
G1 X176.737 Y179.227 E.01782
G1 X176.895 Y178.732 E.01782
;WIDTH:0.454391
G1 X177.128 Y178.267 E.01779
;WIDTH:0.452866
G1 X177.419 Y177.857 E.01713
;WIDTH:0.450591
G1 X177.794 Y177.472 E.01822
;WIDTH:0.452864
G1 X178.227 Y177.154 E.01832
;WIDTH:0.454392
G1 X178.688 Y176.915 E.01778
;WIDTH:0.455172
G1 X179.181 Y176.75 E.01781
;WIDTH:0.459117
G1 X179.694 Y176.665 E.018
G1 X180.417 Y176.677 E.02503
; stop printing object obj_2_MOLD.stl id:0 copy 0
;LAYER_CHANGE
;Z:11.6
;HEIGHT:0.200001
;BEFORE_LAYER_CHANGE
G92 E0.0
;11.6
G1 E-.47629 F2100
;WIPE_START
G1 F6487.312
G1 X180.962 Y176.786 E-.17986
G1 X181.377 Y176.945 E-.14385
;WIPE_END
M486 S-1
;AFTER_LAYER_CHANGE
;11.6
;_SET_FAN_SPEED_CHANGING_LAYER
; printing object obj_2_MOLD.stl id:0 copy 0
M486 S0
G1 X180.236 Y177.12 Z11.6 F24000
G1 E.8 F4800
;WIDTH:0.447342
G1 F900
G1 X180.747 Y177.205 E.01744
;WIDTH:0.449127
G1 X181.23 Y177.381 E.01735
;WIDTH:0.449723
G1 X181.67 Y177.637 E.01722
G1 X182.06 Y177.968 E.0173
;WIDTH:0.447725
G1 X182.385 Y178.363 E.01721
;WIDTH:0.446474
G1 X182.636 Y178.809 E.01716
;WIDTH:0.446217
G1 X182.804 Y179.291 E.01714
;WIDTH:0.447202
G1 X182.886 Y179.796 E.01719
;WIDTH:0.448932
G1 X182.877 Y180.307 E.01726
;WIDTH:0.449966
G1 X182.779 Y180.809 E.01731
G1 X182.592 Y181.286 E.01732
;WIDTH:0.44789
G1 X182.324 Y181.721 E.01722
;WIDTH:0.446565
G1 X181.985 Y182.104 E.01716
;WIDTH:0.446158
G1 X181.584 Y182.42 E.01714
;WIDTH:0.44707
G1 X181.133 Y182.662 E.01718
;WIDTH:0.448724
G1 X180.647 Y182.82 E.01725
;WIDTH:0.450214
G1 X180.14 Y182.891 E.01732
G1 X179.629 Y182.869 E.01733
;WIDTH:0.448065
G1 X179.13 Y182.759 E.01723
;WIDTH:0.446666
G1 X178.658 Y182.562 E.01716
;WIDTH:0.446108
G1 X178.228 Y182.286 E.01714
;WIDTH:0.446948
G1 X177.853 Y181.938 E.01718
;WIDTH:0.448487
G1 X177.542 Y181.527 E.01736
;WIDTH:0.450472
G1 X177.312 Y181.074 E.01721
G1 X177.166 Y180.584 E.01734
;WIDTH:0.448247
G1 X177.108 Y180.076 E.01724
;WIDTH:0.446771
G1 X177.141 Y179.566 E.01717
;WIDTH:0.446065
G1 X177.262 Y179.069 E.01714
;WIDTH:0.446828
G1 X177.468 Y178.601 E.01717
;WIDTH:0.448336
G1 X177.753 Y178.177 E.01724
;WIDTH:0.450586
G1 X178.109 Y177.808 E.01737
G1 X178.524 Y177.511 E.01731
;WIDTH:0.448435
G1 X178.986 Y177.291 E.01724
;WIDTH:0.446886
G1 X179.479 Y177.155 E.01717
;WIDTH:0.446084
G1 X180.196 Y177.122 E.02406
G1 X180.456 Y176.688 F24000
;WIDTH:0.453713
G1 F900
G1 X180.959 Y176.796 E.01758
;WIDTH:0.452033
G1 X181.443 Y176.982 E.01764
;WIDTH:0.45158
G1 X181.892 Y177.242 E.01762
;WIDTH:0.45355
G1 X182.306 Y177.581 E.01829
;WIDTH:0.454773
G1 X182.652 Y177.967 E.01774
;WIDTH:0.455257
G1 X182.934 Y178.401 E.01776
G1 X183.146 Y178.874 E.01776
;WIDTH:0.454997
G1 X183.283 Y179.373 E.01774
;WIDTH:0.453994
G1 X183.341 Y179.888 E.01771
;WIDTH:0.452248
G1 X183.323 Y180.388 E.01705
;WIDTH:0.45134
G1 X183.222 Y180.897 E.01761
;WIDTH:0.453385
G1 X183.044 Y181.384 E.01769
M73 P87 R1
;WIDTH:0.454685
G1 X182.793 Y181.837 E.01774
;WIDTH:0.455242
G1 X182.476 Y182.246 E.01776
G1 X182.099 Y182.602 E.01776
;WIDTH:0.455058
G1 X181.672 Y182.895 E.01776
;WIDTH:0.454128
G1 X181.205 Y183.12 E.01772
;WIDTH:0.452456
G1 X180.708 Y183.27 E.01765
;WIDTH:0.451096
G1 X180.195 Y183.339 E.0176
;WIDTH:0.453214
G1 X179.676 Y183.328 E.01768
;WIDTH:0.454589
G1 X179.166 Y183.238 E.01774
;WIDTH:0.455222
G1 X178.676 Y183.069 E.01776
G1 X178.218 Y182.828 E.01776
;WIDTH:0.45511
G1 X177.802 Y182.519 E.01776
;WIDTH:0.454257
G1 X177.438 Y182.15 E.01772
;WIDTH:0.452658
G1 X177.136 Y181.729 E.01766
;WIDTH:0.450842
G1 X176.903 Y181.265 E.01759
;WIDTH:0.453037
G1 X176.746 Y180.771 E.01768
;WIDTH:0.454485
G1 X176.667 Y180.259 E.01773
;WIDTH:0.45519
G1 X176.667 Y179.741 E.01776
G1 X176.747 Y179.229 E.01776
G1 X176.905 Y178.736 E.01776
;WIDTH:0.454374
G1 X177.137 Y178.272 E.01773
;WIDTH:0.452853
G1 X177.427 Y177.864 E.01707
;WIDTH:0.450586
G1 X177.8 Y177.48 E.01816
;WIDTH:0.452852
G1 X178.233 Y177.163 E.01826
;WIDTH:0.454375
G1 X178.692 Y176.924 E.01772
;WIDTH:0.455152
G1 X179.184 Y176.76 E.01775
;WIDTH:0.459078
G1 X179.695 Y176.676 E.01794
G1 X180.416 Y176.687 E.02494
; stop printing object obj_2_MOLD.stl id:0 copy 0
;LAYER_CHANGE
;Z:11.8
;HEIGHT:0.2
;BEFORE_LAYER_CHANGE
G92 E0.0
;11.8
G1 E-.47632 F2100
;WIPE_START
G1 F6487.92
G1 X180.959 Y176.796 E-.17931
G1 X181.376 Y176.956 E-.14437
;WIPE_END
M486 S-1
;AFTER_LAYER_CHANGE
;11.8
;_SET_FAN_SPEED_CHANGING_LAYER
; printing object obj_2_MOLD.stl id:0 copy 0
M486 S0
G1 X180.235 Y177.13 Z11.8 F24000
G1 E.8 F4800
;WIDTH:0.44735
G1 F900
G1 X180.745 Y177.215 E.01738
;WIDTH:0.449128
G1 X181.226 Y177.39 E.01729
;WIDTH:0.449731
G1 X181.664 Y177.645 E.01716
G1 X182.052 Y177.976 E.01724
;WIDTH:0.447737
G1 X182.376 Y178.369 E.01715
;WIDTH:0.446489
G1 X182.626 Y178.813 E.01709
;WIDTH:0.44623
G1 X182.794 Y179.294 E.01708
;WIDTH:0.44721
G1 X182.875 Y179.797 E.01712
;WIDTH:0.448934
G1 X182.867 Y180.306 E.0172
G1 X182.709 Y180.977 E.02327
;WIDTH:0.447535
G1 X182.46 Y181.501 E.01952
;WIDTH:0.448828
G1 X182.156 Y181.914 E.01729
;WIDTH:0.450094
G1 X181.786 Y182.264 E.01725
G1 X181.196 Y182.62 E.02334
;WIDTH:0.448653
G1 X180.647 Y182.809 E.01958
;WIDTH:0.451093
G1 X180.151 Y182.879 E.017
G1 X179.63 Y182.859 E.01769
;WIDTH:0.448077
G1 X179.07 Y182.726 E.01942
;WIDTH:0.450907
G1 X178.447 Y182.43 E.02339
G1 X178.039 Y182.113 E.01751
;WIDTH:0.448167
G1 X177.698 Y181.734 E.01717
;WIDTH:0.449605
G1 X177.353 Y181.138 E.0233
;WIDTH:0.451613
G1 X177.177 Y180.585 E.01973
;WIDTH:0.448703
G1 X177.119 Y180.076 E.01729
;WIDTH:0.446787
G1 X177.151 Y179.567 E.01711
;WIDTH:0.44608
G1 X177.272 Y179.072 E.01708
;WIDTH:0.446839
G1 X177.477 Y178.606 E.01711
;WIDTH:0.44834
G1 X177.761 Y178.184 E.01717
;WIDTH:0.450417
G1 X178.117 Y177.815 E.01734
G1 X178.53 Y177.52 E.0172
;WIDTH:0.448447
G1 X178.99 Y177.301 E.01718
;WIDTH:0.446899
G1 X179.481 Y177.165 E.01711
;WIDTH:0.446101
G1 X180.195 Y177.132 E.02397
G1 X180.455 Y176.698 F24000
;WIDTH:0.453697
G1 F900
G1 X180.956 Y176.806 E.01752
;WIDTH:0.452024
G1 X181.439 Y176.991 E.01758
;WIDTH:0.451572
G1 X181.886 Y177.25 E.01756
;WIDTH:0.453537
G1 X182.299 Y177.589 E.01824
;WIDTH:0.454755
G1 X182.644 Y177.973 E.01768
;WIDTH:0.455238
G1 X182.925 Y178.406 E.0177
G1 X183.136 Y178.877 E.0177
;WIDTH:0.454978
G1 X183.273 Y179.375 E.01769
;WIDTH:0.453979
G1 X183.331 Y179.888 E.01765
;WIDTH:0.452238
G1 X183.312 Y180.387 E.01699
;WIDTH:0.459336
G1 X183.203 Y180.907 E.01838
G1 X183.033 Y181.379 E.01737
;WIDTH:0.456863
G1 X182.785 Y181.832 E.01778
;WIDTH:0.452342
G1 X182.47 Y182.241 E.01759
;WIDTH:0.451213
G1 X182.093 Y182.595 E.01755
;WIDTH:0.460148
G1 X181.665 Y182.884 E.01792
G1 X181.2 Y183.108 E.01791
;WIDTH:0.455768
G1 X180.703 Y183.26 E.01785
;WIDTH:0.451093
G1 X180.194 Y183.329 E.01743
;WIDTH:0.453201
G1 X179.677 Y183.318 E.01763
;WIDTH:0.457151
G1 X179.169 Y183.226 E.01779
;WIDTH:0.458715
G1 X178.681 Y183.058 E.01785
G1 X178.219 Y182.819 E.01797
;WIDTH:0.453116
G1 X177.808 Y182.512 E.01752
;WIDTH:0.454522
G1 X177.447 Y182.142 E.01768
;WIDTH:0.459766
G1 X177.149 Y181.721 E.0179
G1 X176.913 Y181.261 E.0179
;WIDTH:0.453572
G1 X176.757 Y180.769 E.01764
;WIDTH:0.454468
G1 X176.677 Y180.258 E.01768
;WIDTH:0.455169
G1 X176.678 Y179.742 E.01771
G1 X176.757 Y179.231 E.0177
G1 X176.915 Y178.74 E.0177
;WIDTH:0.454357
G1 X177.146 Y178.278 E.01767
;WIDTH:0.45284
G1 X177.445 Y177.857 E.01761
;WIDTH:0.450571
G1 X177.81 Y177.485 E.01763
;WIDTH:0.452843
G1 X178.238 Y177.172 E.0181
;WIDTH:0.454359
G1 X178.697 Y176.934 E.01767
;WIDTH:0.455133
G1 X179.186 Y176.77 E.0177
;WIDTH:0.459038
G1 X179.696 Y176.686 E.01788
G1 X180.415 Y176.698 E.02486
; stop printing object obj_2_MOLD.stl id:0 copy 0
;LAYER_CHANGE
;Z:12
;HEIGHT:0.2
;BEFORE_LAYER_CHANGE
G92 E0.0
;12
G1 E-.47635 F2100
;WIPE_START
G1 F6488.544
G1 X180.956 Y176.806 E-.17877
G1 X181.374 Y176.966 E-.14488
;WIPE_END
M486 S-1
;AFTER_LAYER_CHANGE
;12
;_SET_FAN_SPEED_CHANGING_LAYER
; printing object obj_2_MOLD.stl id:0 copy 0
M486 S0
G1 X180.234 Y177.141 Z12 F24000
G1 E.8 F4800
;WIDTH:0.447359
G1 F900
G1 X180.742 Y177.226 E.01732
;WIDTH:0.449129
G1 X181.221 Y177.4 E.01723
;WIDTH:0.449737
G1 X181.658 Y177.654 E.0171
G1 X182.045 Y177.983 E.01718
;WIDTH:0.447749
G1 X182.367 Y178.375 E.01709
;WIDTH:0.446505
G1 X182.616 Y178.817 E.01703
;WIDTH:0.450169
G1 X182.809 Y179.411 E.02114
G1 X182.871 Y180.047 E.02162
;WIDTH:0.447207
G1 X182.817 Y180.556 E.01723
;WIDTH:0.446213
G1 X182.675 Y181.043 E.01702
;WIDTH:0.447153
G1 X182.45 Y181.498 E.01706
;WIDTH:0.44883
G1 X182.149 Y181.907 E.01713
;WIDTH:0.450101
G1 X181.78 Y182.256 E.01719
G1 X181.354 Y182.533 E.0172
;WIDTH:0.448
G1 X180.887 Y182.731 E.0171
;WIDTH:0.446646
G1 X180.392 Y182.844 E.01704
;WIDTH:0.446161
G1 X179.885 Y182.869 E.01702
;WIDTH:0.447027
G1 X179.382 Y182.804 E.01705
;WIDTH:0.448632
G1 X178.897 Y182.652 E.01712
;WIDTH:0.450266
G1 X178.424 Y182.402 E.01813
;WIDTH:0.448007
G1 X178.029 Y182.089 E.01697
;WIDTH:0.446467
G1 X177.695 Y181.713 E.0169
;WIDTH:0.448307
G1 X177.389 Y181.191 E.02039
;WIDTH:0.453932
G1 X177.204 Y180.644 E.01973
G1 X177.129 Y180.076 E.01958
;WIDTH:0.446799
G1 X177.161 Y179.569 E.01705
;WIDTH:0.446094
G1 X177.281 Y179.076 E.01701
;WIDTH:0.446849
G1 X177.486 Y178.612 E.01705
;WIDTH:0.448343
G1 X177.769 Y178.19 E.01711
;WIDTH:0.450577
G1 X178.123 Y177.824 E.01724
G1 X178.535 Y177.529 E.01718
;WIDTH:0.448457
G1 X178.993 Y177.311 E.01712
;WIDTH:0.446914
G1 X179.483 Y177.176 E.01705
;WIDTH:0.446116
G1 X180.194 Y177.143 E.02387
G1 X180.453 Y176.709 F24000
;WIDTH:0.453682
G1 F900
G1 X180.953 Y176.816 E.01747
;WIDTH:0.452013
G1 X181.434 Y177.001 E.01752
;WIDTH:0.451563
G1 X181.88 Y177.259 E.0175
;WIDTH:0.45352
G1 X182.28 Y177.583 E.01758
;WIDTH:0.454736
G1 X182.626 Y177.965 E.01763
;WIDTH:0.455216
G1 X182.909 Y178.395 E.01765
;WIDTH:0.457183
G1 X183.121 Y178.864 E.01773
G1 X183.261 Y179.359 E.01774
;WIDTH:0.456778
G1 X183.318 Y179.889 E.01833
G1 X183.3 Y180.368 E.0165
;WIDTH:0.45521
G1 X183.204 Y180.874 E.01764
;WIDTH:0.454989
G1 X183.031 Y181.358 E.01764
;WIDTH:0.454028
G1 X182.785 Y181.811 E.0176
;WIDTH:0.452331
G1 X182.473 Y182.22 E.01753
;WIDTH:0.451208
G1 X182.1 Y182.575 E.01748
;WIDTH:0.453273
G1 X181.676 Y182.868 E.01757
;WIDTH:0.454601
G1 X181.213 Y183.092 E.01762
;WIDTH:0.455191
G1 X180.72 Y183.242 E.01764
G1 X180.211 Y183.314 E.01764
;WIDTH:0.455043
G1 X179.696 Y183.307 E.01764
;WIDTH:0.454159
G1 X179.188 Y183.221 E.01761
;WIDTH:0.452535
G1 X178.7 Y183.058 E.01754
;WIDTH:0.450961
G1 X178.243 Y182.82 E.01747
;WIDTH:0.4531
G1 X177.829 Y182.514 E.01756
;WIDTH:0.454503
G1 X177.467 Y182.148 E.01761
;WIDTH:0.458463
G1 X177.168 Y181.73 E.01777
G1 X176.933 Y181.272 E.01778
;WIDTH:0.454789
G1 X176.772 Y180.783 E.01763
;WIDTH:0.45445
G1 X176.69 Y180.275 E.01761
;WIDTH:0.45515
G1 X176.688 Y179.76 E.01764
G1 X176.765 Y179.251 E.01764
G1 X176.919 Y178.76 E.01764
;WIDTH:0.45434
G1 X177.147 Y178.299 E.01761
;WIDTH:0.452827
G1 X177.443 Y177.877 E.01755
;WIDTH:0.450577
G1 X177.814 Y177.495 E.01805
;WIDTH:0.452826
G1 X178.244 Y177.18 E.01815
;WIDTH:0.45434
G1 X178.701 Y176.944 E.01761
;WIDTH:0.455113
G1 X179.189 Y176.78 E.01764
;WIDTH:0.459001
G1 X179.697 Y176.697 E.01783
G1 X180.413 Y176.708 E.02477
; stop printing object obj_2_MOLD.stl id:0 copy 0
;LAYER_CHANGE
;Z:12.2
;HEIGHT:0.2
;BEFORE_LAYER_CHANGE
G92 E0.0
;12.2
G1 E-.47638 F2100
;WIPE_START
G1 F6489.121
G1 X180.953 Y176.816 E-.17823
G1 X181.373 Y176.977 E-.14539
;WIPE_END
M486 S-1
;AFTER_LAYER_CHANGE
;12.2
;_SET_FAN_SPEED_CHANGING_LAYER
; printing object obj_2_MOLD.stl id:0 copy 0
M204 T5000
M486 S0
G1 X179.484 Y177.186 Z12.2 F24000
G1 E.8 F4800
;WIDTH:0.446132
G1 F900
G1 X180.233 Y177.151 E.02512
;WIDTH:0.447367
G1 X180.739 Y177.236 E.01726
M73 P88 R1
;WIDTH:0.44913
G1 X181.217 Y177.409 E.01716
;WIDTH:0.449744
G1 X181.652 Y177.662 E.01704
G1 X182.037 Y177.99 E.01712
;WIDTH:0.447762
G1 X182.359 Y178.381 E.01703
;WIDTH:0.446519
G1 X182.607 Y178.822 E.01697
;WIDTH:0.446256
G1 X182.774 Y179.299 E.01696
;WIDTH:0.447228
G1 X182.854 Y179.798 E.017
;WIDTH:0.452992
G1 X182.842 Y180.316 E.01766
G1 X182.74 Y180.826 E.01773
;WIDTH:0.447743
G1 X182.553 Y181.292 E.01689
;WIDTH:0.446301
G1 X182.288 Y181.718 E.01683
;WIDTH:0.445502
G1 X181.953 Y182.091 E.0168
;WIDTH:0.445822
G1 X181.557 Y182.4 E.01681
;WIDTH:0.44694
G1 X181.114 Y182.636 E.01686
;WIDTH:0.448701
G1 X180.637 Y182.791 E.01694
;WIDTH:0.450231
G1 X180.139 Y182.86 E.01703
G1 X179.633 Y182.838 E.01714
;WIDTH:0.4481
G1 X179.139 Y182.729 E.01704
;WIDTH:0.446709
G1 X178.673 Y182.534 E.01698
;WIDTH:0.446151
G1 X178.247 Y182.261 E.01695
;WIDTH:0.446978
G1 X177.876 Y181.917 E.01699
;WIDTH:0.448497
G1 X177.569 Y181.511 E.01718
;WIDTH:0.450488
G1 X177.342 Y181.063 E.01703
G1 X177.197 Y180.578 E.01715
;WIDTH:0.448279
G1 X177.14 Y180.075 E.01705
;WIDTH:0.446815
G1 X177.172 Y179.571 E.01698
;WIDTH:0.446109
G1 X177.291 Y179.079 E.01695
;WIDTH:0.446861
G1 X177.495 Y178.617 E.01698
;WIDTH:0.448348
G1 X177.778 Y178.197 E.01705
;WIDTH:0.450571
G1 X178.13 Y177.832 E.01718
G1 X178.54 Y177.538 E.01712
;WIDTH:0.448467
G1 X178.997 Y177.32 E.01706
;WIDTH:0.446929
G1 X179.446 Y177.197 E.01565
M204 T2500
G1 X180.452 Y176.719 F24000
;WIDTH:0.453666
G1 F900
G1 X180.95 Y176.826 E.01741
;WIDTH:0.452004
G1 X181.43 Y177.01 E.01747
;WIDTH:0.451555
G1 X181.874 Y177.268 E.01745
;WIDTH:0.453506
G1 X182.285 Y177.604 E.01812
;WIDTH:0.454718
G1 X182.627 Y177.986 E.01757
;WIDTH:0.455197
G1 X182.907 Y178.416 E.01759
G1 X183.117 Y178.884 E.01759
;WIDTH:0.454939
G1 X183.252 Y179.379 E.01758
;WIDTH:0.453945
G1 X183.31 Y179.889 E.01754
;WIDTH:0.452992
G1 X183.291 Y180.367 E.01631
G1 X183.195 Y180.871 E.0175
;WIDTH:0.453342
G1 X183.021 Y181.354 E.01751
;WIDTH:0.45463
G1 X182.775 Y181.804 E.01756
;WIDTH:0.45518
G1 X182.463 Y182.211 E.01759
G1 X182.092 Y182.565 E.01759
;WIDTH:0.454998
G1 X181.671 Y182.858 E.01758
;WIDTH:0.454077
G1 X181.209 Y183.083 E.01755
;WIDTH:0.452423
G1 X180.718 Y183.234 E.01748
;WIDTH:0.451075
G1 X180.21 Y183.306 E.01742
;WIDTH:0.453174
G1 X179.697 Y183.297 E.01751
;WIDTH:0.454535
G1 X179.191 Y183.21 E.01756
;WIDTH:0.455161
G1 X178.705 Y183.046 E.01759
G1 X178.25 Y182.81 E.01758
;WIDTH:0.455051
G1 X177.836 Y182.506 E.01758
;WIDTH:0.454206
G1 X177.475 Y182.142 E.01755
;WIDTH:0.452623
G1 X177.173 Y181.727 E.01749
;WIDTH:0.450828
G1 X176.94 Y181.269 E.01741
;WIDTH:0.452999
G1 X176.782 Y180.781 E.0175
;WIDTH:0.454433
G1 X176.701 Y180.274 E.01756
;WIDTH:0.45513
G1 X176.698 Y179.761 E.01759
G1 X176.775 Y179.254 E.01758
G1 X176.929 Y178.764 E.01759
;WIDTH:0.454321
G1 X177.156 Y178.304 E.01756
;WIDTH:0.452816
G1 X177.451 Y177.884 E.0175
;WIDTH:0.450572
G1 X177.821 Y177.503 E.01799
;WIDTH:0.452814
G1 X178.249 Y177.189 E.01809
;WIDTH:0.454323
G1 X178.705 Y176.953 E.01756
;WIDTH:0.455092
G1 X179.191 Y176.79 E.01759
;WIDTH:0.458963
G1 X179.698 Y176.707 E.01777
G1 X180.412 Y176.718 E.02468
; stop printing object obj_2_MOLD.stl id:0 copy 0
;LAYER_CHANGE
;Z:12.4
;HEIGHT:0.2
;BEFORE_LAYER_CHANGE
G92 E0.0
;12.4
G1 E-.47641 F2100
;WIPE_START
G1 F6489.713
G1 X180.95 Y176.826 E-.17769
G1 X181.371 Y176.988 E-.1459
;WIPE_END
M486 S-1
;AFTER_LAYER_CHANGE
;12.4
;_SET_FAN_SPEED_CHANGING_LAYER
; printing object obj_2_MOLD.stl id:0 copy 0
M204 T5000
M486 S0
G1 X179.526 Y177.19 Z12.4 F24000
G1 E.8 F4800
;WIDTH:0.447037
G1 F900
G1 X180.232 Y177.162 E.02375
;WIDTH:0.447375
G1 X180.736 Y177.246 E.0172
;WIDTH:0.449132
G1 X181.212 Y177.418 E.0171
;WIDTH:0.449751
G1 X181.646 Y177.671 E.01697
G1 X182.03 Y177.998 E.01706
;WIDTH:0.447774
G1 X182.35 Y178.387 E.01696
;WIDTH:0.446536
G1 X182.597 Y178.826 E.01691
;WIDTH:0.446267
G1 X182.763 Y179.301 E.01689
;WIDTH:0.447238
G1 X182.844 Y179.799 E.01694
;WIDTH:0.448939
G1 X182.836 Y180.303 E.01701
;WIDTH:0.449913
G1 X182.739 Y180.797 E.01706
G1 X182.554 Y181.267 E.01706
;WIDTH:0.447937
G1 X182.291 Y181.696 E.01697
;WIDTH:0.446625
G1 X181.956 Y182.073 E.01691
;WIDTH:0.44623
G1 X181.561 Y182.385 E.0169
;WIDTH:0.447083
G1 X181.117 Y182.623 E.01693
;WIDTH:0.448734
G1 X180.638 Y182.779 E.017
;WIDTH:0.450238
G1 X180.138 Y182.849 E.01707
G1 X179.635 Y182.828 E.01708
;WIDTH:0.448111
G1 X179.143 Y182.719 E.01698
;WIDTH:0.446725
G1 X178.677 Y182.525 E.01692
;WIDTH:0.447062
G1 X178.228 Y182.233 E.018
;WIDTH:0.448671
G1 X177.862 Y181.887 E.01701
;WIDTH:0.450351
G1 X177.564 Y181.485 E.01694
G1 X177.342 Y181.033 E.01707
;WIDTH:0.448112
G1 X177.203 Y180.553 E.01685
;WIDTH:0.446551
G1 X177.15 Y180.043 E.01719
;WIDTH:0.446148
G1 X177.187 Y179.541 E.01689
;WIDTH:0.446944
G1 X177.311 Y179.052 E.01693
;WIDTH:0.448478
G1 X177.52 Y178.593 E.017
;WIDTH:0.450493
G1 X177.804 Y178.179 E.01703
G1 X178.158 Y177.823 E.01701
;WIDTH:0.448302
G1 X178.567 Y177.535 E.01686
;WIDTH:0.446679
G1 X179.031 Y177.32 E.01718
;WIDTH:0.447037
G1 X179.487 Y177.2 E.01585
M204 T2500
G1 X180.45 Y176.729 F24000
;WIDTH:0.453652
G1 F900
G1 X180.947 Y176.836 E.01736
;WIDTH:0.451995
G1 X181.425 Y177.02 E.01741
;WIDTH:0.451545
G1 X181.868 Y177.276 E.01739
;WIDTH:0.453492
G1 X182.278 Y177.611 E.01807
;WIDTH:0.454698
G1 X182.619 Y177.992 E.01751
;WIDTH:0.455175
G1 X182.897 Y178.421 E.01753
G1 X183.107 Y178.888 E.01753
;WIDTH:0.454917
G1 X183.242 Y179.381 E.01752
;WIDTH:0.453932
G1 X183.299 Y179.89 E.01748
;WIDTH:0.452201
G1 X183.281 Y180.384 E.01682
;WIDTH:0.451334
G1 X183.182 Y180.884 E.01734
;WIDTH:0.453325
G1 X183.006 Y181.366 E.01752
;WIDTH:0.454611
G1 X182.758 Y181.814 E.01752
;WIDTH:0.455161
G1 X182.445 Y182.218 E.01754
G1 X182.072 Y182.569 E.01754
;WIDTH:0.454979
G1 X181.652 Y182.858 E.01748
;WIDTH:0.454009
G1 X181.189 Y183.081 E.01754
;WIDTH:0.452411
G1 X180.699 Y183.229 E.01743
;WIDTH:0.451069
G1 X180.192 Y183.297 E.01737
;WIDTH:0.453161
G1 X179.68 Y183.286 E.01746
;WIDTH:0.454513
G1 X179.177 Y183.197 E.01751
;WIDTH:0.455141
G1 X178.693 Y183.031 E.01754
G1 X178.24 Y182.793 E.01754
;WIDTH:0.455031
G1 X177.829 Y182.487 E.01753
;WIDTH:0.454187
G1 X177.47 Y182.123 E.0175
;WIDTH:0.45261
G1 X177.172 Y181.707 E.01744
;WIDTH:0.450817
G1 X176.942 Y181.249 E.01736
;WIDTH:0.452986
G1 X176.787 Y180.762 E.01745
;WIDTH:0.454414
G1 X176.709 Y180.256 E.01751
;WIDTH:0.45511
G1 X176.709 Y179.744 E.01754
G1 X176.788 Y179.239 E.01753
G1 X176.944 Y178.751 E.01754
;WIDTH:0.454305
G1 X177.173 Y178.294 E.01751
;WIDTH:0.452805
G1 X177.469 Y177.878 E.0174
;WIDTH:0.450563
G1 X177.828 Y177.511 E.0174
;WIDTH:0.452802
G1 X178.255 Y177.198 E.01804
;WIDTH:0.454305
G1 X178.709 Y176.963 E.0175
;WIDTH:0.45507
G1 X179.194 Y176.8 E.01753
;WIDTH:0.458934
G1 X179.701 Y176.717 E.01776
G1 X180.41 Y176.729 E.02455
; stop printing object obj_2_MOLD.stl id:0 copy 0
;LAYER_CHANGE
;Z:12.6
;HEIGHT:0.200001
;BEFORE_LAYER_CHANGE
G92 E0.0
;12.6
G1 E-.47643 F2100
;WIPE_START
G1 F6490.166
G1 X180.947 Y176.836 E-.17715
G1 X181.37 Y176.998 E-.14642
;WIPE_END
M486 S-1
;AFTER_LAYER_CHANGE
;12.6
;_SET_FAN_SPEED_CHANGING_LAYER
; printing object obj_2_MOLD.stl id:0 copy 0
M486 S0
G1 X181.428 Y177.545 Z12.6 F24000
G1 E.8 F4800
;WIDTH:0.446313
G1 F900
G1 X181.838 Y177.835 E.01684
;WIDTH:0.447313
G1 X182.191 Y178.192 E.01688
;WIDTH:0.449023
G1 X182.477 Y178.607 E.01704
G1 X182.691 Y179.088 E.01777
;WIDTH:0.447668
G1 X182.809 Y179.582 E.01707
;WIDTH:0.446538
G1 X182.839 Y180.083 E.01685
;WIDTH:0.446292
G1 X182.78 Y180.581 E.01684
;WIDTH:0.44727
G1 X182.635 Y181.062 E.01688
;WIDTH:0.448984
G1 X182.407 Y181.51 E.01696
;WIDTH:0.449935
G1 X182.105 Y181.909 E.01697
G1 X181.734 Y182.25 E.01703
;WIDTH:0.447917
G1 X181.311 Y182.52 E.01691
;WIDTH:0.446626
G1 X180.847 Y182.711 E.01685
;WIDTH:0.446236
G1 X180.356 Y182.817 E.01683
;WIDTH:0.447139
G1 X179.855 Y182.837 E.01688
;WIDTH:0.448779
G1 X179.357 Y182.768 E.01695
;WIDTH:0.450181
G1 X178.88 Y182.612 E.01699
G1 X178.438 Y182.373 E.01703
;WIDTH:0.448087
G1 X178.045 Y182.06 E.01691
;WIDTH:0.446723
G1 X177.71 Y181.679 E.01706
;WIDTH:0.449423
G1 X177.396 Y181.13 E.02138
;WIDTH:0.453567
G1 X177.235 Y180.639 E.01763
G1 X177.161 Y180.075 E.01942
;WIDTH:0.446843
G1 X177.192 Y179.574 E.01686
;WIDTH:0.446137
G1 X177.311 Y179.086 E.01683
;WIDTH:0.446881
G1 X177.514 Y178.627 E.01686
;WIDTH:0.448356
G1 X177.794 Y178.21 E.01693
;WIDTH:0.450563
G1 X178.143 Y177.848 E.01706
G1 X178.551 Y177.556 E.01699
;WIDTH:0.448489
G1 X179.004 Y177.34 E.01693
;WIDTH:0.446958
G1 X179.488 Y177.207 E.01687
;WIDTH:0.446164
G1 X179.988 Y177.163 E.01683
;WIDTH:0.447707
G1 X180.488 Y177.202 E.01688
G1 X180.973 Y177.332 E.0169
;WIDTH:0.446508
G1 X181.391 Y177.528 E.0155
G1 X180.449 Y176.739 F24000
;WIDTH:0.454739
G1 F900
G1 X180.944 Y176.848 E.01734
;WIDTH:0.455159
G1 X181.419 Y177.031 E.01748
G1 X181.861 Y177.286 E.01748
;WIDTH:0.454867
G1 X182.259 Y177.606 E.01747
M73 P89 R1
;WIDTH:0.453846
G1 X182.602 Y177.983 E.01743
;WIDTH:0.45209
G1 X182.883 Y178.409 E.01736
;WIDTH:0.451421
G1 X183.094 Y178.874 E.01734
;WIDTH:0.453396
G1 X183.232 Y179.383 E.01801
;WIDTH:0.454638
G1 X183.288 Y179.89 E.01746
;WIDTH:0.455148
G1 X183.269 Y180.364 E.01627
G1 X183.173 Y180.865 E.01747
;WIDTH:0.454929
G1 X183.002 Y181.345 E.01747
;WIDTH:0.453979
G1 X182.759 Y181.794 E.01743
;WIDTH:0.452299
G1 X182.449 Y182.199 E.01737
;WIDTH:0.451186
G1 X182.08 Y182.551 E.01732
;WIDTH:0.453231
G1 X181.66 Y182.841 E.0174
;WIDTH:0.454546
G1 X181.201 Y183.062 E.01745
;WIDTH:0.455131
G1 X180.714 Y183.211 E.01747
G1 X180.209 Y183.283 E.01747
;WIDTH:0.454983
G1 X179.699 Y183.276 E.01747
;WIDTH:0.454108
G1 X179.196 Y183.191 E.01744
;WIDTH:0.452499
G1 X178.712 Y183.029 E.01737
;WIDTH:0.450943
G1 X178.26 Y182.794 E.01731
;WIDTH:0.45306
G1 X177.85 Y182.49 E.01739
;WIDTH:0.454448
G1 X177.491 Y182.128 E.01744
;WIDTH:0.459454
G1 X177.195 Y181.714 E.01764
G1 X176.96 Y181.261 E.01767
;WIDTH:0.453567
G1 X176.803 Y180.776 E.01741
;WIDTH:0.454397
G1 X176.722 Y180.272 E.01744
;WIDTH:0.455089
G1 X176.719 Y179.763 E.01747
G1 X176.795 Y179.259 E.01747
G1 X176.948 Y178.772 E.01747
;WIDTH:0.454286
G1 X177.174 Y178.315 E.01744
;WIDTH:0.452791
G1 X177.467 Y177.898 E.01739
;WIDTH:0.450564
G1 X177.835 Y177.519 E.01788
;WIDTH:0.45279
G1 X178.26 Y177.207 E.01798
;WIDTH:0.454288
G1 X178.713 Y176.973 E.01744
;WIDTH:0.455052
G1 X179.197 Y176.81 E.01747
G1 X179.7 Y176.726 E.01749
;WIDTH:0.454739
G1 X180.409 Y176.739 E.02428
; stop printing object obj_2_MOLD.stl id:0 copy 0
;LAYER_CHANGE
;Z:12.8
;HEIGHT:0.2
;BEFORE_LAYER_CHANGE
G92 E0.0
;12.8
G1 E-.4797 F2100
;WIPE_START
G1 F6556.278
G1 X180.944 Y176.848 E-.17481
G1 X181.367 Y177.011 E-.14549
;WIPE_END
M486 S-1
;AFTER_LAYER_CHANGE
;12.8
;_SET_FAN_SPEED_CHANGING_LAYER
; printing object obj_2_MOLD.stl id:0 copy 0
M486 S0
G1 X180.999 Y177.353 Z12.8 F24000
G1 E.8 F4800
;WIDTH:0.446468
G1 F900
G1 X181.45 Y177.57 E.01678
;WIDTH:0.448056
G1 X181.859 Y177.866 E.017
;WIDTH:0.45217
G1 X182.249 Y178.282 E.01942
G1 X182.576 Y178.83 E.02169
;WIDTH:0.446625
G1 X182.743 Y179.306 E.01696
;WIDTH:0.447256
G1 X182.823 Y179.8 E.01682
;WIDTH:0.448942
G1 X182.815 Y180.3 E.01689
G1 X182.683 Y180.893 E.02049
;WIDTH:0.44852
G1 X182.417 Y181.472 E.02149
;WIDTH:0.44884
G1 X182.117 Y181.879 E.01706
G1 X181.666 Y182.285 E.02048
;WIDTH:0.44858
G1 X181.113 Y182.601 E.0215
;WIDTH:0.448739
G1 X180.633 Y182.759 E.01705
;WIDTH:0.450247
G1 X180.137 Y182.828 E.01695
G1 X179.637 Y182.807 E.01695
;WIDTH:0.448134
G1 X179.149 Y182.699 E.01686
;WIDTH:0.446754
G1 X178.687 Y182.506 E.0168
;WIDTH:0.446192
G1 X178.266 Y182.236 E.01677
;WIDTH:0.447008
G1 X177.9 Y181.896 E.0168
;WIDTH:0.448547
G1 X177.598 Y181.497 E.01687
;WIDTH:0.450502
G1 X177.371 Y181.051 E.01696
G1 X177.228 Y180.572 E.01696
;WIDTH:0.448312
G1 X177.171 Y180.075 E.01686
;WIDTH:0.446858
G1 X177.203 Y179.575 E.0168
;WIDTH:0.446152
G1 X177.321 Y179.09 E.01677
;WIDTH:0.446892
G1 X177.523 Y178.632 E.0168
;WIDTH:0.448361
G1 X177.802 Y178.217 E.01686
;WIDTH:0.45056
G1 X178.15 Y177.856 E.017
G1 X178.577 Y177.553 E.01774
;WIDTH:0.446701
G1 X179.038 Y177.339 E.01706
;WIDTH:0.446152
G1 X179.521 Y177.211 E.01677
G1 X180.019 Y177.174 E.01675
;WIDTH:0.446468
G1 X180.518 Y177.218 E.01678
G1 X180.961 Y177.342 E.01544
G1 X181.415 Y177.041 F24000
;WIDTH:0.455139
G1 F900
G1 X181.855 Y177.295 E.01742
G1 X182.251 Y177.614 E.01742
G1 X182.594 Y177.99 E.01743
;WIDTH:0.458299
G1 X182.878 Y178.432 E.01817
G1 X183.087 Y178.895 E.01754
;WIDTH:0.454879
G1 X183.221 Y179.385 E.01741
;WIDTH:0.453897
G1 X183.278 Y179.89 E.01737
;WIDTH:0.452186
G1 X183.261 Y180.364 E.01612
;WIDTH:0.456618
G1 X183.163 Y180.862 E.01748
;WIDTH:0.459015
G1 X182.99 Y181.34 E.01757
G1 X182.75 Y181.788 E.01759
;WIDTH:0.452288
G1 X182.442 Y182.192 E.01731
;WIDTH:0.456539
G1 X182.072 Y182.54 E.01747
;WIDTH:0.459033
G1 X181.654 Y182.829 E.01757
G1 X181.198 Y183.054 E.01759
;WIDTH:0.452391
G1 X180.712 Y183.203 E.01731
;WIDTH:0.451056
G1 X180.208 Y183.274 E.01726
;WIDTH:0.453133
G1 X179.7 Y183.266 E.01734
;WIDTH:0.45448
G1 X179.199 Y183.18 E.01739
;WIDTH:0.455099
G1 X178.718 Y183.018 E.01742
G1 X178.267 Y182.783 E.01741
;WIDTH:0.45499
G1 X177.857 Y182.482 E.01742
;WIDTH:0.454153
G1 X177.499 Y182.122 E.01738
;WIDTH:0.452589
G1 X177.2 Y181.71 E.01732
;WIDTH:0.450811
G1 X176.969 Y181.257 E.01725
;WIDTH:0.45296
G1 X176.813 Y180.773 E.01733
;WIDTH:0.454378
G1 X176.732 Y180.272 E.01739
;WIDTH:0.455069
G1 X176.73 Y179.763 E.01742
G1 X176.806 Y179.261 E.01741
G1 X176.958 Y178.776 E.01742
;WIDTH:0.454269
G1 X177.183 Y178.32 E.01739
;WIDTH:0.452778
G1 X177.475 Y177.904 E.01733
;WIDTH:0.45056
G1 X177.842 Y177.527 E.01783
;WIDTH:0.452777
G1 X178.266 Y177.216 E.01793
;WIDTH:0.45427
G1 X178.717 Y176.982 E.01739
;WIDTH:0.455032
G1 X179.199 Y176.821 E.01742
G1 X179.701 Y176.736 E.01744
;WIDTH:0.454719
G1 X180.448 Y176.75 E.02557
G1 X180.941 Y176.858 E.01729
;WIDTH:0.455139
G1 X181.378 Y177.026 E.01605
; stop printing object obj_2_MOLD.stl id:0 copy 0
;LAYER_CHANGE
;Z:13
;HEIGHT:0.2
;BEFORE_LAYER_CHANGE
G92 E0.0
;13
G1 E-.47939 F2100
;WIPE_START
G1 F6549.916
G1 X181.855 Y177.295 E-.17567
G1 X182.207 Y177.579 E-.14495
;WIPE_END
M486 S-1
;AFTER_LAYER_CHANGE
;13
;_SET_FAN_SPEED_CHANGING_LAYER
; printing object obj_2_MOLD.stl id:0 copy 0
M486 S0
G1 X182.342 Y178.431 Z13 F24000
G1 E.8 F4800
;WIDTH:0.454847
G1 F900
G1 X182.643 Y179.033 E.02307
G1 X182.762 Y179.454 E.01498
;WIDTH:0.453886
G1 X182.816 Y179.877 E.01455
;WIDTH:0.452177
G1 X182.801 Y180.331 E.01548
;WIDTH:0.449817
G1 X182.698 Y180.819 E.01686
;WIDTH:0.44785
G1 X182.511 Y181.281 E.01678
;WIDTH:0.446603
G1 X182.246 Y181.703 E.01672
;WIDTH:0.454425
G1 X181.765 Y182.193 E.02351
;WIDTH:0.455957
G3 X181.028 Y182.624 I-1.966 J-2.513 E.02942
;WIDTH:0.452379
G1 X180.6 Y182.756 E.01526
;WIDTH:0.450054
G1 X180.105 Y182.818 E.01687
;WIDTH:0.448012
G1 X179.607 Y182.792 E.01678
;WIDTH:0.446578
G1 X179.122 Y182.679 E.01672
;WIDTH:0.446242
G1 X178.664 Y182.482 E.01671
;WIDTH:0.454136
G1 X178.155 Y182.127 E.02123
G1 X177.902 Y181.884 E.01198
;WIDTH:0.450343
G1 X177.591 Y181.469 E.01758
G1 X177.37 Y181.017 E.01703
;WIDTH:0.448185
G1 X177.233 Y180.538 E.01679
;WIDTH:0.446797
G1 X177.181 Y180.043 E.01673
;WIDTH:0.446131
G1 X177.218 Y179.546 E.0167
;WIDTH:0.454254
G1 X177.391 Y178.943 E.02146
G1 X177.581 Y178.555 E.01477
;WIDTH:0.452767
G1 X177.829 Y178.198 E.01482
;WIDTH:0.45055
G1 X178.181 Y177.845 E.0169
;WIDTH:0.448362
G1 X178.589 Y177.559 E.0168
;WIDTH:0.446902
G1 X179.041 Y177.349 E.01674
;WIDTH:0.447134
G1 X179.531 Y177.221 E.01701
G1 X180.229 Y177.193 E.02348
;WIDTH:0.4474
G1 X180.728 Y177.276 E.01701
;WIDTH:0.449133
G1 X181.199 Y177.447 E.01691
G1 X181.649 Y177.712 E.01765
;WIDTH:0.447597
G1 X182.029 Y178.043 E.01695
;WIDTH:0.44652
G1 X182.317 Y178.4 E.01538
M204 T5000
G1 E-.48609 F2100
;WIPE_START
G1 F6689.791
G1 X182.643 Y179.033 E-.22369
G1 X182.721 Y179.31 E-.09022
;WIPE_END
G1 X181.412 Y177.048 F24000
G1 E.8 F4800
;WIDTH:0.451522
G1 F900
G1 X181.85 Y177.302 E.01723
;WIDTH:0.453445
G1 X182.256 Y177.634 E.0179
;WIDTH:0.454641
G1 X182.594 Y178.012 E.01734
;WIDTH:0.455114
G1 X182.87 Y178.437 E.01736
G1 X183.077 Y178.899 E.01736
;WIDTH:0.454847
G1 X183.212 Y179.393 E.01755
;WIDTH:0.453886
G1 X183.268 Y179.891 E.01711
;WIDTH:0.452177
G1 X183.251 Y180.362 E.01606
;WIDTH:0.45129
G1 X183.155 Y180.86 E.01721
;WIDTH:0.453286
G1 X182.983 Y181.337 E.01729
;WIDTH:0.454555
G1 X182.74 Y181.781 E.01734
;WIDTH:0.45509
G1 X182.432 Y182.183 E.01735
G1 X182.061 Y182.537 E.01758
;WIDTH:0.455957
G1 X181.649 Y182.821 E.01719
G1 X181.194 Y183.044 E.0174
;WIDTH:0.452379
G1 X180.709 Y183.193 E.01726
;WIDTH:0.45105
G1 X180.208 Y183.264 E.0172
;WIDTH:0.453116
G1 X179.701 Y183.256 E.01727
;WIDTH:0.454267
G1 X179.196 Y183.168 E.01754
;WIDTH:0.455083
G1 X178.722 Y183.008 E.01715
G1 X178.272 Y182.774 E.01736
;WIDTH:0.454971
G1 X177.864 Y182.474 E.01736
;WIDTH:0.454136
G1 X177.507 Y182.115 E.01733
;WIDTH:0.452577
G1 X177.209 Y181.705 E.01727
;WIDTH:0.450806
G1 X176.979 Y181.253 E.01719
;WIDTH:0.452947
G1 X176.823 Y180.771 E.01727
;WIDTH:0.454362
G1 X176.743 Y180.271 E.01733
;WIDTH:0.45504
G1 X176.74 Y179.765 E.01735
G1 X176.817 Y179.258 E.01757
;WIDTH:0.454937
G1 X176.967 Y178.78 E.01715
;WIDTH:0.454254
G1 X177.192 Y178.326 E.01733
;WIDTH:0.452767
G1 X177.483 Y177.911 E.01727
;WIDTH:0.450555
G1 X177.849 Y177.535 E.01777
;WIDTH:0.452763
G1 X178.272 Y177.225 E.01787
;WIDTH:0.454252
G1 X178.722 Y176.992 E.01733
;WIDTH:0.455011
G1 X179.202 Y176.831 E.01736
;WIDTH:0.458809
G1 X179.702 Y176.749 E.01754
G1 X180.446 Y176.761 E.02572
;WIDTH:0.453602
G1 X180.938 Y176.866 E.01719
M73 P90 R1
;WIDTH:0.451965
G1 X181.374 Y177.034 E.01589
; stop printing object obj_2_MOLD.stl id:0 copy 0
;LAYER_CHANGE
;Z:13.2
;HEIGHT:0.2
;BEFORE_LAYER_CHANGE
G92 E0.0
;13.2
G1 E-.48185 F2100
;WIPE_START
G1 F6600.74
G1 X181.85 Y177.302 E-.1739
G1 X182.201 Y177.589 E-.14425
;WIPE_END
M486 S-1
;AFTER_LAYER_CHANGE
;13.2
;_SET_FAN_SPEED_CHANGING_LAYER
; printing object obj_2_MOLD.stl id:0 copy 0
M204 T2500
M486 S0
G1 X182.333 Y178.437 Z13.2 F24000
G1 E.8 F4800
;WIDTH:0.454841
G1 F900
G1 X182.633 Y179.037 E.02299
G1 X182.751 Y179.45 E.01472
;WIDTH:0.453864
G1 X182.805 Y179.877 E.0147
;WIDTH:0.452166
G1 X182.791 Y180.33 E.01542
;WIDTH:0.449815
G1 X182.688 Y180.816 E.0168
;WIDTH:0.447854
G1 X182.502 Y181.276 E.01672
;WIDTH:0.446616
G1 X182.238 Y181.697 E.01666
;WIDTH:0.454899
G1 X181.763 Y182.18 E.02321
G1 X181.41 Y182.425 E.01474
;WIDTH:0.453889
G1 X181.022 Y182.613 E.01472
;WIDTH:0.453401
G1 X180.597 Y182.746 E.0152
;WIDTH:0.450051
G1 X180.104 Y182.807 E.01681
;WIDTH:0.448018
G1 X179.609 Y182.781 E.01672
;WIDTH:0.446709
G1 X179.125 Y182.669 E.01667
;WIDTH:0.446254
G1 X178.669 Y182.473 E.01664
;WIDTH:0.45412
G1 X178.162 Y182.119 E.02116
G1 X177.91 Y181.877 E.01194
;WIDTH:0.450341
G1 X177.6 Y181.463 E.01751
G1 X177.38 Y181.014 E.01696
;WIDTH:0.448181
G1 X177.247 Y180.555 E.0161
;WIDTH:0.447553
G1 X177.192 Y180.055 E.01693
;WIDTH:0.446211
G1 X177.228 Y179.547 E.01705
;WIDTH:0.454234
G1 X177.401 Y178.946 E.02138
G1 X177.59 Y178.56 E.01471
;WIDTH:0.452753
G1 X177.838 Y178.205 E.01477
;WIDTH:0.450547
G1 X178.188 Y177.853 E.01683
;WIDTH:0.448367
G1 X178.595 Y177.568 E.01674
;WIDTH:0.446916
G1 X179.045 Y177.359 E.01668
;WIDTH:0.447151
G1 X179.533 Y177.231 E.01695
G1 X180.228 Y177.203 E.02339
;WIDTH:0.447408
G1 X180.725 Y177.286 E.01695
;WIDTH:0.449988
G1 X181.21 Y177.463 E.01745
G1 X181.643 Y177.721 E.01707
;WIDTH:0.447603
G1 X182.028 Y178.057 E.01719
;WIDTH:0.446329
G1 X182.308 Y178.406 E.01502
M204 T5000
G1 E-.48624 F2100
;WIPE_START
G1 F6692.959
G1 X182.633 Y179.037 E-.22287
G1 X182.713 Y179.316 E-.0909
;WIPE_END
G1 X180.445 Y176.771 F24000
G1 E.8 F4800
;WIDTH:0.45359
G1 F900
G1 X180.935 Y176.876 E.01713
;WIDTH:0.451955
G1 X181.407 Y177.057 E.01719
;WIDTH:0.451515
G1 X181.844 Y177.311 E.01717
;WIDTH:0.454365
G1 X182.249 Y177.642 E.01788
;WIDTH:0.454482
G1 X182.586 Y178.018 E.01728
;WIDTH:0.455093
G1 X182.861 Y178.442 E.01731
G1 X183.067 Y178.902 E.01731
;WIDTH:0.454841
G1 X183.201 Y179.389 E.01729
;WIDTH:0.453864
G1 X183.257 Y179.891 E.01726
;WIDTH:0.452166
G1 X183.24 Y180.361 E.01601
;WIDTH:0.451283
G1 X183.145 Y180.857 E.01715
;WIDTH:0.453272
G1 X182.974 Y181.332 E.01723
;WIDTH:0.454537
G1 X182.732 Y181.776 E.01728
;WIDTH:0.45508
G1 X182.424 Y182.176 E.0173
G1 X182.059 Y182.525 E.0173
;WIDTH:0.454899
G1 X181.644 Y182.813 E.0173
;WIDTH:0.453889
G1 X181.19 Y183.034 E.01726
;WIDTH:0.453401
G1 X180.707 Y183.183 E.01725
;WIDTH:0.451043
G1 X180.207 Y183.253 E.01714
;WIDTH:0.453107
G1 X179.702 Y183.245 E.01723
;WIDTH:0.454444
G1 X179.204 Y183.159 E.01728
;WIDTH:0.455054
G1 X178.726 Y182.998 E.0173
G1 X178.278 Y182.765 E.0173
;WIDTH:0.454952
G1 X177.871 Y182.466 E.0173
;WIDTH:0.45412
G1 X177.515 Y182.108 E.01727
;WIDTH:0.452564
G1 X177.218 Y181.699 E.01721
;WIDTH:0.450799
G1 X176.989 Y181.249 E.01714
;WIDTH:0.452577
G1 X176.833 Y180.769 E.0172
;WIDTH:0.454681
G1 X176.753 Y180.27 E.01729
;WIDTH:0.455029
G1 X176.751 Y179.765 E.0173
G1 X176.826 Y179.266 E.0173
G1 X176.977 Y178.784 E.0173
;WIDTH:0.454234
G1 X177.201 Y178.331 E.01727
;WIDTH:0.452753
G1 X177.491 Y177.918 E.01722
;WIDTH:0.450551
G1 X177.856 Y177.543 E.01772
;WIDTH:0.452752
G1 X178.277 Y177.234 E.01782
;WIDTH:0.454235
G1 X178.726 Y177.001 E.01727
;WIDTH:0.454992
G1 X179.204 Y176.841 E.0173
;WIDTH:0.458768
G1 X179.703 Y176.759 E.01748
G1 X180.405 Y176.77 E.02425
; stop printing object obj_2_MOLD.stl id:0 copy 0
;LAYER_CHANGE
;Z:13.4
;HEIGHT:0.2
;BEFORE_LAYER_CHANGE
G92 E0.0
;13.4
G1 E-.47656 F2100
;WIPE_START
G1 F6492.757
G1 X180.935 Y176.876 E-.17498
G1 X181.364 Y177.041 E-.14846
;WIPE_END
M486 S-1
;AFTER_LAYER_CHANGE
;13.4
;_SET_FAN_SPEED_CHANGING_LAYER
; printing object obj_2_MOLD.stl id:0 copy 0
M204 T2500
M486 S0
G1 X180.988 Y177.382 Z13.4 F24000
G1 E.8 F4800
;WIDTH:0.454789
G1 F900
G1 X181.576 Y177.694 E.02278
;WIDTH:0.455413
G1 X181.904 Y177.957 E.01442
G1 X182.254 Y178.344 E.0179
;WIDTH:0.450406
G1 X182.548 Y178.844 E.01965
;WIDTH:0.446465
G1 X182.716 Y179.324 E.01707
;WIDTH:0.449714
G1 X182.795 Y179.838 E.01757
;WIDTH:0.453484
G1 X182.775 Y180.341 E.0172
G1 X182.609 Y181.011 E.02356
;WIDTH:0.447217
G1 X182.388 Y181.46 E.01682
;WIDTH:0.450109
G1 X182.079 Y181.876 E.01754
G1 X181.704 Y182.22 E.01724
;WIDTH:0.448232
G1 X181.177 Y182.536 E.02071
;WIDTH:0.448854
G1 X180.63 Y182.727 E.01957
G1 X180.109 Y182.797 E.01774
;WIDTH:0.447954
G1 X179.604 Y182.77 E.01702
;WIDTH:0.448159
G1 X179.01 Y182.615 E.0207
;WIDTH:0.450947
G1 X178.49 Y182.358 E.01968
G1 X178.08 Y182.036 E.01769
;WIDTH:0.446547
G1 X177.747 Y181.659 E.01688
;WIDTH:0.44696
G1 X177.487 Y181.231 E.01681
;WIDTH:0.451101
G1 X177.279 Y180.652 E.02085
G1 X177.203 Y180.078 E.01969
;WIDTH:0.447368
G1 X177.236 Y179.565 E.01728
;WIDTH:0.447015
G1 X177.361 Y179.07 E.01716
;WIDTH:0.452741
G1 X177.599 Y178.566 E.01899
G1 X177.846 Y178.211 E.01472
;WIDTH:0.450542
G1 X178.195 Y177.861 E.01677
;WIDTH:0.448371
G1 X178.6 Y177.577 E.01668
;WIDTH:0.446926
G1 X179.049 Y177.369 E.01661
;WIDTH:0.446195
G1 X179.527 Y177.242 E.01658
G1 X180.019 Y177.205 E.01657
;WIDTH:0.446505
G1 X180.512 Y177.249 E.0166
G1 X180.95 Y177.372 E.01525
G1 X180.443 Y176.781 F24000
;WIDTH:0.454658
G1 F900
G1 X180.932 Y176.888 E.01712
;WIDTH:0.455076
G1 X181.401 Y177.069 E.01726
G1 X181.838 Y177.321 E.01725
;WIDTH:0.455413
G1 X182.229 Y177.637 E.01727
G1 X182.578 Y178.025 E.01787
;WIDTH:0.457173
G1 X182.851 Y178.447 E.01734
G1 X183.058 Y178.906 E.01733
;WIDTH:0.454821
G1 X183.19 Y179.391 E.01724
;WIDTH:0.453848
G1 X183.247 Y179.892 E.0172
;WIDTH:0.453484
G1 X183.228 Y180.36 E.01599
;WIDTH:0.459403
G1 X183.131 Y180.853 E.01742
G1 X182.964 Y181.328 E.01743
;WIDTH:0.453914
G1 X182.724 Y181.771 E.01721
;WIDTH:0.452256
G1 X182.418 Y182.171 E.01714
;WIDTH:0.451158
G1 X182.054 Y182.518 E.01709
;WIDTH:0.459352
G1 X181.638 Y182.801 E.01742
G1 X181.186 Y183.022 E.01742
;WIDTH:0.456308
G1 X180.705 Y183.172 E.01731
;WIDTH:0.451038
G1 X180.206 Y183.243 E.01709
;WIDTH:0.453092
G1 X179.703 Y183.235 E.01717
;WIDTH:0.459571
G1 X179.208 Y183.147 E.01742
G1 X178.73 Y182.989 E.01744
;WIDTH:0.454708
G1 X178.282 Y182.758 E.01724
;WIDTH:0.453007
G1 X177.877 Y182.459 E.01717
;WIDTH:0.454377
G1 X177.524 Y182.101 E.01722
;WIDTH:0.455025
G1 X177.229 Y181.693 E.01725
;WIDTH:0.45799
G1 X177.002 Y181.244 E.01736
G1 X176.842 Y180.766 E.01738
;WIDTH:0.455598
G1 X176.764 Y180.269 E.01727
G1 X176.761 Y179.766 E.01727
;WIDTH:0.455008
G1 X176.836 Y179.268 E.01724
G1 X176.987 Y178.788 E.01725
;WIDTH:0.454215
G1 X177.21 Y178.337 E.01722
;WIDTH:0.452741
G1 X177.5 Y177.925 E.01716
;WIDTH:0.450547
G1 X177.862 Y177.551 E.01766
;WIDTH:0.45274
G1 X178.283 Y177.243 E.01776
;WIDTH:0.454218
G1 X178.73 Y177.011 E.01722
;WIDTH:0.454971
G1 X179.207 Y176.851 E.01725
G1 X179.704 Y176.767 E.01727
;WIDTH:0.454658
G1 X180.403 Y176.78 E.02394
; stop printing object obj_2_MOLD.stl id:0 copy 0
;LAYER_CHANGE
;Z:13.6
;HEIGHT:0.200001
;BEFORE_LAYER_CHANGE
G92 E0.0
;13.6
G1 E-.47976 F2100
;WIPE_START
G1 F6557.567
G1 X180.932 Y176.888 E-.1727
G1 X181.361 Y177.054 E-.14754
;WIPE_END
M486 S-1
;AFTER_LAYER_CHANGE
;13.6
;_SET_FAN_SPEED_CHANGING_LAYER
; printing object obj_2_MOLD.stl id:0 copy 0
M486 S0
G1 X180.985 Y177.392 Z13.6 F24000
G1 E.8 F4800
;WIDTH:0.454475
G1 F900
G1 X181.562 Y177.697 E.02234
G1 X181.904 Y177.968 E.01496
;WIDTH:0.453758
G1 X182.194 Y178.281 E.01455
;WIDTH:0.452007
G1 X182.446 Y178.659 E.01544
;WIDTH:0.449885
G1 X182.643 Y179.11 E.01668
;WIDTH:0.447789
G1 X182.757 Y179.59 E.01659
;WIDTH:0.446673
G1 X182.786 Y180.081 E.01654
;WIDTH:0.454831
G1 X182.682 Y180.742 E.02292
G1 X182.538 Y181.144 E.01461
;WIDTH:0.453896
G1 X182.336 Y181.52 E.01459
;WIDTH:0.452245
G1 X182.065 Y181.875 E.01521
;WIDTH:0.449928
G1 X181.702 Y182.209 E.01668
;WIDTH:0.447948
G1 X181.286 Y182.473 E.0166
;WIDTH:0.446684
G1 X180.831 Y182.661 E.01654
;WIDTH:0.454884
G1 X180.165 Y182.778 E.02315
G1 X179.739 Y182.772 E.01461
;WIDTH:0.454023
G1 X179.318 Y182.702 E.01459
;WIDTH:0.452443
G1 X178.9 Y182.563 E.01499
;WIDTH:0.450166
G1 X178.466 Y182.329 E.01669
;WIDTH:0.448114
G1 X178.081 Y182.022 E.0166
;WIDTH:0.44678
G1 X177.753 Y181.649 E.01668
;WIDTH:0.448014
G1 X177.473 Y181.172 E.01864
;WIDTH:0.453869
G1 X177.286 Y180.624 E.01979
G1 X177.213 Y180.074 E.01895
;WIDTH:0.447972
G1 X177.262 Y179.487 E.01984
;WIDTH:0.453726
G1 X177.429 Y178.929 E.01989
G1 X177.745 Y178.365 E.02209
;WIDTH:0.450632
G1 X178.173 Y177.893 E.02159
G1 X178.598 Y177.59 E.01772
;WIDTH:0.446895
G1 X179.052 Y177.379 E.01681
M73 P91 R1
;WIDTH:0.446209
G1 X179.529 Y177.253 E.01652
G1 X180.019 Y177.216 E.0165
;WIDTH:0.446518
G1 X180.51 Y177.259 E.01654
G1 X180.946 Y177.381 E.01519
G1 X180.42 Y176.791 F24000
;WIDTH:0.454637
G1 F900
G1 X180.911 Y176.894 E.0172
;WIDTH:0.455062
G1 X181.381 Y177.072 E.0172
G1 X181.808 Y177.315 E.01684
;WIDTH:0.454475
G1 X182.209 Y177.633 E.01752
;WIDTH:0.453758
G1 X182.548 Y178.002 E.01713
;WIDTH:0.452007
G1 X182.833 Y178.429 E.01745
;WIDTH:0.451395
G1 X183.045 Y178.892 E.01728
;WIDTH:0.453327
G1 X183.178 Y179.376 E.01714
;WIDTH:0.45448
G1 X183.235 Y179.882 E.01741
;WIDTH:0.455026
G1 X183.216 Y180.376 E.01696
G1 X183.12 Y180.868 E.01719
;WIDTH:0.454831
G1 X182.948 Y181.34 E.01719
;WIDTH:0.453896
G1 X182.707 Y181.78 E.01715
;WIDTH:0.452245
G1 X182.4 Y182.178 E.01709
;WIDTH:0.451151
G1 X182.034 Y182.522 E.01704
;WIDTH:0.453162
G1 X181.62 Y182.805 E.01713
;WIDTH:0.454454
G1 X181.166 Y183.021 E.01718
;WIDTH:0.455027
G1 X180.686 Y183.165 E.0172
G1 X180.188 Y183.233 E.0172
;WIDTH:0.454884
G1 X179.686 Y183.223 E.01719
;WIDTH:0.454023
G1 X179.192 Y183.137 E.01716
;WIDTH:0.452443
G1 X178.716 Y182.976 E.0171
;WIDTH:0.450912
G1 X178.272 Y182.741 E.01704
;WIDTH:0.452995
G1 X177.87 Y182.44 E.01712
;WIDTH:0.454359
G1 X177.519 Y182.082 E.01717
;WIDTH:0.457808
G1 X177.229 Y181.672 E.01731
G1 X177.003 Y181.225 E.01731
;WIDTH:0.455372
G1 X176.849 Y180.747 E.01721
;WIDTH:0.454307
G1 X176.771 Y180.251 E.01717
;WIDTH:0.457829
G1 X176.773 Y179.749 E.01731
G1 X176.849 Y179.253 E.01731
;WIDTH:0.455486
G1 X177.002 Y178.775 E.01722
;WIDTH:0.457833
G1 X177.229 Y178.328 E.01731
G1 X177.52 Y177.919 E.01731
;WIDTH:0.457543
G1 X177.869 Y177.559 E.0173
;WIDTH:0.452253
G1 X178.282 Y177.254 E.01745
;WIDTH:0.45421
G1 X178.734 Y177.021 E.0174
;WIDTH:0.454952
G1 X179.21 Y176.861 E.0172
G1 X179.705 Y176.778 E.01721
;WIDTH:0.454637
G1 X180.38 Y176.79 E.02311
; stop printing object obj_2_MOLD.stl id:0 copy 0
;LAYER_CHANGE
;Z:13.8
;HEIGHT:0.2
;BEFORE_LAYER_CHANGE
G92 E0.0
;13.8
G1 E-.47978 F2100
;WIPE_START
G1 F6557.902
G1 X180.911 Y176.894 E-.17346
G1 X181.34 Y177.057 E-.14677
M73 P91 R0
;WIPE_END
M486 S-1
;AFTER_LAYER_CHANGE
;13.8
;_SET_FAN_SPEED_CHANGING_LAYER
; printing object obj_2_MOLD.stl id:0 copy 0
M486 S0
G1 X180.981 Y177.402 Z13.8 F24000
G1 E.8 F4800
;WIDTH:0.45475
G1 F900
G1 X181.564 Y177.711 E.02261
G1 X181.897 Y177.976 E.01455
;WIDTH:0.453751
G1 X182.186 Y178.288 E.01453
;WIDTH:0.452031
G1 X182.436 Y178.664 E.01537
;WIDTH:0.449696
G1 X182.633 Y179.114 E.01661
;WIDTH:0.447795
G1 X182.747 Y179.591 E.01653
;WIDTH:0.446609
G1 X182.776 Y180.081 E.01648
;WIDTH:0.454811
G1 X182.672 Y180.74 E.02283
G1 X182.529 Y181.14 E.01455
;WIDTH:0.453881
G1 X182.327 Y181.514 E.01453
;WIDTH:0.452235
G1 X182.057 Y181.868 E.01515
;WIDTH:0.449926
G1 X181.696 Y182.2 E.01662
;WIDTH:0.447954
G1 X181.282 Y182.464 E.01653
;WIDTH:0.446696
G1 X180.828 Y182.651 E.01648
;WIDTH:0.454864
G1 X180.165 Y182.767 E.02306
G1 X179.74 Y182.761 E.01455
;WIDTH:0.454007
G1 X179.32 Y182.692 E.01453
;WIDTH:0.452432
G1 X178.904 Y182.554 E.01494
;WIDTH:0.450163
G1 X178.472 Y182.32 E.01663
;WIDTH:0.448117
G1 X178.088 Y182.014 E.01654
;WIDTH:0.446791
G1 X177.763 Y181.646 E.01648
;WIDTH:0.44628
G1 X177.509 Y181.227 E.01646
;WIDTH:0.454126
G1 X177.303 Y180.647 E.02102
G1 X177.241 Y180.319 E.01144
;WIDTH:0.450428
G1 X177.228 Y179.799 E.01763
G1 X177.309 Y179.311 E.01674
;WIDTH:0.448293
G1 X177.476 Y178.842 E.01679
;WIDTH:0.448425
G1 X177.817 Y178.284 E.02205
;WIDTH:0.450538
G1 X178.182 Y177.898 E.01802
G1 X178.604 Y177.599 E.01752
;WIDTH:0.446752
G1 X179.056 Y177.388 E.01675
;WIDTH:0.446223
G1 X179.53 Y177.263 E.01646
G1 X180.019 Y177.226 E.01644
;WIDTH:0.446531
G1 X180.508 Y177.27 E.01647
G1 X180.943 Y177.391 E.01513
G1 X180.418 Y176.801 F24000
;WIDTH:0.454617
G1 F900
G1 X180.926 Y176.908 E.01775
;WIDTH:0.455036
G1 X181.392 Y177.088 E.01714
G1 X181.826 Y177.338 E.01714
;WIDTH:0.45475
G1 X182.215 Y177.652 E.01713
;WIDTH:0.453751
G1 X182.552 Y178.022 E.01709
;WIDTH:0.452031
G1 X182.828 Y178.439 E.01703
;WIDTH:0.451375
G1 X183.035 Y178.895 E.017
;WIDTH:0.45331
G1 X183.17 Y179.395 E.01767
;WIDTH:0.454526
G1 X183.225 Y179.892 E.01712
;WIDTH:0.455026
G1 X183.206 Y180.375 E.01654
G1 X183.11 Y180.866 E.01714
;WIDTH:0.454811
G1 X182.939 Y181.336 E.01713
;WIDTH:0.453881
G1 X182.698 Y181.774 E.0171
;WIDTH:0.452235
G1 X182.392 Y182.171 E.01704
;WIDTH:0.451146
G1 X182.028 Y182.514 E.01699
;WIDTH:0.453149
G1 X181.614 Y182.796 E.01707
;WIDTH:0.454436
G1 X181.163 Y183.011 E.01712
;WIDTH:0.455008
G1 X180.683 Y183.155 E.01714
G1 X180.188 Y183.222 E.01714
;WIDTH:0.454864
G1 X179.687 Y183.213 E.01714
;WIDTH:0.454007
G1 X179.195 Y183.127 E.0171
;WIDTH:0.452432
G1 X178.721 Y182.966 E.01704
;WIDTH:0.450907
G1 X178.278 Y182.732 E.01698
;WIDTH:0.45298
G1 X177.877 Y182.433 E.01707
;WIDTH:0.45434
G1 X177.527 Y182.075 E.01712
;WIDTH:0.454983
G1 X177.237 Y181.668 E.01714
G1 X177.012 Y181.221 E.01714
G1 X176.859 Y180.744 E.01714
;WIDTH:0.454126
G1 X176.781 Y180.25 E.01711
;WIDTH:0.452622
G1 X176.78 Y179.75 E.01705
;WIDTH:0.450656
G1 X176.857 Y179.255 E.01697
;WIDTH:0.452806
G1 X177.011 Y178.779 E.01706
;WIDTH:0.460556
G1 X177.239 Y178.334 E.01737
G1 X177.527 Y177.924 E.01737
;WIDTH:0.452581
G1 X177.876 Y177.566 E.01705
;WIDTH:0.452716
G1 X178.294 Y177.26 E.01765
;WIDTH:0.454182
G1 X178.738 Y177.03 E.01711
;WIDTH:0.454931
G1 X179.212 Y176.871 E.01713
G1 X179.706 Y176.788 E.01715
;WIDTH:0.454617
G1 X180.378 Y176.801 E.02302
; stop printing object obj_2_MOLD.stl id:0 copy 0
;LAYER_CHANGE
;Z:14
;HEIGHT:0.2
;BEFORE_LAYER_CHANGE
G92 E0.0
;14
G1 E-.47979 F2100
;WIPE_START
G1 F6558.221
G1 X180.926 Y176.908 E-.17859
G1 X181.338 Y177.067 E-.14162
;WIPE_END
M486 S-1
;AFTER_LAYER_CHANGE
;14
;_SET_FAN_SPEED_CHANGING_LAYER
; printing object obj_2_MOLD.stl id:0 copy 0
M486 S0
G1 X180.977 Y177.412 Z14 F24000
G1 E.8 F4800
;WIDTH:0.45473
G1 F900
G1 X181.559 Y177.72 E.02252
G1 X181.89 Y177.983 E.01449
;WIDTH:0.453734
G1 X182.178 Y178.294 E.01447
;WIDTH:0.45202
G1 X182.427 Y178.669 E.01531
;WIDTH:0.449694
G1 X182.623 Y179.117 E.01654
;WIDTH:0.447803
G1 X182.737 Y179.593 E.01646
;WIDTH:0.446621
G1 X182.765 Y180.081 E.01641
;WIDTH:0.454554
G1 X182.662 Y180.738 E.02275
;WIDTH:0.455095
G3 X182.319 Y181.508 I-2.896 J-.827 E.02902
;WIDTH:0.452224
G1 X182.049 Y181.861 E.0151
;WIDTH:0.449924
G1 X181.689 Y182.192 E.01655
;WIDTH:0.447959
G1 X181.277 Y182.455 E.01647
;WIDTH:0.446708
G1 X180.824 Y182.641 E.01642
;WIDTH:0.454845
G1 X180.164 Y182.757 E.02297
G1 X179.741 Y182.751 E.0145
;WIDTH:0.45399
G1 X179.323 Y182.682 E.01448
;WIDTH:0.45242
G1 X178.908 Y182.544 E.01488
;WIDTH:0.450161
G1 X178.478 Y182.311 E.01657
;WIDTH:0.448124
G1 X178.095 Y182.007 E.01648
;WIDTH:0.446803
G1 X177.772 Y181.64 E.01642
;WIDTH:0.446295
G1 X177.518 Y181.222 E.0164
;WIDTH:0.454111
G1 X177.313 Y180.645 E.02093
G1 X177.25 Y180.31 E.01165
;WIDTH:0.450425
G1 X177.238 Y179.799 E.0173
G1 X177.319 Y179.314 E.01668
;WIDTH:0.448297
G1 X177.483 Y178.852 E.01653
;WIDTH:0.446975
G1 X177.733 Y178.415 E.01691
;WIDTH:0.450693
G1 X178.185 Y177.91 E.02298
G1 X178.609 Y177.608 E.01765
;WIDTH:0.446763
G1 X179.06 Y177.398 E.01669
;WIDTH:0.446238
G1 X179.532 Y177.273 E.01638
G1 X179.992 Y177.237 E.01548
G1 X180.497 Y177.278 E.01699
G1 X180.939 Y177.401 E.01538
G1 X180.613 Y176.846 F24000
;WIDTH:0.446543
G1 F900
G1 X181.154 Y177.002 E.01889
G1 X181.659 Y177.249 E.01889
;WIDTH:0.447503
G1 X182.115 Y177.58 E.01894
G1 X182.469 Y177.942 E.01704
;WIDTH:0.449033
G1 X182.788 Y178.396 E.01872
;WIDTH:0.451369
G1 X183.018 Y178.883 E.01828
;WIDTH:0.453295
G1 X183.158 Y179.38 E.01761
;WIDTH:0.454507
G1 X183.21 Y180.114 E.02521
;WIDTH:0.44635
G1 X183.141 Y180.672 E.01885
;WIDTH:0.447408
G1 X182.986 Y181.184 E.018
G1 X182.749 Y181.665 E.01803
;WIDTH:0.448825
G1 X182.423 Y182.114 E.01872
;WIDTH:0.451139
G1 X182.034 Y182.494 E.01846
;WIDTH:0.453134
G1 X181.624 Y182.777 E.01701
;WIDTH:0.454418
G1 X181.175 Y182.994 E.01706
;WIDTH:0.454988
G1 X180.698 Y183.139 E.01708
G1 X180.205 Y183.209 E.01708
;WIDTH:0.454845
G1 X179.688 Y183.203 E.01768
;WIDTH:0.45399
G1 X179.181 Y183.111 E.01764
;WIDTH:0.45242
G1 X178.698 Y182.942 E.01742
;WIDTH:0.450161
G1 X178.206 Y182.667 E.01908
;WIDTH:0.448124
G1 X177.769 Y182.312 E.01897
;WIDTH:0.446803
G1 X177.4 Y181.887 E.0189
;WIDTH:0.446295
G1 X177.111 Y181.404 E.01888
;WIDTH:0.44711
G1 X176.909 Y180.878 E.01892
;WIDTH:0.448654
G1 X176.801 Y180.325 E.01901
G1 X176.789 Y179.825 E.01688
;WIDTH:0.450651
G1 X176.865 Y179.275 E.01882
;WIDTH:0.452793
G1 X177.015 Y178.8 E.01699
;WIDTH:0.455439
G1 X177.246 Y178.338 E.0177
;WIDTH:0.459658
G1 X177.55 Y177.921 E.01788
G1 X177.952 Y177.522 E.01961
;WIDTH:0.448383
G1 X178.416 Y177.204 E.01899
;WIDTH:0.446957
G1 X178.929 Y176.972 E.01891
M73 P92 R0
;WIDTH:0.446238
G1 X179.473 Y176.831 E.01884
G1 X180.015 Y176.798 E.01819
;WIDTH:0.446543
G1 X180.573 Y176.843 E.0188
; stop printing object obj_2_MOLD.stl id:0 copy 0
;LAYER_CHANGE
;Z:14.2
;HEIGHT:0.2
;BEFORE_LAYER_CHANGE
G92 E0.0
;14.2
G1 E-.48607 F2100
;WIPE_START
G1 F6689.41
G1 X181.154 Y177.002 E-.18903
G1 X181.511 Y177.177 E-.12489
;WIPE_END
M486 S-1
;AFTER_LAYER_CHANGE
;14.2
;_SET_FAN_SPEED_CHANGING_LAYER
; printing object obj_2_MOLD.stl id:0 copy 0
M486 S0
G1 X180.391 Y177.274 Z14.2 F24000
G1 E.8 F4800
;WIDTH:0.452935
G1 F900
G1 X180.944 Y177.41 E.01942
;WIDTH:0.446631
G1 X181.398 Y177.624 E.01684
;WIDTH:0.447515
G1 X181.808 Y177.919 E.01698
;WIDTH:0.452523
G1 X182.165 Y178.295 E.01767
G1 X182.469 Y178.778 E.01943
;WIDTH:0.449014
G1 X182.671 Y179.32 E.01955
;WIDTH:0.449155
G1 X182.753 Y179.837 E.01766
;WIDTH:0.449947
G1 X182.738 Y180.33 E.01669
G1 X182.6 Y180.91 E.02019
;WIDTH:0.448066
G1 X182.354 Y181.434 E.01951
;WIDTH:0.449707
G1 X182.052 Y181.843 E.01718
G1 X181.678 Y182.187 E.01719
;WIDTH:0.448314
G1 X181.167 Y182.494 E.02011
;WIDTH:0.448173
G1 X180.621 Y182.686 E.01951
G1 X180.107 Y182.755 E.01746
;WIDTH:0.447976
G1 X179.616 Y182.729 E.01657
;WIDTH:0.446765
G1 X179.138 Y182.617 E.01649
;WIDTH:0.447948
G1 X178.644 Y182.397 E.01821
;WIDTH:0.453978
G1 X178.175 Y182.062 E.01969
G1 X177.799 Y181.659 E.01883
;WIDTH:0.449085
G1 X177.48 Y181.112 E.02141
;WIDTH:0.453541
G1 X177.316 Y180.619 E.01774
G1 X177.245 Y180.073 E.01879
;WIDTH:0.449014
G1 X177.302 Y179.442 E.0214
;WIDTH:0.453419
G1 X177.457 Y178.943 E.01784
G1 X177.802 Y178.341 E.02367
;WIDTH:0.450567
G1 X178.194 Y177.915 E.01963
G1 X178.614 Y177.617 E.01747
;WIDTH:0.446773
G1 X179.063 Y177.408 E.01662
;WIDTH:0.454891
G1 X179.723 Y177.263 E.02316
;WIDTH:0.454577
G1 X180.351 Y177.273 E.02148
G1 X180.611 Y176.857 F24000
;WIDTH:0.446556
G1 F900
G1 X181.15 Y177.012 E.01883
G1 X181.654 Y177.258 E.01883
;WIDTH:0.447515
G1 X182.108 Y177.588 E.01888
;WIDTH:0.450272
G1 X182.507 Y178.002 E.01946
;WIDTH:0.45652
G1 X182.797 Y178.436 E.01797
;WIDTH:0.45767
G1 X183.005 Y178.888 E.01713
G1 X183.147 Y179.382 E.01774
;WIDTH:0.453784
G1 X183.205 Y179.893 E.01758
;WIDTH:0.452115
G1 X183.177 Y180.425 E.01811
;WIDTH:0.449947
G1 X182.999 Y181.119 E.02426
;WIDTH:0.449059
G1 X182.712 Y181.708 E.02213
;WIDTH:0.449707
G1 X182.397 Y182.132 E.01786
;WIDTH:0.451082
G1 X182.027 Y182.486 E.01737
;WIDTH:0.458813
G1 X181.615 Y182.768 E.01727
G1 X181.155 Y182.991 E.01769
;WIDTH:0.456486
G1 X180.646 Y183.142 E.01826
;WIDTH:0.450313
G1 X180.088 Y183.203 E.01901
;WIDTH:0.448046
G1 X179.528 Y183.167 E.01891
;WIDTH:0.446765
G1 X178.974 Y183.033 E.01912
;WIDTH:0.449776
G1 X178.372 Y182.759 E.02238
;WIDTH:0.453978
G1 X177.905 Y182.427 E.01958
;WIDTH:0.454304
G1 X177.556 Y182.074 E.01699
;WIDTH:0.458833
G1 X177.256 Y181.656 E.01779
G1 X177.025 Y181.196 E.01779
;WIDTH:0.452848
G1 X176.851 Y180.585 E.02167
;WIDTH:0.446861
G1 X176.799 Y180.013 E.01927
;WIDTH:0.451211
G1 X176.872 Y179.3 E.02436
;WIDTH:0.453419
G1 X177.025 Y178.804 E.01772
;WIDTH:0.459207
G1 X177.256 Y178.344 E.0178
G1 X177.556 Y177.926 E.0178
;WIDTH:0.455283
G1 X177.958 Y177.53 E.01936
;WIDTH:0.448388
G1 X178.422 Y177.213 E.01892
;WIDTH:0.446966
G1 X178.933 Y176.982 E.01885
;WIDTH:0.446253
G1 X179.476 Y176.842 E.01882
G1 X180.043 Y176.808 E.01906
;WIDTH:0.446556
G1 X180.571 Y176.853 E.01777
; stop printing object obj_2_MOLD.stl id:0 copy 0
;LAYER_CHANGE
;Z:14.4
;HEIGHT:0.2
;BEFORE_LAYER_CHANGE
G92 E0.0
;14.4
G1 E-.48606 F2100
;WIPE_START
G1 F6689.195
G1 X181.15 Y177.012 E-.18847
G1 X181.509 Y177.188 E-.12547
;WIPE_END
M486 S-1
;AFTER_LAYER_CHANGE
;14.4
;_SET_FAN_SPEED_CHANGING_LAYER
; printing object obj_2_MOLD.stl id:0 copy 0
M486 S0
G1 X180.97 Y177.432 Z14.4 F24000
G1 E.8 F4800
;WIDTH:0.454692
G1 F900
G1 X181.547 Y177.737 E.02234
G1 X181.871 Y177.996 E.01422
G1 X182.194 Y178.351 E.01643
;WIDTH:0.449995
G1 X182.499 Y178.863 E.02017
;WIDTH:0.446812
G1 X182.665 Y179.337 E.01685
;WIDTH:0.44917
G1 X182.742 Y179.838 E.01712
;WIDTH:0.449804
G1 X182.728 Y180.323 E.01643
G1 X182.628 Y180.798 E.01642
;WIDTH:0.447893
G1 X182.446 Y181.248 E.01634
;WIDTH:0.446687
G1 X182.188 Y181.659 E.01629
;WIDTH:0.45478
G1 X181.724 Y182.131 E.02267
G1 X181.379 Y182.371 E.01438
;WIDTH:0.453895
G1 X181.001 Y182.556 E.01437
;WIDTH:0.452302
G1 X180.584 Y182.685 E.01488
;WIDTH:0.450034
G1 X180.102 Y182.745 E.01643
;WIDTH:0.448051
G1 X179.611 Y182.718 E.01654
G1 X179.034 Y182.568 E.02008
;WIDTH:0.450928
G1 X178.519 Y182.314 E.0195
G1 X178.115 Y181.998 E.0174
;WIDTH:0.446602
G1 X177.789 Y181.627 E.01657
;WIDTH:0.454853
G1 X177.464 Y181.039 E.02301
G1 X177.361 Y180.76 E.01019
;WIDTH:0.452585
G1 X177.265 Y180.226 E.0185
G1 X177.26 Y179.798 E.01457
;WIDTH:0.450394
G1 X177.339 Y179.319 E.01645
;WIDTH:0.448307
G1 X177.504 Y178.856 E.01655
;WIDTH:0.448023
G1 X177.811 Y178.346 E.02004
;WIDTH:0.450561
G1 X178.201 Y177.923 E.01952
G1 X178.62 Y177.626 E.0174
;WIDTH:0.446783
G1 X179.067 Y177.418 E.01656
;WIDTH:0.446268
G1 X179.536 Y177.294 E.01628
G1 X180.019 Y177.258 E.01626
;WIDTH:0.446568
G1 X180.503 Y177.301 E.01629
G1 X180.932 Y177.421 E.01495
G1 X180.609 Y176.867 F24000
G1 F900
G1 X181.146 Y177.022 E.01877
G1 X181.649 Y177.267 E.01877
;WIDTH:0.448069
G1 X182.108 Y177.602 E.01913
;WIDTH:0.451294
G1 X182.508 Y178.019 E.01961
;WIDTH:0.458317
G1 X182.787 Y178.442 E.01752
G1 X182.996 Y178.891 E.01711
;WIDTH:0.454722
G1 X183.137 Y179.384 E.01756
;WIDTH:0.453768
G1 X183.195 Y179.894 E.01752
;WIDTH:0.452103
G1 X183.169 Y180.411 E.01763
;WIDTH:0.449804
G1 X183.047 Y180.957 E.01893
;WIDTH:0.447893
G1 X182.831 Y181.473 E.01884
;WIDTH:0.446687
G1 X182.53 Y181.945 E.01877
;WIDTH:0.446405
G1 X182.152 Y182.357 E.01876
;WIDTH:0.447328
G1 X181.708 Y182.697 E.01881
G1 X181.263 Y182.933 E.01695
;WIDTH:0.448728
G1 X180.74 Y183.108 E.01859
;WIDTH:0.451005
G1 X180.203 Y183.19 E.01844
;WIDTH:0.453024
G1 X179.708 Y183.183 E.01689
;WIDTH:0.459226
G1 X179.203 Y183.093 E.01775
G1 X178.718 Y182.927 E.01775
;WIDTH:0.4549
G1 X178.217 Y182.65 E.01961
;WIDTH:0.448135
G1 X177.783 Y182.297 E.01885
;WIDTH:0.446824
G1 X177.417 Y181.874 E.01878
;WIDTH:0.446327
G1 X177.13 Y181.394 E.01876
;WIDTH:0.447145
G1 X176.929 Y180.872 E.0188
G1 X176.829 Y180.377 E.01699
;WIDTH:0.448437
G1 X176.81 Y179.826 E.01857
;WIDTH:0.45064
G1 X176.885 Y179.28 E.01869
;WIDTH:0.452769
G1 X177.035 Y178.808 E.01689
;WIDTH:0.459207
G1 X177.265 Y178.35 E.01775
G1 X177.564 Y177.933 E.01775
;WIDTH:0.455231
G1 X177.965 Y177.538 E.0193
;WIDTH:0.448393
G1 X178.427 Y177.222 E.01886
;WIDTH:0.446977
G1 X178.936 Y176.991 E.01879
;WIDTH:0.446268
G1 X179.478 Y176.852 E.01875
G1 X180.043 Y176.819 E.019
;WIDTH:0.446568
G1 X180.569 Y176.864 E.01771
; stop printing object obj_2_MOLD.stl id:0 copy 0
;LAYER_CHANGE
;Z:14.6
;HEIGHT:0.200001
;BEFORE_LAYER_CHANGE
G92 E0.0
;14.6
G1 E-.48605 F2100
;WIPE_START
G1 F6688.996
G1 X181.146 Y177.022 E-.18789
G1 X181.507 Y177.198 E-.12605
;WIPE_END
M486 S-1
;AFTER_LAYER_CHANGE
;14.6
;_SET_FAN_SPEED_CHANGING_LAYER
; printing object obj_2_MOLD.stl id:0 copy 0
M204 T5000
M486 S0
G1 X179.481 Y177.315 Z14.6 F24000
G1 E.8 F4800
;WIDTH:0.447645
G1 F900
G1 X180.224 Y177.277 E.02507
;WIDTH:0.449353
G1 X180.731 Y177.363 E.01736
G1 X181.206 Y177.544 E.01718
;WIDTH:0.449141
G1 X181.596 Y177.778 E.01538
;WIDTH:0.448093
G1 X181.968 Y178.101 E.01659
;WIDTH:0.446659
G1 X182.277 Y178.484 E.01653
;WIDTH:0.454481
G1 X182.565 Y179.061 E.02206
G1 X182.679 Y179.464 E.01434
;WIDTH:0.453556
G1 X182.732 Y179.88 E.0143
;WIDTH:0.452378
G1 X182.718 Y180.324 E.01511
;WIDTH:0.44972
G1 X182.62 Y180.787 E.016
;WIDTH:0.448207
G1 X182.436 Y181.243 E.01659
;WIDTH:0.446724
G1 X182.174 Y181.659 E.0165
;WIDTH:0.454941
G1 X181.717 Y182.123 E.02231
G1 X181.374 Y182.362 E.01434
;WIDTH:0.453663
G1 X180.997 Y182.546 E.0143
;WIDTH:0.452525
G1 X180.577 Y182.675 E.01496
;WIDTH:0.449909
G1 X180.089 Y182.734 E.01666
;WIDTH:0.447862
G1 X179.591 Y182.704 E.01678
;WIDTH:0.448705
G1 X178.972 Y182.535 E.02165
;WIDTH:0.450621
G1 X178.527 Y182.307 E.01695
G1 X178.122 Y181.989 E.01746
;WIDTH:0.446587
G1 X177.791 Y181.612 E.01682
;WIDTH:0.447664
G1 X177.535 Y181.185 E.01677
;WIDTH:0.453263
G1 X177.335 Y180.609 E.02079
;WIDTH:0.450364
G1 X177.265 Y180.062 E.01869
;WIDTH:0.446352
G1 X177.301 Y179.559 E.01691
;WIDTH:0.456218
G1 X177.467 Y178.984 E.02055
G1 X177.722 Y178.485 E.01927
;WIDTH:0.448387
G1 X178.047 Y178.085 E.01738
;WIDTH:0.447325
G1 X178.435 Y177.756 E.0171
;WIDTH:0.453124
G1 X178.897 Y177.498 E.01802
G1 X179.442 Y177.327 E.01951
M204 T2500
G1 X180.435 Y176.843 F24000
M73 P93 R0
;WIDTH:0.453307
G1 F900
G1 X180.93 Y176.953 E.01732
;WIDTH:0.452327
G1 X181.434 Y177.157 E.01849
;WIDTH:0.44915
G1 X181.883 Y177.433 E.0178
;WIDTH:0.448093
G1 X182.307 Y177.81 E.01911
;WIDTH:0.446659
G1 X182.659 Y178.254 E.01904
;WIDTH:0.454481
G1 X182.987 Y178.894 E.0246
G1 X183.127 Y179.386 E.0175
;WIDTH:0.453556
G1 X183.184 Y179.894 E.01746
;WIDTH:0.452378
G1 X183.159 Y180.412 E.01764
;WIDTH:0.44972
G1 X183.04 Y180.945 E.0185
;WIDTH:0.448207
G1 X182.822 Y181.469 E.01911
;WIDTH:0.446724
G1 X182.517 Y181.945 E.01898
;WIDTH:0.446433
G1 X182.147 Y182.347 E.01835
;WIDTH:0.447449
G1 X181.698 Y182.692 E.01902
;WIDTH:0.448856
G1 X181.213 Y182.944 E.01846
G1 X180.735 Y183.099 E.01695
;WIDTH:0.451588
G1 X180.203 Y183.18 E.0183
;WIDTH:0.453901
G1 X179.709 Y183.172 E.01687
;WIDTH:0.460144
G1 X179.206 Y183.083 E.01773
G1 X178.722 Y182.919 E.01773
;WIDTH:0.451
G1 X178.229 Y182.645 E.01913
;WIDTH:0.448393
G1 X177.789 Y182.287 E.01912
;WIDTH:0.446834
G1 X177.419 Y181.858 E.01904
;WIDTH:0.447664
G1 X177.123 Y181.358 E.01955
;WIDTH:0.453263
G1 X176.905 Y180.752 E.02198
;WIDTH:0.454255
G1 X176.826 Y180.264 E.01688
;WIDTH:0.455069
G1 X176.824 Y179.771 E.01691
G1 X176.9 Y179.265 E.01752
;WIDTH:0.456218
G1 X177.059 Y178.78 E.01757
G1 X177.39 Y178.181 E.02349
;WIDTH:0.446392
G1 X177.755 Y177.747 E.01902
;WIDTH:0.447325
G1 X178.19 Y177.383 E.01907
;WIDTH:0.453124
G1 X178.722 Y177.082 E.02086
;WIDTH:0.45796
G1 X179.206 Y176.916 E.01764
;WIDTH:0.459671
G1 X179.711 Y176.833 E.01773
G1 X180.395 Y176.843 E.02371
; stop printing object obj_2_MOLD.stl id:0 copy 0
;LAYER_CHANGE
;Z:14.8
;HEIGHT:0.2
;BEFORE_LAYER_CHANGE
G92 E0.0
;14.8
G1 E-.47586 F2100
;WIPE_START
G1 F6478.688
G1 X180.93 Y176.953 E-.17729
G1 X181.35 Y177.123 E-.14685
;WIPE_END
M486 S-1
;AFTER_LAYER_CHANGE
;14.8
;_SET_FAN_SPEED_CHANGING_LAYER
; printing object obj_2_MOLD.stl id:0 copy 0
M204 T5000
M486 S0
G1 X179.509 Y177.32 Z14.8 F24000
G1 E.8 F4800
;WIDTH:0.446722
G1 F900
G1 X180.249 Y177.289 E.02487
;WIDTH:0.450836
G1 X180.797 Y177.393 E.0189
G1 X181.304 Y177.608 E.01871
;WIDTH:0.447573
G1 X181.785 Y177.942 E.0197
;WIDTH:0.452594
G1 X182.164 Y178.346 E.01887
G1 X182.468 Y178.846 E.01994
;WIDTH:0.448258
G1 X182.658 Y179.401 E.01975
;WIDTH:0.448749
G1 X182.725 Y179.948 E.01862
G1 X182.679 Y180.498 E.01862
;WIDTH:0.447126
G1 X182.524 Y181.027 E.01852
;WIDTH:0.452706
G1 X182.266 Y181.512 E.01872
G1 X181.888 Y181.964 E.02006
;WIDTH:0.44828
G1 X181.425 Y182.322 E.01975
;WIDTH:0.452654
G1 X180.965 Y182.547 E.01743
G1 X180.393 Y182.696 E.02015
;WIDTH:0.448018
G1 X179.807 Y182.718 E.01974
;WIDTH:0.448553
G1 X179.263 Y182.624 E.01862
G1 X178.75 Y182.421 E.0186
;WIDTH:0.44722
G1 X178.289 Y182.12 E.01852
;WIDTH:0.452872
G1 X177.902 Y181.737 E.01856
G1 X177.575 Y181.242 E.02023
;WIDTH:0.448335
G1 X177.365 Y180.695 E.01976
;WIDTH:0.452803
G1 X177.283 Y180.195 E.01726
G1 X177.305 Y179.599 E.02033
;WIDTH:0.447294
G1 X177.441 Y179.064 E.01853
;WIDTH:0.452968
G1 X177.677 Y178.578 E.01845
G1 X178.042 Y178.105 E.02035
;WIDTH:0.447607
G1 X178.463 Y177.75 E.01855
;WIDTH:0.451525
G1 X178.938 Y177.49 E.01841
G1 X179.471 Y177.331 E.01887
M204 T2500
G1 X179.689 Y176.842 F24000
;WIDTH:0.458703
G1 F900
G1 X180.341 Y176.849 E.02254
;WIDTH:0.450836
G1 X180.89 Y176.951 E.01893
;WIDTH:0.455576
G1 X181.353 Y177.129 E.01704
;WIDTH:0.457499
G1 X181.795 Y177.382 E.01756
G1 X182.191 Y177.703 E.01757
;WIDTH:0.453445
G1 X182.587 Y178.166 E.02079
;WIDTH:0.447617
G1 X182.899 Y178.718 E.02134
;WIDTH:0.452142
G1 X183.113 Y179.371 E.02339
;WIDTH:0.452882
G1 X183.17 Y180.013 E.02195
;WIDTH:0.446794
G1 X183.105 Y180.641 E.02123
;WIDTH:0.449151
G1 X182.918 Y181.247 E.02141
;WIDTH:0.452706
G1 X182.662 Y181.73 E.01862
;WIDTH:0.456021
G1 X182.362 Y182.119 E.0169
;WIDTH:0.456942
G1 X181.993 Y182.471 E.01754
G1 X181.573 Y182.759 E.01754
;WIDTH:0.451947
G1 X181.01 Y183.006 E.02089
;WIDTH:0.447491
G1 X180.392 Y183.146 E.02132
;WIDTH:0.447821
G1 X179.793 Y183.165 E.0202
;WIDTH:0.453019
G1 X179.243 Y183.083 E.01894
;WIDTH:0.456008
G1 X178.759 Y182.921 E.01753
;WIDTH:0.456146
G1 X178.307 Y182.686 E.01751
G1 X177.899 Y182.38 E.01751
;WIDTH:0.45316
G1 X177.481 Y181.926 E.02105
;WIDTH:0.447411
G1 X177.149 Y181.386 E.02132
;WIDTH:0.450716
G1 X176.917 Y180.761 E.02261
;WIDTH:0.452803
G1 X176.836 Y180.264 E.01718
;WIDTH:0.456084
G1 X176.835 Y179.772 E.0169
G1 X176.911 Y179.268 E.0175
G1 X177.068 Y178.783 E.01751
;WIDTH:0.453039
G1 X177.364 Y178.238 E.02115
;WIDTH:0.447335
G1 X177.766 Y177.751 E.02123
;WIDTH:0.451831
G1 X178.277 Y177.334 E.02244
G1 X178.726 Y177.091 E.01737
;WIDTH:0.456813
G1 X179.191 Y176.932 E.01693
;WIDTH:0.458703
G1 X179.65 Y176.849 E.0161
; stop printing object obj_2_MOLD.stl id:0 copy 0
;LAYER_CHANGE
;Z:15
;HEIGHT:0.2
;BEFORE_LAYER_CHANGE
G92 E0.0
;15
G1 E-.47661 F2100
;WIPE_START
G1 F6493.772
G1 X180.341 Y176.849 E-.22355
G1 X180.645 Y176.906 E-.09984
;WIPE_END
M486 S-1
;AFTER_LAYER_CHANGE
;15
;_SET_FAN_SPEED_CHANGING_LAYER
; printing object obj_2_MOLD.stl id:0 copy 0
M486 S0
G1 X180.432 Y176.863 Z15 F24000
G1 E.8 F4800
;WIDTH:0.449999
G1 F900
G1 X180.937 Y176.977 E.01752
G1 X181.478 Y177.207 E.0199
G1 X181.974 Y177.535 E.02014
G1 X182.402 Y177.948 E.02014
G1 X182.749 Y178.433 E.02016
G1 X182.964 Y178.889 E.01708
G1 X183.108 Y179.39 E.01763
G1 X183.164 Y179.908 E.01765
G1 X183.146 Y180.368 E.01557
G1 X183.041 Y180.878 E.01764
G1 X182.828 Y181.412 E.01945
G1 X182.511 Y181.915 E.02014
G1 X182.108 Y182.353 E.02014
G1 X181.699 Y182.664 E.01737
G1 X181.192 Y182.93 E.01941
G1 X180.7 Y183.087 E.01747
G1 X180.215 Y183.158 E.0166
G1 X179.693 Y183.152 E.01765
G1 X179.181 Y183.057 E.01764
G1 X178.655 Y182.861 E.01901
G1 X178.144 Y182.555 E.02014
G1 X177.698 Y182.162 E.02014
G1 X177.376 Y181.759 E.01746
G1 X177.098 Y181.258 E.01941
G1 X176.927 Y180.76 E.01782
G1 X176.847 Y180.276 E.0166
G1 X176.842 Y179.755 E.01765
G1 X176.927 Y179.24 E.01764
G1 X177.108 Y178.723 E.01856
G1 X177.402 Y178.205 E.02014
G1 X177.784 Y177.75 E.02014
G1 X178.182 Y177.417 E.01755
G1 X178.677 Y177.128 E.01941
G1 X179.181 Y176.943 E.01817
G1 X179.69 Y176.848 E.01752
G1 X180.392 Y176.862 E.02377
M204 T5000
G1 E-.48338 F2100
;WIPE_START
G1 F6632.618
G1 X180.937 Y176.977 E-.17628
G1 X181.345 Y177.15 E-.14034
;WIPE_END
G1 X177.785 Y180.877 F24000
G1 E.8 F4800
G1 F900
G1 X177.976 Y181.25 E.01418
G1 X178.188 Y181.533 E.01197
G1 X178.628 Y181.947 E.02045
G1 X179.031 Y182.177 E.01571
G1 X179.431 Y182.311 E.01428
G1 X179.781 Y182.364 E.01198
G1 X180.378 Y182.352 E.02021
G1 X180.823 Y182.236 E.01557
G1 X181.213 Y182.048 E.01465
G1 X181.499 Y181.841 E.01195
G1 X181.914 Y181.419 E.02003
G1 X182.151 Y181.025 E.01556
G1 X182.301 Y180.612 E.01487
G1 X182.36 Y180.263 E.01198
G1 X182.361 Y179.679 E.01977
G1 X182.255 Y179.231 E.01558
G1 X182.071 Y178.825 E.01509
G1 X181.869 Y178.535 E.01196
G1 X181.465 Y178.121 E.01958
G1 X181.077 Y177.875 E.01555
G1 X180.655 Y177.71 E.01534
G1 X180.168 Y177.623 E.01675
G1 X179.517 Y177.668 E.02209
G1 X179.07 Y177.807 E.01585
G1 X178.713 Y178 E.01374
G1 X178.434 Y178.217 E.01196
G1 X178.02 Y178.675 E.0209
G1 X177.802 Y179.08 E.01557
G1 X177.68 Y179.474 E.01396
G1 X177.633 Y179.825 E.01199
G1 X177.658 Y180.435 E.02067
G1 X177.774 Y180.838 E.01419
G1 X177.975 Y181.89 F24000
M204 P3000
;TYPE:Inner wall
;WIDTH:0.37502
G1 F900
G1 X177.648 Y181.467 E.01478
G1 X177.41 Y180.988 E.01477
;WIDTH:0.373582
G1 X177.271 Y180.471 E.0147
;WIDTH:0.370212
G1 X177.231 Y179.938 E.01455
M73 P94 R0
;WIDTH:0.37461
G1 X177.292 Y179.407 E.01476
G1 X177.457 Y178.898 E.01476
;WIDTH:0.373948
G1 X177.698 Y178.458 E.01381
;WIDTH:0.369018
G1 X178.022 Y178.06 E.01391
G1 X178.413 Y177.728 E.01391
;WIDTH:0.373946
G1 X178.849 Y177.479 E.01381
;WIDTH:0.381088
G1 X179.309 Y177.316 E.01372
;WIDTH:0.396632
G1 X179.721 Y177.251 E.01228
G1 X180.262 Y177.245 E.0159
;WIDTH:0.37844
G1 X180.795 Y177.343 E.01514
G1 X181.266 Y177.534 E.01417
;WIDTH:0.371648
G1 X181.698 Y177.811 E.01403
;WIDTH:0.368036
G1 X182.073 Y178.162 E.01387
;WIDTH:0.370444
G1 X182.377 Y178.575 E.01398
;WIDTH:0.376468
G1 X182.599 Y179.034 E.01414
;WIDTH:0.383172
G1 X182.719 Y179.466 E.01269
;WIDTH:0.385944
G1 X182.763 Y180.195 E.02084
;WIDTH:0.379382
G1 X182.671 Y180.744 E.01555
G1 X182.486 Y181.223 E.01439
;WIDTH:0.372576
G1 X182.204 Y181.677 E.01465
;WIDTH:0.37073
G1 X181.841 Y182.07 E.01457
;WIDTH:0.37983
G1 X181.386 Y182.401 E.01575
G1 X180.925 Y182.612 E.01422
;WIDTH:0.372898
G1 X180.405 Y182.74 E.01467
;WIDTH:0.37054
G1 X179.871 Y182.767 E.01457
;WIDTH:0.380266
G1 X179.308 Y182.685 E.01596
G1 X178.837 Y182.515 E.01406
;WIDTH:0.373232
G1 X178.376 Y182.244 E.01468
;WIDTH:0.37037
G1 X178.005 Y181.917 E.01347
; stop printing object obj_2_MOLD.stl id:0 copy 0
;LAYER_CHANGE
;Z:15.2
;HEIGHT:0.2
;BEFORE_LAYER_CHANGE
G92 E0.0
;15.2
G1 E-.54532 F2100
;WIPE_START
G1 F8245.533
G1 X177.648 Y181.467 E-.14629
G1 X177.459 Y181.086 E-.10839
;WIPE_END
M486 S-1
;AFTER_LAYER_CHANGE
;15.2
;_SET_FAN_SPEED_CHANGING_LAYER
; printing object obj_2_MOLD.stl id:0 copy 0
M486 S0
G1 X178.064 Y181.92 Z15.2 F24000
G1 E.8 F4800
;WIDTH:0.426774
G1 F900
G1 X177.756 Y181.565 E.01501
G1 X177.462 Y181.024 E.01966
;WIDTH:0.425135
G1 X177.294 Y180.402 E.02048
;WIDTH:0.419165
G1 X177.266 Y179.862 E.01691
;WIDTH:0.427489
G1 X177.342 Y179.346 E.01668
G1 X177.52 Y178.847 E.01695
;WIDTH:0.417979
G1 X177.87 Y178.274 E.02092
;WIDTH:0.425733
G1 X178.232 Y177.913 E.01629
;WIDTH:0.426208
G1 X178.739 Y177.572 E.01947
G1 X179.26 Y177.37 E.01782
;WIDTH:0.422829
G1 X179.765 Y177.274 E.01625
G1 X180.331 Y177.281 E.01786
;WIDTH:0.426336
G1 X180.822 Y177.391 E.01607
G1 X181.382 Y177.636 E.01948
;WIDTH:0.422291
G1 X181.791 Y177.933 E.01592
;WIDTH:0.426033
G1 X182.154 Y178.315 E.01681
G1 X182.41 Y178.717 E.01518
;WIDTH:0.420185
G1 X182.626 Y179.22 E.01717
;WIDTH:0.427273
G1 X182.721 Y179.701 E.01568
G1 X182.738 Y180.008 E.00983
;WIDTH:0.426448
G1 X182.683 Y180.535 E.01688
G1 X182.537 Y181.014 E.01597
;WIDTH:0.419773
G1 X182.269 Y181.532 E.01827
;WIDTH:0.425912
G1 X181.905 Y181.963 E.01797
G1 X181.531 Y182.272 E.01547
;WIDTH:0.421541
G1 X181.072 Y182.515 E.01633
;WIDTH:0.426943
G1 X180.563 Y182.677 E.01706
G1 X179.97 Y182.738 E.01903
;WIDTH:0.424004
G1 X179.466 Y182.685 E.01606
;WIDTH:0.425628
G1 X178.939 Y182.522 E.01757
G1 X178.508 Y182.297 E.01545
;WIDTH:0.422172
G1 X178.117 Y181.981 E.01585
;WIDTH:0.426774
G1 X178.091 Y181.95 E.00131
M204 T2500
G1 X178.277 Y182.643 F24000
M204 P2500
;TYPE:Outer wall
;WIDTH:0.449999
G1 F900
G1 X177.739 Y182.202 E.02354
G1 X177.419 Y181.817 E.01697
G1 X177.111 Y181.258 E.02158
G1 X176.945 Y180.781 E.0171
G1 X176.863 Y180.319 E.01588
G1 X176.852 Y179.814 E.01708
G1 X176.923 Y179.311 E.01722
G1 X177.056 Y178.87 E.01557
G1 X177.275 Y178.413 E.01715
G1 X177.561 Y177.997 E.0171
G1 X177.948 Y177.603 E.0187
G1 X178.521 Y177.212 E.02349
G1 X179.027 Y176.999 E.01857
G1 X179.705 Y176.858 E.02345
G1 X180.397 Y176.869 E.02342
G1 X180.933 Y176.985 E.01859
G1 X181.57 Y177.262 E.02349
G1 X182.019 Y177.576 E.01857
G1 X182.501 Y178.074 E.02345
G1 X182.86 Y178.666 E.02344
G1 X183.046 Y179.186 E.01869
G1 X183.138 Y179.684 E.01711
G1 X183.155 Y180.095 E.01392
G1 X183.09 Y180.643 E.01871
G1 X182.875 Y181.304 E.02352
G1 X182.632 Y181.743 E.01697
G1 X182.186 Y182.276 E.02352
G1 X181.759 Y182.62 E.01859
G1 X181.143 Y182.942 E.02352
G1 X180.663 Y183.086 E.01697
G1 X179.971 Y183.156 E.02353
G1 X179.425 Y183.103 E.01858
G1 X178.76 Y182.903 E.02349
G1 X178.312 Y182.662 E.01722
M204 T5000
G1 X178.73 Y181.988 F24000
M204 P3000
;TYPE:Inner wall
;WIDTH:0.425628
G1 F900
G1 X179.062 Y182.16 E.01191
G1 X179.569 Y182.323 E.01694
;WIDTH:0.419612
G1 X180.25 Y182.346 E.02136
;WIDTH:0.417729
G1 X180.846 Y182.21 E.01904
;WIDTH:0.421541
G1 X181.335 Y181.947 E.01747
;WIDTH:0.425912
G1 X181.622 Y181.706 E.01193
G1 X181.965 Y181.312 E.01664
;WIDTH:0.421134
G1 X182.251 Y180.707 E.02104
;WIDTH:0.419207
G1 X182.363 Y180.034 E.02136
;WIDTH:0.420047
G1 X182.279 Y179.37 E.02097
G1 X182.079 Y178.883 E.01652
;WIDTH:0.426033
G1 X181.867 Y178.568 E.01212
G1 X181.518 Y178.193 E.01631
;WIDTH:0.421582
G1 X180.973 Y177.851 E.02024
;WIDTH:0.419557
G1 X180.313 Y177.657 E.02154
;WIDTH:0.422829
G1 X179.794 Y177.651 E.01641
G1 X179.194 Y177.78 E.01937
;WIDTH:0.41661
G1 X178.736 Y178.008 E.01591
;WIDTH:0.425733
G1 X178.47 Y178.211 E.01066
G1 X178.109 Y178.584 E.01651
;WIDTH:0.418585
G1 X177.783 Y179.184 E.02133
;WIDTH:0.419165
G1 X177.642 Y179.852 E.02136
;WIDTH:0.420696
G1 X177.697 Y180.533 E.02145
G1 X177.949 Y181.167 E.02142
;WIDTH:0.417649
G1 X178.299 Y181.646 E.01849
;WIDTH:0.422172
G1 X178.699 Y181.963 E.01609
M204 T1500
G1 X179.005 Y181.668 F24000
M204 P1500
;TYPE:Overhang wall
;WIDTH:0.449999
G1 F900
G1 X179.07 Y181.717 E.00276
G1 X179.6 Y181.911 E.0191
G1 X180.163 Y181.946 E.01909
G1 X180.713 Y181.818 E.01911
G1 X181.203 Y181.538 E.0191
G1 X181.598 Y181.119 E.01949
G1 X181.849 Y180.628 E.01867
G1 X181.951 Y180.073 E.0191
G1 X181.891 Y179.512 E.0191
G1 X181.672 Y178.991 E.01913
G1 X181.314 Y178.555 E.0191
G1 X180.862 Y178.246 E.01853
G1 X180.359 Y178.081 E.01792
G1 X179.931 Y178.049 E.01453
G1 X179.376 Y178.15 E.01909
G1 X178.873 Y178.405 E.01909
G1 X178.464 Y178.794 E.01911
G1 X178.183 Y179.284 E.01912
G1 X178.054 Y179.833 E.01909
G1 X178.088 Y180.396 E.01909
G1 X178.281 Y180.927 E.01912
G1 X178.618 Y181.379 E.01908
G1 X178.973 Y181.644 E.015
; stop printing object obj_2_MOLD.stl id:0 copy 0
;LAYER_CHANGE
;Z:15.4
;HEIGHT:0.2
;BEFORE_LAYER_CHANGE
G92 E0.0
;15.4
G1 E-.16 F2100
;WIPE_START
G1 F900
G1 X179.07 Y181.717 E-.07767
G1 X179.6 Y181.911 E-.36113
G1 X179.914 Y181.93 E-.2012
;WIPE_END
M486 S-1
;AFTER_LAYER_CHANGE
;15.4
;_SET_FAN_SPEED_CHANGING_LAYER
; printing object obj_2_MOLD.stl id:0 copy 0
M204 T5000
M486 S0
G1 X179.921 Y182.603 Z15.4 F24000
G1 E.8 F4800
M204 P3000
;TYPE:Inner wall
;WIDTH:0.625941
G1 F900
M106 S127
G1 X179.598 Y182.588 E.01568
G1 X179.268 Y182.513 E.01638
;WIDTH:0.624809
G1 X178.755 Y182.305 E.02678
;WIDTH:0.629145
G1 X178.253 Y181.956 E.02981
G1 X178.019 Y181.711 E.01651
;WIDTH:0.625021
G1 X177.723 Y181.297 E.02462
;WIDTH:0.632608
G1 X177.498 Y180.784 E.02749
G1 X177.404 Y180.359 E.02134
;WIDTH:0.627621
G1 X177.379 Y179.829 E.02578
;WIDTH:0.633447
G1 X177.466 Y179.328 E.02499
G1 X177.649 Y178.845 E.02536
;WIDTH:0.626813
G1 X177.966 Y178.351 E.02849
;WIDTH:0.624998
G1 X178.412 Y177.916 E.03016
;WIDTH:0.633468
G1 X178.87 Y177.635 E.02638
G1 X179.327 Y177.464 E.02399
;WIDTH:0.627848
G1 X179.842 Y177.386 E.02532
;WIDTH:0.62618
G1 X180.377 Y177.404 E.02596
;WIDTH:0.633508
G1 X180.867 Y177.526 E.02477
G1 X181.329 Y177.74 E.02501
;WIDTH:0.62847
G1 X181.809 Y178.106 E.02941
;WIDTH:0.624884
G1 X182.201 Y178.577 E.02965
;WIDTH:0.632946
G1 X182.454 Y179.077 E.02746
G1 X182.588 Y179.569 E.02502
;WIDTH:0.629796
G1 X182.62 Y179.95 E.0187
;WIDTH:0.627642
G1 X182.602 Y180.288 E.01645
;WIDTH:0.625314
G1 X182.498 Y180.792 E.02491
;WIDTH:0.632206
G1 X182.269 Y181.314 E.02791
G1 X182.029 Y181.658 E.02054
;WIDTH:0.627265
G1 X181.664 Y182.03 E.02536
;WIDTH:0.633619
G1 X181.237 Y182.311 E.02509
G1 X180.752 Y182.511 E.02577
;WIDTH:0.627873
G1 X180.164 Y182.614 E.02905
;WIDTH:0.625941
G1 X179.961 Y182.605 E.00985
M73 P95 R0
M204 T2500
G1 X179.895 Y183.144 F24000
M204 P2500
;TYPE:Outer wall
;WIDTH:0.449999
G1 F900
G1 X179.348 Y183.078 E.01867
G1 X178.798 Y182.907 E.01948
G1 X178.308 Y182.653 E.01868
G1 X177.871 Y182.316 E.01868
G1 X177.485 Y181.89 E.01948
G1 X177.193 Y181.421 E.01868
G1 X176.988 Y180.909 E.01868
G1 X176.873 Y180.345 E.01948
G1 X176.861 Y179.794 E.01866
G1 X176.951 Y179.226 E.01949
G1 X177.123 Y178.726 E.01789
G1 X177.391 Y178.243 E.01869
G1 X177.754 Y177.797 E.01946
G1 X178.138 Y177.472 E.01702
G1 X178.609 Y177.184 E.01869
G1 X179.1 Y176.991 E.01787
G1 X179.646 Y176.881 E.01884
G3 X180.559 Y176.911 I.27 J5.771 E.03097
G1 X181.078 Y177.051 E.01818
G1 X181.621 Y177.312 E.02038
G1 X182.051 Y177.622 E.01795
G1 X182.43 Y178.01 E.01836
G1 X182.74 Y178.466 E.01865
G1 X182.974 Y178.991 E.01949
G1 X183.104 Y179.526 E.01861
G1 X183.146 Y180.026 E.01701
G1 X183.093 Y180.576 E.01867
G1 X182.945 Y181.107 E.01869
G1 X182.706 Y181.605 E.01867
G1 X182.368 Y182.071 E.01948
G1 X181.97 Y182.453 E.01868
G1 X181.511 Y182.759 E.01868
G1 X180.984 Y182.988 E.01947
G1 X180.446 Y183.114 E.01868
G1 X179.935 Y183.142 E.01734
M204 T5000
G1 X179.965 Y182.025 F24000
M204 P3000
;TYPE:Inner wall
;WIDTH:0.625403
G1 F900
G1 X180.132 Y182.036 E.00813
;WIDTH:0.628022
G1 X180.653 Y181.933 E.02582
G1 X181.151 Y181.68 E.02718
;WIDTH:0.631778
G1 X181.542 Y181.328 E.02577
;WIDTH:0.632206
G1 X181.743 Y181.049 E.01686
G1 X181.951 Y180.585 E.02492
;WIDTH:0.627642
G1 X182.038 Y180.002 E.02863
G1 X181.953 Y179.42 E.02863
;WIDTH:0.626042
G1 X181.705 Y178.886 E.02854
;WIDTH:0.630063
G1 X181.309 Y178.438 E.02919
G1 X180.881 Y178.161 E.02488
;WIDTH:0.623708
G1 X180.395 Y177.999 E.02475
;WIDTH:0.627893
G1 X179.855 Y177.967 E.02633
G1 X179.348 Y178.067 E.02511
;WIDTH:0.625202
G1 X178.932 Y178.266 E.02235
;WIDTH:0.632195
G1 X178.538 Y178.586 E.02486
G1 X178.321 Y178.85 E.01676
;WIDTH:0.631529
G1 X178.079 Y179.322 E.02593
;WIDTH:0.627255
G1 X177.965 Y179.899 E.02861
G1 X178.021 Y180.485 E.02861
;WIDTH:0.626128
G1 X178.243 Y181.031 E.02854
;WIDTH:0.629145
G1 X178.61 Y181.491 E.02871
G1 X179.095 Y181.825 E.0287
;WIDTH:0.625764
G1 X179.622 Y182.004 E.02699
;WIDTH:0.625403
G1 X179.925 Y182.023 E.01467
M204 T1500
G1 X180.045 Y181.518 F24000
M204 P1500
;TYPE:Overhang wall
;WIDTH:0.449999
G1 F900
G1 X180.08 Y181.522 E.00119
G1 X180.512 Y181.435 E.01492
G1 X180.901 Y181.229 E.0149
G1 X181.171 Y180.964 E.01281
G1 X181.427 Y180.534 E.01694
G1 X181.52 Y180.104 E.01489
G1 X181.487 Y179.669 E.01477
G1 X181.328 Y179.253 E.01507
G1 X181.059 Y178.905 E.01489
G1 X180.702 Y178.648 E.01489
G1 X180.286 Y178.503 E.01491
G1 X179.984 Y178.475 E.01027
G1 X179.525 Y178.55 E.01574
G1 X179.159 Y178.729 E.01379
G1 X178.891 Y178.967 E.01213
G1 X178.6 Y179.398 E.0176
G1 X178.486 Y179.823 E.01489
G1 X178.497 Y180.217 E.01334
G1 X178.637 Y180.681 E.01641
G1 X178.889 Y181.043 E.01493
G1 X179.233 Y181.317 E.01489
G1 X179.642 Y181.481 E.01492
G1 X180.006 Y181.515 E.01237
; stop printing object obj_2_MOLD.stl id:0 copy 0
;LAYER_CHANGE
;Z:15.6
;HEIGHT:0.200001
;BEFORE_LAYER_CHANGE
G92 E0.0
;15.6
G1 E-.16 F2100
;WIPE_START
G1 F900
G1 X180.08 Y181.522 E-.04814
G1 X180.512 Y181.435 E-.28183
G1 X180.901 Y181.229 E-.28182
G1 X180.933 Y181.198 E-.02821
;WIPE_END
M486 S-1
;AFTER_LAYER_CHANGE
;15.6
;_SET_FAN_SPEED_CHANGING_LAYER
; printing object obj_2_MOLD.stl id:0 copy 0
M204 T5000
M486 S0
G1 X180.788 Y182.115 Z15.6 F24000
G1 E.8 F4800
M204 P3000
;TYPE:Inner wall
;WIDTH:0.584823
G1 F900
M106 S127
G1 X180.54 Y182.208 E.01193
;WIDTH:0.588977
G1 X180.021 Y182.274 E.02376
G1 X179.503 Y182.217 E.02367
;WIDTH:0.58257
G1 X179.004 Y182.044 E.0237
;WIDTH:0.589436
G1 X178.569 Y181.766 E.02347
G1 X178.192 Y181.377 E.02462
;WIDTH:0.581184
G1 X177.891 Y180.86 E.02676
;WIDTH:0.581551
G1 X177.753 Y180.332 E.02444
;WIDTH:0.586779
G1 X177.735 Y179.783 E.02484
G1 X177.827 Y179.326 E.02109
;WIDTH:0.581146
G1 X178.039 Y178.85 E.02332
;WIDTH:0.587633
G1 X178.36 Y178.424 E.02417
G1 X178.72 Y178.12 E.02132
;WIDTH:0.582072
G1 X179.165 Y177.885 E.02256
;WIDTH:0.586801
G1 X179.731 Y177.744 E.02638
G1 X180.242 Y177.741 E.0231
;WIDTH:0.58828
G1 X180.681 Y177.83 E.02032
G1 X181.157 Y178.043 E.02366
;WIDTH:0.585518
G1 X181.611 Y178.393 E.02585
;WIDTH:0.585758
G1 X181.882 Y178.722 E.01924
G1 X182.141 Y179.234 E.02591
;WIDTH:0.588278
G1 X182.264 Y179.787 E.02567
G1 X182.274 Y180.005 E.0099
;WIDTH:0.585432
G1 X182.22 Y180.499 E.02243
G1 X182.077 Y180.928 E.02037
;WIDTH:0.583941
G1 X181.787 Y181.405 E.02514
;WIDTH:0.584665
G1 X181.43 Y181.771 E.02301
;WIDTH:0.584823
G1 X181.073 Y182.007 E.0193
G1 X180.825 Y182.101 E.01192
M204 T2500
G1 X180.97 Y182.596 F24000
M204 P2500
;TYPE:Outer wall
;WIDTH:0.449999
G1 F900
G1 X180.662 Y182.685 E.01084
G1 X180.062 Y182.77 E.02051
G1 X179.714 Y182.751 E.01179
G1 X179.148 Y182.637 E.01957
G1 X178.661 Y182.431 E.01789
G1 X178.227 Y182.129 E.01789
G1 X177.799 Y181.675 E.02114
G1 X177.519 Y181.223 E.018
G1 X177.317 Y180.693 E.01917
G1 X177.23 Y180.172 E.01789
G1 X177.252 Y179.644 E.01788
G1 X177.374 Y179.125 E.01805
G1 X177.613 Y178.603 E.01942
G1 X177.977 Y178.106 E.02086
G1 X178.223 Y177.88 E.01131
G1 X178.713 Y177.546 E.02006
G1 X179.14 Y177.366 E.01569
G1 X179.651 Y177.247 E.01775
G1 X180.242 Y177.247 E.02003
G1 X180.741 Y177.33 E.01711
G1 X181.236 Y177.515 E.01789
G1 X181.682 Y177.798 E.01788
G1 X182.132 Y178.238 E.02128
G1 X182.48 Y178.764 E.02137
G1 X182.674 Y179.256 E.01788
G1 X182.766 Y179.995 E.02522
G1 X182.711 Y180.572 E.01963
G1 X182.558 Y181.078 E.01788
G1 X182.303 Y181.54 E.01788
G1 X181.983 Y181.932 E.01713
G1 X181.529 Y182.305 E.01988
G1 X181.005 Y182.577 E.01997
M204 T5000
G1 E-.48338 F2100
;WIPE_START
G1 F6632.618
G1 X180.662 Y182.685 E-.11383
G1 X180.062 Y182.77 E-.19186
G1 X180.028 Y182.768 E-.01093
;WIPE_END
G1 X178.926 Y178.644 F24000
G1 E.8 F4800
M204 P3000
;TYPE:Inner wall
;WIDTH:0.583853
G1 F900
G1 X178.562 Y179.025 E.02369
G1 X178.322 Y179.541 E.02561
;WIDTH:0.581588
G1 X178.263 Y180.108 E.02553
;WIDTH:0.581142
G1 X178.385 Y180.643 E.02457
;WIDTH:0.580419
G1 X178.632 Y181.069 E.02199
;WIDTH:0.589436
G1 X178.926 Y181.353 E.01857
G1 X179.291 Y181.583 E.01963
;WIDTH:0.581657
G1 X179.801 Y181.726 E.02373
;WIDTH:0.583209
G1 X180.307 Y181.711 E.02272
;WIDTH:0.584823
G1 X180.856 Y181.51 E.02634
G1 X181.063 Y181.372 E.01121
;WIDTH:0.584665
G1 X181.416 Y181.002 E.02307
;WIDTH:0.582656
G1 X181.649 Y180.551 E.02277
;WIDTH:0.577967
G1 X181.739 Y180.016 E.02415
;WIDTH:0.582991
G1 X181.67 Y179.517 E.02262
;WIDTH:0.585758
G1 X181.411 Y178.991 E.02647
G1 X181.258 Y178.805 E.01086
;WIDTH:0.585518
G1 X180.79 Y178.452 E.02644
;WIDTH:0.582936
G1 X180.314 Y178.29 E.0226
;WIDTH:0.580209
G1 X179.85 Y178.273 E.02074
G1 X179.361 Y178.383 E.02236
;WIDTH:0.582201
G1 X178.967 Y178.601 E.02021
;WIDTH:0.583853
G1 X178.953 Y178.615 E.00089
M204 T2500
G1 X179.542 Y178.84 F24000
M204 P2500
;TYPE:Outer wall
;WIDTH:0.449999
G1 F900
G1 X179.243 Y179.012 E.01168
G1 X178.948 Y179.336 E.01483
G1 X178.796 Y179.681 E.01276
G1 X178.756 Y180.052 E.01263
G1 X178.851 Y180.479 E.01481
G1 X179.048 Y180.802 E.01281
G1 X179.384 Y181.081 E.01478
G1 X179.803 Y181.227 E.01502
G1 X180.249 Y181.219 E.0151
G1 X180.66 Y181.055 E.01498
G1 X180.947 Y180.808 E.01282
G1 X181.167 Y180.431 E.01477
G1 X181.244 Y180.061 E.01279
G1 X181.187 Y179.627 E.01482
G1 X180.979 Y179.235 E.01502
G1 X180.681 Y178.966 E.01359
G1 X180.322 Y178.809 E.01326
G1 X179.995 Y178.754 E.01122
G1 X179.582 Y178.833 E.01423
; stop printing object obj_2_MOLD.stl id:0 copy 0
;LAYER_CHANGE
;Z:15.8
;HEIGHT:0.2
;BEFORE_LAYER_CHANGE
G92 E0.0
;15.8
G1 E-.16 F2100
;WIPE_START
G1 F1680
G1 X179.243 Y179.012 E-.24519
G1 X178.948 Y179.336 E-.28019
G1 X178.876 Y179.5 E-.11462
;WIPE_END
M486 S-1
;AFTER_LAYER_CHANGE
;15.8
;_SET_FAN_SPEED_CHANGING_LAYER
; printing object obj_2_MOLD.stl id:0 copy 0
M486 S0
G1 X178.047 Y178.724 Z15.8 F24000
G1 E.8 F4800
G1 F900
G1 X178.376 Y178.317 E.0177
G1 X178.845 Y177.966 E.01984
M73 P96 R0
G1 X179.38 Y177.741 E.01964
G1 X179.914 Y177.656 E.01831
G1 X180.489 Y177.706 E.01954
G1 X181.045 Y177.9 E.01991
G1 X181.534 Y178.225 E.0199
G1 X181.873 Y178.602 E.01714
G1 X182.117 Y179.027 E.01658
G1 X182.233 Y179.327 E.0109
G1 X182.332 Y179.821 E.01704
G1 X182.32 Y180.344 E.01772
G1 X182.162 Y180.911 E.0199
G1 X181.867 Y181.42 E.0199
G1 X181.456 Y181.839 E.01991
G1 X180.952 Y182.144 E.0199
G1 X180.389 Y182.313 E.0199
G1 X179.802 Y182.337 E.0199
G1 X179.227 Y182.215 E.0199
G1 X178.7 Y181.953 E.0199
G1 X178.256 Y181.568 E.0199
G1 X177.92 Y181.085 E.0199
G1 X177.716 Y180.534 E.0199
G1 X177.655 Y179.949 E.0199
G1 X177.731 Y179.434 E.01762
G1 X177.893 Y179.007 E.01546
G1 X178.028 Y178.759 E.00955
M204 T5000
G1 E-.48338 F2100
;WIPE_START
G1 F6632.618
G1 X178.376 Y178.317 E-.17806
G1 X178.726 Y178.055 E-.13856
;WIPE_END
G1 X180.55 Y178.802 F24000
G1 E.8 F4800
G1 F900
G1 X180.209 Y178.698 E.01206
G1 X179.696 Y178.719 E.01736
G1 X179.357 Y178.849 E.01229
G1 X179.076 Y179.06 E.0119
G1 X178.86 Y179.337 E.0119
G1 X178.721 Y179.688 E.01277
G1 X178.682 Y180.012 E.01104
G1 X178.727 Y180.334 E.01102
G1 X178.897 Y180.722 E.01433
G1 X179.038 Y180.891 E.00745
G1 X179.376 Y181.161 E.01464
G1 X179.705 Y181.285 E.0119
G1 X180.055 Y181.317 E.0119
G1 X180.401 Y181.256 E.0119
G1 X180.741 Y181.088 E.01284
G1 X180.986 Y180.876 E.01097
G1 X181.181 Y180.585 E.01186
G1 X181.294 Y180.252 E.0119
G1 X181.315 Y179.901 E.0119
G1 X181.242 Y179.558 E.0119
G1 X181.063 Y179.223 E.01284
G1 X180.842 Y178.986 E.01097
G1 X180.584 Y178.824 E.01033
G1 X180.775 Y178.367 F24000
M204 P3000
;TYPE:Inner wall
;WIDTH:0.605594
G1 F900
G1 X181.066 Y178.522 E.01542
G1 X181.416 Y178.852 E.02247
;WIDTH:0.608682
G1 X181.676 Y179.279 E.02356
;WIDTH:0.615066
G1 X181.821 Y179.81 E.02617
G1 X181.812 Y180.225 E.01975
;WIDTH:0.616974
G1 X181.69 Y180.696 E.02324
;WIDTH:0.619906
G1 X181.455 Y181.106 E.02266
G1 X181.123 Y181.442 E.02266
;WIDTH:0.617538
G1 X180.683 Y181.692 E.02418
;WIDTH:0.612836
G1 X180.201 Y181.813 E.02356
;WIDTH:0.608654
G1 X179.715 Y181.8 E.02287
;WIDTH:0.606862
G1 X179.249 Y181.66 E.02278
;WIDTH:0.60554
G1 X178.838 Y181.403 E.02272
;WIDTH:0.604688
G1 X178.509 Y181.046 E.02268
;WIDTH:0.6044
G1 X178.285 Y180.615 E.02267
;WIDTH:0.604962
G1 X178.183 Y180.14 E.02269
;WIDTH:0.60549
G1 X178.206 Y179.684 E.02132
;WIDTH:0.607824
G1 X178.361 Y179.204 E.02371
;WIDTH:0.609448
G1 X178.635 Y178.79 E.02339
;WIDTH:0.611882
G1 X179.002 Y178.471 E.02301
;WIDTH:0.614786
G1 X179.441 Y178.261 E.02314
;WIDTH:0.62075
G1 X179.666 Y178.206 E.0111
G1 X180.219 Y178.189 E.02662
;WIDTH:0.604722
G1 X180.638 Y178.294 E.02015
;WIDTH:0.605594
G1 X180.74 Y178.348 E.00543
; stop printing object obj_2_MOLD.stl id:0 copy 0
;LAYER_CHANGE
;Z:16
;HEIGHT:0.2
;BEFORE_LAYER_CHANGE
G92 E0.0
;16
G1 E-.36236 F2100
;WIPE_START
G1 F4798.516
G1 X181.066 Y178.522 E-.16176
G1 X181.416 Y178.852 E-.21022
G1 X181.494 Y178.98 E-.06565
;WIPE_END
M486 S-1
;AFTER_LAYER_CHANGE
;16
;_SET_FAN_SPEED_CHANGING_LAYER
; printing object obj_2_MOLD.stl id:0 copy 0
M204 T2500
M486 S0
G1 X181.156 Y179.194 Z16 F24000
G1 E.8 F4800
M204 P2500
;TYPE:Outer wall
;WIDTH:0.486164
G1 F900
G1 X181.327 Y179.528 E.01384
;WIDTH:0.484799
G1 X181.404 Y179.895 E.01379
;WIDTH:0.483644
G1 X181.381 Y180.27 E.01375
;WIDTH:0.482701
G1 X181.261 Y180.625 E.01372
;WIDTH:0.481972
G1 X181.05 Y180.936 E.01369
;WIDTH:0.481452
G1 X180.766 Y181.18 E.01367
;WIDTH:0.481143
G1 X180.427 Y181.34 E.01366
G1 X180.058 Y181.405 E.01366
;WIDTH:0.481493
G1 X179.684 Y181.371 E.01367
;WIDTH:0.482036
G1 X179.333 Y181.239 E.01369
;WIDTH:0.490935
G1 X178.962 Y180.945 E.01763
G1 X178.761 Y180.661 E.01297
;WIDTH:0.490337
G1 X178.635 Y180.337 E.01296
;WIDTH:0.489527
G1 X178.592 Y179.99 E.01296
;WIDTH:0.488502
G1 X178.638 Y179.638 E.01317
;WIDTH:0.487193
G1 X178.758 Y179.338 E.01192
;WIDTH:0.484392
G1 X179.013 Y178.995 E.0157
G1 X179.314 Y178.771 E.01377
;WIDTH:0.48352
G1 X179.677 Y178.632 E.01422
G1 X180.186 Y178.605 E.01871
;WIDTH:0.488867
G1 X180.609 Y178.731 E.01636
G1 X180.904 Y178.919 E.01295
;WIDTH:0.487702
G1 X181.129 Y179.164 E.01232
G1 X180.227 Y178.126 F24000
;WIDTH:0.481189
G1 F900
G1 X180.704 Y178.248 E.01795
;WIDTH:0.481967
G1 X181.134 Y178.489 E.01798
;WIDTH:0.486646
G1 X181.539 Y178.895 E.02117
G1 X181.78 Y179.34 E.01866
;WIDTH:0.486259
G1 X181.888 Y179.834 E.01864
G1 X181.848 Y180.393 E.02068
;WIDTH:0.482568
G1 X181.683 Y180.857 E.01801
;WIDTH:0.481688
G1 X181.403 Y181.263 E.01797
;WIDTH:0.480962
G1 X181.029 Y181.583 E.01794
;WIDTH:0.48039
G1 X180.584 Y181.794 E.01791
;WIDTH:0.479978
G1 X180.1 Y181.884 E.01789
;WIDTH:0.479718
G1 X179.609 Y181.846 E.01788
G1 X179.145 Y181.682 E.01788
;WIDTH:0.479874
G1 X178.739 Y181.404 E.01789
;WIDTH:0.480238
G1 X178.419 Y181.03 E.0179
;WIDTH:0.480756
G1 X178.206 Y180.586 E.01793
;WIDTH:0.481776
G1 X178.117 Y180.127 E.01707
;WIDTH:0.482435
G1 X178.149 Y179.629 E.01825
;WIDTH:0.483309
G1 X178.31 Y179.156 E.01829
;WIDTH:0.484391
G1 X178.589 Y178.742 E.01835
;WIDTH:0.485686
G1 X178.968 Y178.414 E.01841
;WIDTH:0.487191
G1 X179.419 Y178.198 E.01849
;WIDTH:0.498068
G1 X179.891 Y178.114 E.01815
G1 X180.187 Y178.125 E.0112
; stop printing object obj_2_MOLD.stl id:0 copy 0
;LAYER_CHANGE
;Z:16.2
;HEIGHT:0.200001
;BEFORE_LAYER_CHANGE
G92 E0.0
;16.2
G1 E-.446 F2100
;WIPE_START
G1 F5932.136
G1 X180.704 Y178.248 E-.18819
G1 X181.112 Y178.477 E-.16582
;WIPE_END
M486 S-1
;AFTER_LAYER_CHANGE
;16.2
;_SET_FAN_SPEED_CHANGING_LAYER
; printing object obj_2_MOLD.stl id:0 copy 0
M486 S0
G1 X180.9 Y178.836 Z16.2 F24000
G1 E.8 F4800
;WIDTH:0.42318
G1 F900
G1 X181.138 Y179.069 E.01053
;WIDTH:0.427434
G1 X181.367 Y179.451 E.01425
;WIDTH:0.430186
G1 X181.468 Y179.847 E.01315
;WIDTH:0.432636
G1 X181.459 Y180.217 E.01199
;WIDTH:0.43497
G1 X181.358 Y180.572 E.01205
;WIDTH:0.436924
G1 X181.173 Y180.891 E.0121
;WIDTH:0.438498
G1 X180.913 Y181.154 E.01214
;WIDTH:0.439692
G1 X180.597 Y181.345 E.01217
;WIDTH:0.440228
G1 X180.247 Y181.45 E.01209
G1 X179.799 Y181.459 E.01479
;WIDTH:0.437586
G1 X179.398 Y181.344 E.0137
;WIDTH:0.438182
G1 X179.085 Y181.153 E.01207
;WIDTH:0.439464
G1 X178.827 Y180.889 E.01217
;WIDTH:0.440184
G1 X178.644 Y180.571 E.01212
G1 X178.539 Y180.167 E.01377
;WIDTH:0.437614
G1 X178.551 Y179.732 E.0143
;WIDTH:0.439872
G1 X178.669 Y179.372 E.01248
G1 X178.867 Y179.061 E.01217
;WIDTH:0.439212
G1 X179.238 Y178.742 E.01612
;WIDTH:0.421482
G1 X179.658 Y178.571 E.01429
G1 X180.169 Y178.544 E.01609
;WIDTH:0.42169
G1 X180.561 Y178.64 E.0127
;WIDTH:0.42318
G1 X180.866 Y178.816 E.01114
; stop printing object obj_2_MOLD.stl id:0 copy 0
G1 E-.50424 F2100
;WIPE_START
G1 F7100.405
G1 X181.138 Y179.069 E-.10998
G1 X181.367 Y179.451 E-.13179
G1 X181.412 Y179.628 E-.05398
;WIPE_END
M486 S-1
M106 S0
;TYPE:Custom
; filament end gcode 
G1 Z18.2 F720 ; Move bed down
M104 S0 ; turn off temperature
M140 S0 ; turn off heatbed
M107 ; turn off fan
G1 X6 Y350 F6000 ; park
G1 Z116.2 F300 ; Move bed down
M73 P97 R0
M900 K0 ; reset LA
M142 S36 ; reset heatbreak target temp
M221 S100 ; reset flow percentage
M84 ; disable motors
; max_layer_z = 16.2
M73 P100 R0
; EXECUTABLE_BLOCK_END

; filament used [mm] = 266.60, 316.02
; filament used [cm3] = 0.64, 0.76
;===================================================
; MAGMA INJECTION (auto, magma_inject.py)
; cavity 149.4 mm^2 max x ~16.00 mm = 699 mm^3  ->  inject 712 mm^3
; XY 179.923,179.886  rim z=16.20  plunge 2.0mm -> z=14.20
; 230C  flow 25.0 mm^3/s  E=296.0mm in 2x148.01mm @ F624
;===================================================
M83 ; relative E
; --- tool change: mold T0 -> inject T1 ---
G1 E-20.0 F2100        ; unload mold filament
M104 S70 T0      ; cool mold tool
G1 F21000
P0 S1 L2 D0               ; park mold tool
M109 S230 T1      ; heat inject tool + wait
M106 S255                 ; fan
T1 S1 L0 D0            ; pick inject tool
G1 E20.0 F1500         ; reload inject filament
G1 Z20 F600                ; lift clear
G1 X179.923 Y179.886 F9000   ; travel to injection point
G1 Z16.200 F600          ; descend to cavity rim
G1 Z14.200 F60         ; plunge 2.0mm
G1 E0.8 F2100             ; prime
; --- inject 712 mm^3 ---
G1 E148.008 F624
G1 E148.008 F624
G4 P800
G1 E-1.5 F2100            ; retract
G1 Z40 F600                ; lift back up
;===================== END MAGMA INJECTION =========
; filament used [g] = 0.81, 0.94
; filament cost = 0.02
; total filament used [g] = 1.75
; total filament cost = 0.02
; total layers count = 81
; estimated printing time (normal mode) = 11m 18s
; estimated first layer printing time (normal mode) = 4m 31s

; CONFIG_BLOCK_START
; accel_to_decel_enable = 1
; accel_to_decel_factor = 50%
; activate_air_filtration = 0
; activate_air_filtration_during_print = 1
; activate_air_filtration_on_completion = 1
; activate_chamber_temp_control = 0
; adaptive_bed_mesh_margin = 0
; adaptive_pressure_advance = 0
; adaptive_pressure_advance_bridges = 0
; adaptive_pressure_advance_model = "0,0,0\n0,0,0"
; adaptive_pressure_advance_overhangs = 0
; additional_cooling_fan_speed = 0
; align_infill_direction_to_model = 0
; alternate_extra_wall = 0
; auxiliary_fan = 0
; bbl_calib_mark_logo = 1
; bed_custom_model = 
; bed_custom_texture = 
; bed_exclude_area = 0x0
; bed_mesh_max = 99999,99999
; bed_mesh_min = -99999,-99999
; bed_mesh_probe_distance = 50,50
; bed_temperature_formula = by_highest_temp
; before_layer_change_gcode = ;BEFORE_LAYER_CHANGE\nG92 E0.0\n;[layer_z]
; best_object_pos = 0.5,0.5
; bottom_shell_layers = 4
; bottom_shell_thickness = 0.5
; bottom_solid_infill_flow_ratio = 1
; bottom_surface_density = 100%
; bottom_surface_pattern = monotonic
; bridge_acceleration = 1500
; bridge_angle = 0
; bridge_density = 100%
; bridge_flow = 0.95
; bridge_no_support = 0
; bridge_speed = 50
; brim_ears_detection_length = 1
; brim_ears_max_angle = 125
; brim_flow_ratio = 1
; brim_object_gap = 0.1
; brim_type = outer_only
; brim_use_efc_outline = 0
; brim_width = 0
; calib_flowrate_topinfill_special_order = 0
; chamber_temperature = 0
; change_extrusion_role_gcode = 
; change_filament_gcode = M600\nG1 E0.3 F1500 ; prime after color change
; close_fan_the_first_x_layers = 3
; combine_brims = 0
; complete_print_exhaust_fan_speed = 80
; cool_plate_temp = 60
; cool_plate_temp_initial_layer = 60
; cooling_tube_length = 5
; cooling_tube_retraction = 91.5
; counterbore_hole_bridging = none
; curr_bed_type = Cool Plate
; default_acceleration = 2500
; default_filament_colour = ""
; default_filament_profile = "Prusa Generic PLA @XL"
; default_jerk = 0
; default_junction_deviation = 0
; default_print_profile = 0.20mm Speed @Prusa XL 0.4
; deretraction_speed = 80
; detect_narrow_internal_solid_infill = 1
; detect_overhang_wall = 1
; detect_thin_wall = 0
; different_settings_to_system = ;;
; disable_m73 = 0
; dont_filter_internal_bridges = disabled
; dont_slow_down_outer_wall = 0
; draft_shield = disabled
; during_print_exhaust_fan_speed = 60
; elefant_foot_compensation = 0.2
; elefant_foot_compensation_layers = 1
; elefant_foot_layers_density = 100%
; emit_machine_limits_to_gcode = 1
; enable_arc_fitting = 1
; enable_extra_bridge_layer = disabled
; enable_filament_ramming = 1
; enable_long_retraction_when_cut = 0
; enable_overhang_bridge_fan = 1
; enable_overhang_speed = 1
; enable_power_loss_recovery = printer_configuration
; enable_pressure_advance = 0
; enable_prime_tower = 0
; enable_support = 0
; enable_tower_interface_cooldown_during_tower = 0
; enable_tower_interface_features = 0
; enable_wrapping_detection = 0
; enforce_support_layers = 0
; eng_plate_temp = 0
; eng_plate_temp_initial_layer = 70
; ensure_vertical_shell_thickness = ensure_all
; exclude_object = 1
; extra_loading_move = -2
; extra_perimeters_on_overhangs = 0
; extra_solid_infills = 
; extruder_ams_count = 
; extruder_clearance_height_to_lid = 21
; extruder_clearance_height_to_rod = 21
; extruder_clearance_radius = 67
; extruder_colour = #F2754E
; extruder_offset = 0x0
; extruder_printable_area = 
; extruder_printable_height = 0
; extruder_type = Direct Drive
; extrusion_rate_smoothing_external_perimeter_only = 0
; fan_cooling_layer_time = 5
; fan_kickstart = 0
; fan_max_speed = 50
; fan_min_speed = 30
; fan_speedup_overhangs = 1
; fan_speedup_time = 0
; filament_adaptive_volumetric_speed = 0
; filament_adhesiveness_category = 0
; filament_change_extrusion_role_gcode = ""
; filament_change_length = 10
; filament_colour = #F2754E
; filament_cooling_final_speed = 2.5
; filament_cooling_initial_speed = 5
; filament_cooling_moves = 3
; filament_cost = 30
; filament_density = 1.27
; filament_diameter = 1.75
; filament_end_gcode = "; filament end gcode \n"
; filament_extruder_variant = "Direct Drive Standard"
; filament_flow_ratio = 1
; filament_flush_temp = 0
; filament_flush_volumetric_speed = 0
; filament_ids = ""
; filament_is_support = 0
; filament_loading_speed = 10
; filament_loading_speed_start = 50
; filament_map = 1
; filament_map_mode = Auto For Flush
; filament_max_volumetric_speed = 9
; filament_minimal_purge_on_wipe_tower = 15
; filament_multitool_ramming = 0
; filament_multitool_ramming_flow = 10
; filament_multitool_ramming_volume = 10
; filament_notes = ""
; filament_printable = 3
; filament_ramming_parameters = "120 100 6.6 6.8 7.2 7.6 7.9 8.2 8.7 9.4 9.9 10.0| 0.05 6.6 0.45 6.8 0.95 7.8 1.45 8.3 1.95 9.7 2.45 10 2.95 7.6 3.45 7.6 3.95 7.6 4.45 7.6 4.95 7.6"
; filament_retract_before_wipe = 20%
; filament_retract_lift_below = 1.5
; filament_self_index = 1
; filament_settings_id = "Prusa Generic PETG @XL"
; filament_shrink = 100%
; filament_shrinkage_compensation_z = 100%
; filament_soluble = 0
; filament_stamping_distance = 0
; filament_stamping_loading_speed = 0
; filament_start_gcode = "; filament start gcode\nM900 K{if nozzle_diameter[0]==0.4}0.07{elsif nozzle_diameter[0]==0.25}0.12{elsif nozzle_diameter[0]==0.3}0.09{elsif nozzle_diameter[0]==0.35}0.08{elsif nozzle_diameter[0]==0.6}0.04{elsif nozzle_diameter[0]==0.5}0.05{elsif nozzle_diameter[0]==0.8}0.02{else}0{endif} ; Filament gcode\n\n{if printer_notes=~/.*PRINTER_MODEL_XLIS.*/}\nM572 S{if nozzle_diameter[0]==0.4}0.053{elsif nozzle_diameter[0]==0.5}0.042{elsif nozzle_diameter[0]==0.6}0.032{elsif nozzle_diameter[0]==0.8}0.018{elsif nozzle_diameter[0]==0.25}0.18{elsif nozzle_diameter[0]==0.3}0.1{else}0{endif} ; Filament gcode\n{endif}\n\nM142 S36 ; set heatbreak target temp"
; filament_toolchange_delay = 0
; filament_tower_interface_pre_extrusion_dist = 10
; filament_tower_interface_pre_extrusion_length = 0
; filament_tower_interface_print_temp = -1
; filament_tower_interface_purge_volume = 20
; filament_tower_ironing_area = 4
; filament_type = PETG
; filament_unloading_speed = 100
; filament_unloading_speed_start = 100
; filament_vendor = Generic
; filament_wipe = 1
; file_start_gcode = 
; filename_format = {input_filename_base}_{layer_height}mm_{filament_type[initial_tool]}_{print_time}.gcode
; fill_multiline = 1
; filter_out_gap_fill = 0
; first_layer_flow_ratio = 1
; first_layer_print_sequence = 0
; flush_into_infill = 0
; flush_into_objects = 0
; flush_into_support = 1
; flush_multiplier = 0.3
; flush_volumes_matrix = 0,280,280,280,280,0,280,280,280,280,0,280,280,280,280,0
; flush_volumes_vector = 140,140,140,140,140,140,140,140
; full_fan_speed_layer = 5
; fuzzy_skin = disabled_fuzzy
; fuzzy_skin_first_layer = 0
; fuzzy_skin_mode = displacement
; fuzzy_skin_noise_type = classic
; fuzzy_skin_octaves = 4
; fuzzy_skin_persistence = 0.5
; fuzzy_skin_point_distance = 0.8
; fuzzy_skin_scale = 1
; fuzzy_skin_thickness = 0.3
; gap_fill_flow_ratio = 1
; gap_fill_target = everywhere
; gap_infill_speed = 120
; gcode_add_line_number = 0
; gcode_comments = 0
; gcode_flavor = marlin2
; gcode_label_objects = 1
; grab_length = 0
; has_scarf_joint_seam = 0
; head_wrap_detect_zone = 
; high_current_on_filament_swap = 0
; hole_to_polyhole = 0
; hole_to_polyhole_threshold = 0.01
; hole_to_polyhole_twisted = 1
; host_type = prusalink
; hot_plate_temp = 80
; hot_plate_temp_initial_layer = 80
; idle_temperature = 0
; independent_support_layer_height = 1
; infill_anchor = 2
; infill_anchor_max = 12
; infill_combination = 1
; infill_combination_max_layer_height = 100%
; infill_direction = 45
; infill_jerk = 9
; infill_lock_depth = 1
; infill_overhang_angle = 60
; infill_shift_step = 0.4
; infill_wall_overlap = 15%
; inherits_group = ;;
; initial_layer_acceleration = 500
; initial_layer_infill_speed = 25
; initial_layer_jerk = 9
; initial_layer_line_width = 0.5
; initial_layer_min_bead_width = 85%
; initial_layer_print_height = 0.2
; initial_layer_speed = 25
; initial_layer_travel_acceleration = 100%
; initial_layer_travel_jerk = 100%
; initial_layer_travel_speed = 100%
; inner_wall_acceleration = 3000
; inner_wall_flow_ratio = 1
; inner_wall_jerk = 9
; inner_wall_line_width = 0.45
; inner_wall_speed = 170
; interface_shells = 0
; interlocking_beam = 0
; interlocking_beam_layer_count = 2
; interlocking_beam_width = 0.8
; interlocking_boundary_avoidance = 2
; interlocking_depth = 2
; interlocking_orientation = 22.5
; internal_bridge_angle = 0
; internal_bridge_density = 100%
; internal_bridge_fan_speed = -1
; internal_bridge_flow = 1
; internal_bridge_speed = 70
; internal_solid_infill_acceleration = 4000
; internal_solid_infill_flow_ratio = 1
; internal_solid_infill_line_width = 0.45
; internal_solid_infill_pattern = monotonic
; internal_solid_infill_speed = 200
; ironing_angle = 0
; ironing_angle_fixed = 0
; ironing_fan_speed = -1
; ironing_flow = 15%
; ironing_inset = 0
; ironing_pattern = rectilinear
; ironing_spacing = 0.1
; ironing_speed = 15
; ironing_type = no ironing
; is_infill_first = 0
; lateral_lattice_angle_1 = -45
; lateral_lattice_angle_2 = 45
; layer_change_gcode = ;AFTER_LAYER_CHANGE\n;[layer_z]
; layer_height = 0.2
; line_width = 0.45
; long_retractions_when_cut = 0
; long_retractions_when_ec = 0
; machine_end_gcode = {if max_layer_z < max_print_height}G1 Z{z_offset+min(max_layer_z+2, max_print_height)} F720{endif} ; Move bed down\nM104 S0 ; turn off temperature\nM140 S0 ; turn off heatbed\nM107 ; turn off fan\nG1 X6 Y350 F6000 ; park\n{if max_layer_z < max_print_height}G1 Z{z_offset+min(max_layer_z+100, max_print_height)} F300{endif} ; Move bed down\nM900 K0 ; reset LA\nM142 S36 ; reset heatbreak target temp\nM221 S100 ; reset flow percentage\nM84 ; disable motors\n; max_layer_z = [max_layer_z]
; machine_load_filament_time = 0
; machine_max_acceleration_e = 2500,2500
; machine_max_acceleration_extruding = 4000,4000
; machine_max_acceleration_retracting = 1200,1200
; machine_max_acceleration_travel = 5000,5000
; machine_max_acceleration_x = 7000,7000
; machine_max_acceleration_y = 7000,7000
; machine_max_acceleration_z = 200,200
; machine_max_jerk_e = 10,10
; machine_max_jerk_x = 8,8
; machine_max_jerk_y = 8,8
; machine_max_jerk_z = 2,2
; machine_max_junction_deviation = 0.01
; machine_max_speed_e = 100,100
; machine_max_speed_x = 400,400
; machine_max_speed_y = 400,400
; machine_max_speed_z = 12,12
; machine_min_extruding_rate = 0
; machine_min_travel_rate = 0
; machine_pause_gcode = M601
; machine_start_gcode = M17 ; enable steppers\nM862.3 P \"XL\" ; printer model check\nM115 U6.0.1+14848\nG90 ; use absolute coordinates\nM83 ; extruder relative mode\n; set print area\nM555 X{first_layer_print_min[0]} Y{first_layer_print_min[1]} W{(first_layer_print_max[0]) - (first_layer_print_min[0])} H{(first_layer_print_max[1]) - (first_layer_print_min[1])}\n; inform about nozzle diameter\nM862.1 P[nozzle_diameter]\n; set & wait for bed and extruder temp for MBL\nM140 S[first_layer_bed_temperature] ; set bed temp\nM104 T0 S{((filament_notes[0]=~/.*HT_MBL10.*/) ? (first_layer_temperature[0] - 10) : (filament_type[0] == \"PC\" or filament_type[0] == \"PA\") ? (first_layer_temperature[0] - 25) : (filament_type[0] == \"FLEX\") ? 210 : (filament_type[0]=~/.*PET.*/) ? 175 : 170)} ; set extruder temp for bed leveling\nM109 T0 R{((filament_notes[0]=~/.*HT_MBL10.*/) ? (first_layer_temperature[0] - 10) : (filament_type[0] == \"PC\" or filament_type[0] == \"PA\") ? (first_layer_temperature[0] - 25) : (filament_type[0] == \"FLEX\") ? 210 : (filament_type[0]=~/.*PET.*/) ? 175 : 170)} ; wait for temp\n; home carriage, pick tool, home all\nG28 XY\nM84 E ; turn off E motor\nG28 Z\nM190 S[first_layer_bed_temperature] ; wait for bed temp\nG29 G ; absorb heat\n; move to the nozzle cleanup area\nG1 X{(min(((((first_layer_print_min[0] + first_layer_print_max[0]) / 2) < ((print_bed_min[0] + print_bed_max[0]) / 2)) ? (((first_layer_print_min[1] - 7) < -2) ? 70 : (min(print_bed_max[0], first_layer_print_min[0] + 32) - 32)) : (((first_layer_print_min[1] - 7) < -2) ? 260 : (min(print_bed_max[0], first_layer_print_min[0] + 32) - 32))), first_layer_print_min[0])) + 32} Y{(min((first_layer_print_min[1] - 7), first_layer_print_min[1]))} Z{5} F4800\nM302 S160 ; lower cold extrusion limit to 160C\nG1 E{-(filament_type[0] == \"FLEX\" ? 4 : 2)} F2400 ; retraction for nozzle cleanup\n; nozzle cleanup\nM84 E ; turn off E motor\nG29 P9 X{((((first_layer_print_min[0] + first_layer_print_max[0]) / 2) < ((print_bed_min[0] + print_bed_max[0]) / 2)) ? (((first_layer_print_min[1] - 7) < -2) ? 70 : (min(print_bed_max[0], first_layer_print_min[0] + 32) - 32)) : (((first_layer_print_min[1] - 7) < -2) ? 260 : (min(print_bed_max[0], first_layer_print_min[0] + 32) - 32)))} Y{(first_layer_print_min[1] - 7)} W{32} H{7}\nG0 Z10 F480 ; move away in Z\n{if first_layer_bed_temperature[0] > 60}\nG0 Z70 F480 ; move away (a bit more) in Z\nG0 X30 Y{print_bed_min[1]} F6000 ; move away in X/Y for higher bed temperatures\n{endif}\nM106 S100 ; cool off the nozzle\nM107 ; stop cooling off the nozzle - turn off the fan\n; MBL\nM84 E ; turn off E motor\nG29 P1 ; invalidate mbl & probe print area\nG29 P1 X30 Y0 W130 H20 C ; probe near purge place\nG29 P3.2 ; interpolate mbl probes\nG29 P3.13 ; extrapolate mbl outside probe area\nG29 A ; activate mbl\nM104 S[first_layer_temperature] ; set extruder temp\nG1 Z10 F720 ; move away in Z\nG0 X30 Y-8 F6000 ; move next to the sheet\n; wait for extruder temp\nM109 T0 S{first_layer_temperature[0]}\n;\n; purge\n;\nG92 E0 ; reset extruder position\nG0 X{(0 == 0 ? 30 : (0 == 1 ? 150 : (0 == 2 ? 210 : 330)))} Y{(0 < 4 ? -8 : -5.5)} ; move close to the sheet's edge\nG1 E{(filament_type[0] == \"FLEX\" ? 4 : 2)} F2400 ; deretraction after the initial one before nozzle cleaning\nG0 E10 X40 Z0.2 F500 ; purge\nG0 X70 E9 F800 ; purge\nG0 X{70 + 3} Z{0.05} F{8000} ; wipe, move close to the bed\nG0 X{70 + 3 * 2} Z0.2 F{8000} ; wipe, move quickly away from the bed\nG92 E0 ; reset extruder position
; machine_tool_change_time = 0
; machine_unload_filament_time = 0
; make_overhang_printable = 0
; make_overhang_printable_angle = 55
; make_overhang_printable_hole_size = 0
; manual_filament_change = 0
; master_extruder_id = 1
; max_bridge_length = 10
; max_layer_height = 0.3
; max_resonance_avoidance_speed = 120
; max_travel_detour_distance = 0
; max_volumetric_extrusion_rate_slope = 0
; max_volumetric_extrusion_rate_slope_segment_length = 3
; min_bead_width = 85%
; min_feature_size = 25%
; min_layer_height = 0.07
; min_length_factor = 0.5
; min_resonance_avoidance_speed = 70
; min_skirt_length = 0
; min_width_top_surface = 300%
; minimum_sparse_infill_area = 0
; mmu_segmented_region_interlocking_depth = 0
; mmu_segmented_region_max_width = 0
; notes = 
; nozzle_diameter = 0.4
; nozzle_flush_dataset = 0
; nozzle_height = 2.5
; nozzle_hrc = 0
; nozzle_temperature = 240
; nozzle_temperature_initial_layer = 255
; nozzle_temperature_range_high = 280
; nozzle_temperature_range_low = 220
; nozzle_type = hardened_steel
; nozzle_volume = 0
; nozzle_volume_type = Standard
; only_one_wall_first_layer = 0
; only_one_wall_top = 0
; ooze_prevention = 0
; other_layers_print_sequence = 0
; other_layers_print_sequence_nums = 0
; outer_wall_acceleration = 2500
; outer_wall_flow_ratio = 1
; outer_wall_jerk = 9
; outer_wall_line_width = 0.45
; outer_wall_speed = 170
; overhang_1_4_speed = 90%
; overhang_2_4_speed = 30
; overhang_3_4_speed = 25
; overhang_4_4_speed = 15
; overhang_fan_speed = 50
; overhang_fan_threshold = 95%
; overhang_flow_ratio = 1
; overhang_reverse = 0
; overhang_reverse_internal_only = 0
; overhang_reverse_threshold = 50%
; parking_pos_retraction = 92
; physical_extruder_map = 0
; post_process = 
; precise_outer_wall = 1
; precise_z_height = 0
; preferred_orientation = 0
; preheat_steps = 1
; preheat_time = 30
; pressure_advance = 0.02
; prime_tower_brim_width = 3
; prime_tower_enable_framework = 0
; prime_tower_flat_ironing = 0
; prime_tower_infill_gap = 150%
; prime_tower_skip_points = 1
; prime_tower_width = 60
; prime_volume = 45
; print_compatible_printers = "Prusa XL 0.4 nozzle"
; print_extruder_id = 1
; print_extruder_variant = "Direct Drive Standard"
; print_flow_ratio = 1
; print_order = default
; print_sequence = by layer
; print_settings_id = 0.20mm Speed @Prusa XL 0.4
; printable_area = 0x0,360x0,360x360,0x360
; printable_height = 360
; printer_extruder_id = 1
; printer_extruder_variant = "Direct Drive Standard"
; printer_model = Prusa XL
; printer_notes = Don't remove the following keywords! These keywords are used in the \"compatible printer\" condition of the print and filament profiles to link the particular print and filament profiles to this printer profile.\nPRINTER_MODEL_XLIS\nPG\nINPUT_SHAPER
; printer_settings_id = Prusa XL 0.4 nozzle
; printer_structure = undefine
; printer_technology = FFF
; printer_variant = 0.4
; printing_by_object_gcode = 
; process_change_extrusion_role_gcode = 
; purge_in_prime_tower = 1
; raft_contact_distance = 0.15
; raft_expansion = 1.5
; raft_first_layer_density = 80%
; raft_first_layer_expansion = 3.5
; raft_layers = 0
; reduce_crossing_wall = 0
; reduce_fan_stop_start_freq = 1
; reduce_infill_retraction = 0
; required_nozzle_HRC = 0
; resolution = 0.008
; resonance_avoidance = 0
; retract_before_wipe = 80%
; retract_length_toolchange = 1
; retract_lift_above = 0
; retract_lift_below = 1.5
; retract_lift_enforce = All Surfaces
; retract_restart_extra = 0
; retract_restart_extra_toolchange = 0
; retract_when_changing_layer = 1
; retraction_distances_when_cut = 18
; retraction_distances_when_ec = 10
; retraction_length = 0.8
; retraction_minimum_travel = 1.5
; retraction_speed = 35
; role_based_wipe_speed = 1
; scan_first_layer = 0
; scarf_angle_threshold = 155
; scarf_joint_flow_ratio = 1
; scarf_joint_speed = 100%
; scarf_overhang_threshold = 40%
; seam_gap = 10%
; seam_position = nearest
; seam_slope_conditional = 0
; seam_slope_entire_loop = 0
; seam_slope_inner_walls = 0
; seam_slope_min_length = 20
; seam_slope_start_height = 0
; seam_slope_steps = 10
; seam_slope_type = none
; set_other_flow_ratios = 0
; silent_mode = 0
; single_extruder_multi_material = 1
; single_extruder_multi_material_priming = 0
; single_loop_draft_shield = 0
; skeleton_infill_density = 25%
; skeleton_infill_line_width = 100%
; skin_infill_density = 25%
; skin_infill_depth = 2
; skin_infill_line_width = 100%
; skirt_distance = 2
; skirt_height = 3
; skirt_loops = 1
; skirt_speed = 50
; skirt_start_angle = -135
; skirt_type = combined
; slice_closing_radius = 0.049
; slicing_mode = regular
; slow_down_for_layer_cooling = 1
; slow_down_layer_time = 9
; slow_down_layers = 0
; slow_down_min_speed = 15
; slowdown_for_curled_perimeters = 1
; small_area_infill_flow_compensation = 0
; small_area_infill_flow_compensation_model = 0,0;"\n0.2,0.4444";"\n0.4,0.6145";"\n0.6,0.7059";"\n0.8,0.7619";"\n1.5,0.8571";"\n2,0.8889";"\n3,0.9231";"\n5,0.9520";"\n10,1"
; small_perimeter_speed = 170
; small_perimeter_threshold = 0
; solid_infill_direction = 45
; solid_infill_filament = 1
; solid_infill_rotate_template = 
; sparse_infill_acceleration = 4000
; sparse_infill_density = 15%
; sparse_infill_filament = 1
; sparse_infill_flow_ratio = 1
; sparse_infill_line_width = 0.45
; sparse_infill_pattern = crosshatch
; sparse_infill_rotate_template = 
; sparse_infill_speed = 200
; spiral_finishing_flow_ratio = 0
; spiral_mode = 0
; spiral_mode_max_xy_smoothing = 200%
; spiral_mode_smooth = 0
; spiral_starting_flow_ratio = 0
; staggered_inner_seams = 0
; standby_temperature_delta = -5
; start_end_points = 30x-3,54x245
; supertack_plate_temp = 35
; supertack_plate_temp_initial_layer = 35
; support_air_filtration = 1
; support_angle = 0
; support_base_pattern = rectilinear
; support_base_pattern_spacing = 2
; support_bottom_interface_spacing = 0.5
; support_bottom_z_distance = 0.2
; support_chamber_temp_control = 1
; support_critical_regions_only = 0
; support_expansion = 0
; support_filament = 0
; support_flow_ratio = 1
; support_interface_bottom_layers = 0
; support_interface_filament = 0
; support_interface_flow_ratio = 1
; support_interface_loop_pattern = 0
; support_interface_not_for_body = 1
; support_interface_pattern = auto
; support_interface_spacing = 0.2
; support_interface_speed = 80
; support_interface_top_layers = 5
; support_ironing = 0
; support_ironing_flow = 10%
; support_ironing_pattern = rectilinear
; support_ironing_spacing = 0.1
; support_line_width = 0.36
; support_material_interface_fan_speed = -1
; support_multi_bed_types = 0
; support_object_first_layer_gap = 0.2
; support_object_skip_flush = 0
; support_object_xy_distance = 0.35
; support_on_build_plate_only = 0
; support_remove_small_overhang = 1
; support_speed = 110
; support_style = organic
; support_threshold_angle = 40
; support_threshold_overlap = 50%
; support_top_z_distance = 0.2
; support_type = tree(auto)
; symmetric_infill_y_axis = 0
; temperature_vitrification = 80
; template_custom_gcode = 
; textured_cool_plate_temp = 40
; textured_cool_plate_temp_initial_layer = 40
; textured_plate_temp = 80
; textured_plate_temp_initial_layer = 70
; thick_bridges = 0
; thick_internal_bridges = 1
; thumbnails = 16x16/QOI, 313x173/QOI, 440x240/QOI, 480x240/QOI, 640x480/PNG
; time_cost = 0
; time_lapse_gcode = 
; timelapse_type = 0
; top_bottom_infill_wall_overlap = 25%
; top_shell_layers = 5
; top_shell_thickness = 0.7
; top_solid_infill_flow_ratio = 1
; top_surface_acceleration = 1500
; top_surface_density = 100%
; top_surface_jerk = 9
; top_surface_line_width = 0.42
; top_surface_pattern = monotonicline
; top_surface_speed = 100
; travel_acceleration = 5000
; travel_jerk = 12
; travel_slope = 3
; travel_speed = 400
; travel_speed_z = 0
; tree_support_angle_slow = 30
; tree_support_auto_brim = 1
; tree_support_branch_angle = 40
; tree_support_branch_angle_organic = 40
; tree_support_branch_diameter = 5
; tree_support_branch_diameter_angle = 5
; tree_support_branch_diameter_organic = 2
; tree_support_branch_distance = 5
; tree_support_branch_distance_organic = 1
; tree_support_brim_width = 3
; tree_support_tip_diameter = 0.8
; tree_support_top_rate = 30%
; tree_support_wall_count = 0
; use_firmware_retraction = 0
; use_relative_e_distances = 1
; volumetric_speed_coefficients = ""
; wall_direction = ccw
; wall_distribution_count = 1
; wall_filament = 1
; wall_generator = arachne
; wall_loops = 2
; wall_maximum_deviation = 0.025
; wall_maximum_resolution = 0.5
; wall_sequence = inner wall/outer wall
; wall_transition_angle = 10
; wall_transition_filter_deviation = 25%
; wall_transition_length = 100%
; wipe = 1
; wipe_before_external_loop = 0
; wipe_distance = 1
; wipe_on_loops = 0
; wipe_speed = 80%
; wipe_tower_bridging = 10
; wipe_tower_cone_angle = 30
; wipe_tower_extra_flow = 100%
; wipe_tower_extra_rib_length = 0
; wipe_tower_extra_spacing = 100%
; wipe_tower_filament = 0
; wipe_tower_fillet_wall = 1
; wipe_tower_max_purge_speed = 90
; wipe_tower_no_sparse_layers = 0
; wipe_tower_rib_width = 8
; wipe_tower_rotation_angle = 0
; wipe_tower_type = type2
; wipe_tower_wall_type = rectangle
; wipe_tower_x = 15.000
; wipe_tower_x = 15
; wipe_tower_y = 220.000
; wipe_tower_y = 220
; wiping_volumes_extruders = 70,70,70,70,70,70,70,70,70,70
; wrapping_detection_gcode = 
; wrapping_detection_layers = 20
; wrapping_exclude_area = 
; xy_contour_compensation = 0
; xy_hole_compensation = 0
; z_hop = 0
; z_hop_types = Auto Lift
; z_offset = 0
; zaa_dont_alternate_fill_direction = 0
; zaa_enabled = 0
; zaa_min_z = 0.05
; zaa_minimize_perimeter_height = 0
; first_layer_bed_temperature = 60
; bed_shape = 0x0,360x0,360x360,0x360
; first_layer_temperature = 255
; first_layer_height = 0.200
; CONFIG_BLOCK_END


