; generated by PrusaSlicer 2.9.6 on 2026-06-27 at 23:17:06 UTC

; 

; external perimeters extrusion width = 0.45mm
; perimeters extrusion width = 0.45mm
; infill extrusion width = 0.45mm
; solid infill extrusion width = 0.45mm
; top infill extrusion width = 0.42mm
; first layer extrusion width = 0.50mm

M73 P0 R5
M73 Q0 S5
M201 X7000 Y7000 Z200 E2500 ; sets maximum accelerations, mm/sec^2
M203 X400 Y400 Z12 E100 ; sets maximum feedrates, mm / sec
M204 P4000 R1200 T5000 ; sets acceleration (P, T) and retract acceleration (R), mm/sec^2
M205 X8.00 Y8.00 Z2.00 E10.00 ; sets the jerk limits, mm/sec
M205 S0 T0 ; sets the minimum extruding and travel feed rate, mm/sec

M486 S0
M486 Avase_10mm_dia_10mm_high.stl
M486 S-1

;TYPE:Custom
M17 ; enable steppers
M862.3 P "XL" ; printer model check
M862.5 P2 ; g-code level check
M862.6 P"Input shaper" ; FW feature check
M115 U6.4.1+12026
G90 ; use absolute coordinates
M83 ; extruder relative mode
; set print area
M555 X175 Y175 W10 H10
; inform about nozzle diameter
M862.1 T0 P0.4 A0 F0
M862.1 T1 P0.8 A0 F0 ; injection pour nozzle check




; turn off unused heaters

M104 T1 S0




M217 Z2 ; set toolchange z hop to 2mm, or zhop variable from slicer if higher
; set bed and extruder temp for MBL
M140 S80 ; set bed temp
M104 T0 S175 ; set temp

; Home XY
G28 XY

; try picking tools used in print
G1 F24000





; select tool that will be used to home & MBL
T0 S1 L0 D0

M109 T0 S175 ; wait for temp

; home Z with MBL tool
M84 E ; turn off E motor
G28 Z
G0 Z5 ; add Z clearance

M104 T0 S70 ; set idle temp
M190 S80 ; wait for bed temp

G29 G ; absorb heat

M109 T0 S175 ; wait for temp

; move to the nozzle cleanup area
G1 X207 Y168 Z5 F24000
M302 S155 ; lower cold extrusion limit to 155C
G1 E-2 F2400 ; retraction for nozzle cleanup
; nozzle cleanup
M84 E ; turn off E motor
G29 P9 X175 Y168 W32 H7
G0 Z5 F480 ; move away in Z
M107 ; turn off the fan
; MBL
M84 E ; turn off E motor
G29 P1 ; invalidate mbl & probe print area
G29 P1 X30 Y0 W50 H20 C ; probe near purge place
G29 P3.2 ; interpolate mbl probes
G29 P3.13 ; extrapolate mbl outside probe area
G29 A ; activate mbl
G1 Z10 F720 ; move away in Z
G1 F24000
P0 S1 L1 D0; park the tool
; set extruder temp
M104 T0 S245









;
; purge initial tool
;
G1 F24000
P0 S1 L2 D0; park the tool
M109 T0 S245
T0 S1 L0 D0; pick the tool
G92 E0 ; reset extruder position

G0 X30 Y-7 Z10 F24000 ; move close to the sheet's edge
G0 E30 X40 Z0.2 F170 ; purge while moving towards the sheet
M73 Q1 S5
G0 X70 E9 F800 ; continue purging and wipe the nozzle
M73 P2 R5
M73 Q2 S5
G0 X73 Z0.05 F8000 ; wipe, move close to the bed
M73 Q3 S5
G0 X76 Z0.2 F8000 ; wipe, move quickly away from the bed
G1 E-0.8 F2400 ; retract


M591 R ; restore stuck detection
G92 E0 ; reset extruder position
G21 ; set units to millimeters
G90 ; use absolute coordinates
M83 ; use relative distances for extrusion
; Change Tool-1 -> Tool0 (layer -1)
G1 F21000
T0 S1 L0 D0
;_TOOLCHANGE_END
; Filament gcode
M109 S245 T0 ; set temperature and wait for it to be reached
M107 ; disable fan
;LAYER_CHANGE
;Z:0.2
;HEIGHT:0.2
M486 S0
G1 Z3.5 F720 ; lift
G1 X176.117 Y177.673 F24000 ; move to first layer point
G1 Z.2 F720 ; move to first layer point
M73 P3 R5
G1 E.8 F1500 ;  ; unretract
M204 P500 ; adjust acceleration
;TYPE:External perimeter
;WIDTH:0.499999
G1 F2400
G1 X176.346 Y177.29 E.01696 ; perimeter
G1 X176.945 Y176.63 E.03387 ; perimeter
G1 X177.661 Y176.098 E.0339 ; perimeter
G1 X178.468 Y175.717 E.03392 ; perimeter
G1 X179.333 Y175.5 E.03389 ; perimeter
G1 X180.223 Y175.457 E.03387 ; perimeter
G1 X181.105 Y175.588 E.03389 ; perimeter
G1 X181.945 Y175.888 E.0339 ; perimeter
G1 X182.71 Y176.346 E.03389 ; perimeter
G1 X183.37 Y176.945 E.03387 ; perimeter
G1 X183.902 Y177.661 E.0339 ; perimeter
G1 X184.283 Y178.468 E.03392 ; perimeter
G1 X184.5 Y179.333 E.03389 ; perimeter
G1 X184.543 Y180.223 E.03387 ; perimeter
G1 X184.412 Y181.105 E.03389 ; perimeter
G1 X184.112 Y181.945 E.0339 ; perimeter
G1 X183.654 Y182.71 E.03389 ; perimeter
G1 X183.055 Y183.37 E.03387 ; perimeter
G1 X182.339 Y183.902 E.0339 ; perimeter
M73 Q4 S5
G1 X181.532 Y184.283 E.03392 ; perimeter
G1 X180.667 Y184.5 E.03389 ; perimeter
G1 X179.777 Y184.543 E.03387 ; perimeter
G1 X178.895 Y184.412 E.03389 ; perimeter
G1 X178.055 Y184.112 E.0339 ; perimeter
G1 X177.29 Y183.654 E.03389 ; perimeter
G1 X176.63 Y183.055 E.03387 ; perimeter
G1 X176.098 Y182.339 E.0339 ; perimeter
G1 X175.717 Y181.532 E.03392 ; perimeter
G1 X175.5 Y180.667 E.03389 ; perimeter
G1 X175.457 Y179.777 E.03387 ; perimeter
G1 X175.588 Y178.895 E.03389 ; perimeter
G1 X175.888 Y178.055 E.0339 ; perimeter
G1 X176.086 Y177.724 E.01466 ; perimeter
M204 P2500 ; adjust acceleration
G1 E-.64 F2100 ; retract
;WIPE_START
G1 F19200
G1 X176.117 Y177.673 E-.0062 ; wipe and retract
G1 X176.346 Y177.29 E-.04637 ; wipe and retract
G1 X176.945 Y176.63 E-.09261 ; wipe and retract
G1 X177.06 Y176.545 E-.01482 ; wipe and retract
;WIPE_END
M204 T5000 ; adjust acceleration
G1 X182.015 Y176.143 Z.287 F24000 ; move to first infill point
G1 Z.2 F720 ; move to first infill point
G1 E.8 F1500 ;  ; unretract
M204 P500 ; adjust acceleration
;TYPE:Solid infill
;WIDTH:0.504264
G1 F2627
G1 X183.087 Y177.215 E.05816 ; infill
G1 X183.567 Y177.862 E.0309 ; infill
G1 X183.915 Y178.599 E.03127 ; infill
G1 X183.948 Y178.728 E.00511 ; infill
G1 X181.283 Y176.064 E.14455 ; infill
G1 X181.01 Y175.966 E.01113 ; infill
G1 X180.45 Y175.883 E.02172 ; infill
G1 X184.121 Y179.554 E.19915 ; infill
G1 X184.149 Y180.234 E.02611 ; infill
G1 X179.782 Y175.867 E.23691 ; infill
G1 X179.39 Y175.887 E.01506 ; infill
G1 X179.197 Y175.935 E.00763 ; infill
G1 X184.065 Y180.803 E.26409 ; infill
G1 X184.034 Y181.01 E.00803 ; infill
G1 X183.925 Y181.315 E.01242 ; infill
G1 X178.675 Y176.066 E.28479 ; infill
G1 X178.599 Y176.085 E.00301 ; infill
G1 X178.221 Y176.264 E.01604 ; infill
G1 X183.75 Y181.793 E.29995 ; infill
G1 X183.506 Y182.201 E.01824 ; infill
G1 X177.791 Y176.486 E.31004 ; infill
G1 X177.416 Y176.764 E.01791 ; infill
M73 P4 R5
G1 X183.24 Y182.588 E.31596 ; infill
G1 X182.93 Y182.93 E.01771 ; infill
G1 X177.07 Y177.07 E.31791 ; infill
G1 X176.76 Y177.412 E.01771 ; infill
G1 X182.584 Y183.236 E.31596 ; infill
G1 X182.209 Y183.514 E.01791 ; infill
G1 X176.494 Y177.799 E.31004 ; infill
G1 X176.25 Y178.207 E.01824 ; infill
M73 Q5 S5
G1 X181.779 Y183.736 E.29995 ; infill
G1 X181.401 Y183.915 E.01604 ; infill
G1 X181.325 Y183.934 E.00301 ; infill
G1 X176.075 Y178.685 E.28479 ; infill
G1 X175.966 Y178.99 E.01242 ; infill
G1 X175.935 Y179.198 E.00807 ; infill
G1 X180.803 Y184.065 E.26406 ; infill
G1 X180.61 Y184.113 E.00763 ; infill
G1 X180.218 Y184.133 E.01506 ; infill
G1 X175.851 Y179.766 E.23691 ; infill
G1 X175.879 Y180.446 E.02611 ; infill
G1 X179.55 Y184.117 E.19915 ; infill
G1 X178.99 Y184.034 E.02172 ; infill
G1 X178.716 Y183.936 E.01116 ; infill
G1 X176.052 Y181.272 E.14452 ; infill
G1 X176.085 Y181.401 E.00511 ; infill
G1 X176.433 Y182.138 E.03127 ; infill
G1 X176.914 Y182.786 E.03096 ; infill
G1 X177.985 Y183.857 E.0581 ; infill
M204 P2500 ; adjust acceleration
;LAYER_CHANGE
;Z:0.4
;HEIGHT:0.2
;BEFORE_LAYER_CHANGE
G92 E0.0
;0.4


G1 X177.985 Y183.857 Z.2 F24000 ; layer change
G1 X177.796 Y184.209 Z.4 F1608.983 ; layer change
;AFTER_LAYER_CHANGE
;0.4
G1 X177.796 Y184.209 F24000 ; move to first layer point
G1 Z.4 F720 ; move to first layer point
M204 P1500 ; adjust acceleration
;TYPE:External perimeter
;WIDTH:0.449999
G1 F2418
G1 X177.348 Y183.969 E.0172 ; perimeter
G1 X176.624 Y183.376 E.03168 ; perimeter
G1 X176.031 Y182.652 E.03168 ; perimeter
G1 X175.589 Y181.827 E.03168 ; perimeter
G1 X175.318 Y180.931 E.03169 ; perimeter
G1 X175.226 Y180 E.03167 ; perimeter
G1 X175.318 Y179.069 E.03167 ; perimeter
G1 X175.589 Y178.173 E.03169 ; perimeter
G1 X176.031 Y177.348 E.03168 ; perimeter
G1 X176.624 Y176.624 E.03168 ; perimeter
G1 X177.348 Y176.031 E.03168 ; perimeter
G1 X178.173 Y175.589 E.03168 ; perimeter
G1 X179.069 Y175.318 E.03169 ; perimeter
G1 X180.007 Y175.226 E.0319 ; perimeter
G1 X180.931 Y175.318 E.03143 ; perimeter
G1 X181.827 Y175.589 E.03169 ; perimeter
G1 X182.652 Y176.031 E.03168 ; perimeter
G1 X183.376 Y176.624 E.03168 ; perimeter
G1 X183.969 Y177.348 E.03168 ; perimeter
G1 X184.411 Y178.173 E.03168 ; perimeter
G1 X184.682 Y179.069 E.03169 ; perimeter
G1 X184.774 Y180 E.03167 ; perimeter
G1 X184.682 Y180.931 E.03167 ; perimeter
G1 X184.411 Y181.827 E.03169 ; perimeter
G1 X183.969 Y182.652 E.03168 ; perimeter
M73 P5 R5
G1 X183.376 Y183.376 E.03168 ; perimeter
G1 X182.652 Y183.969 E.03168 ; perimeter
G1 X181.827 Y184.411 E.03168 ; perimeter
G1 X180.931 Y184.682 E.03169 ; perimeter
G1 X180 Y184.774 E.03167 ; perimeter
G1 X179.069 Y184.682 E.03167 ; perimeter
G1 X178.173 Y184.411 E.03169 ; perimeter
G1 X177.849 Y184.237 E.01245 ; perimeter
M204 P2500 ; adjust acceleration
G1 E-.64 F2100 ; retract
;WIPE_START
G1 F19200
G1 X177.796 Y184.209 E-.00623 ; wipe and retract
G1 X177.348 Y183.969 E-.05281 ; wipe and retract
G1 X176.624 Y183.376 E-.09724 ; wipe and retract
G1 X176.601 Y183.348 E-.00372 ; wipe and retract
;WIPE_END
G1 X177.458 Y176.199 Z.526 F24000 ; move to first infill point
G1 Z.4 F720 ; move to first infill point
G1 E.8 F1500 ;  ; unretract
M204 P3000 ; adjust acceleration
;TYPE:Solid infill
;WIDTH:0.38292
G1 F2418
G1 X176.798 Y176.798 E.0252 ; infill
G1 X176.199 Y177.458 E.0252 ; infill
;WIDTH:0.449999
G1 X175.945 Y178.216 E.02706 ; infill
;WIDTH:0.38292
G1 X175.904 Y178.227 E.0012 ; infill
G1 X175.885 Y178.156 E.00208 ; infill
G1 X175.956 Y178.175 E.00208 ; infill
;WIDTH:0.41646
G1 X176.043 Y178.036 E.00509 ; infill
;WIDTH:0.449999
G1 X176.129 Y177.898 E.0055 ; infill
G1 X177.898 Y176.129 E.08468 ; infill
M204 P2500 ; adjust acceleration
G1 X178.86 Y175.743 F24000 ; move to first infill point
M204 P3000 ; adjust acceleration
G1 F2418
G1 X175.743 Y178.86 E.14921 ; infill
G1 X175.641 Y178.941 E.00441 ; infill
;WIDTH:0.41646
G1 X175.539 Y179.022 E.00405 ; infill
;WIDTH:0.38292
G1 X175.482 Y179.373 E.01005 ; infill
;WIDTH:0.449999
G1 X175.617 Y179.561 E.00783 ; infill
G1 X179.561 Y175.617 E.1888 ; infill
G1 X179.466 Y175.55 E.00393 ; infill
;WIDTH:0.41646
G1 X179.372 Y175.482 E.0036 ; infill
;WIDTH:0.38292
G1 X179.022 Y175.539 E.01003 ; infill
M204 P2500 ; adjust acceleration
G1 X180.164 Y175.589 F24000 ; move to first infill point
M204 P3000 ; adjust acceleration
;WIDTH:0.449999
G1 F2418
G1 X175.59 Y180.164 E.21898 ; infill
G1 X175.641 Y180.688 E.01782 ; infill
G1 X180.688 Y175.641 E.2416 ; infill
G1 X181.157 Y175.748 E.01628 ; infill
M73 Q6 S5
G1 X175.748 Y181.157 E.25893 ; infill
G1 X175.882 Y181.599 E.01563 ; infill
G1 X181.599 Y175.882 E.27367 ; infill
G1 X181.988 Y176.068 E.01459 ; infill
G1 X176.068 Y181.988 E.28339 ; infill
G1 X176.269 Y182.364 E.01443 ; infill
G1 X182.364 Y176.269 E.29176 ; infill
G1 X182.695 Y176.513 E.01392 ; infill
G1 X176.513 Y182.695 E.29593 ; infill
G1 X176.773 Y183.011 E.01385 ; infill
G1 X183.011 Y176.773 E.29861 ; infill
G1 X183.292 Y177.068 E.01379 ; infill
G1 X177.068 Y183.292 E.29794 ; infill
G1 X177.384 Y183.551 E.01383 ; infill
G1 X183.551 Y177.384 E.29521 ; infill
G1 X183.781 Y177.73 E.01406 ; infill
G1 X177.73 Y183.781 E.28966 ; infill
G1 X178.105 Y183.982 E.0144 ; infill
M73 P6 R5
G1 X183.982 Y178.105 E.28133 ; infill
G1 X184.151 Y178.511 E.01489 ; infill
G1 X178.511 Y184.151 E.26998 ; infill
G1 X178.952 Y184.285 E.0156 ; infill
G1 X184.285 Y178.952 E.25529 ; infill
G1 X184.371 Y179.442 E.01684 ; infill
G1 X179.442 Y184.371 E.23595 ; infill
G1 X179.966 Y184.423 E.01782 ; infill
G1 X184.423 Y179.966 E.21335 ; infill
G1 X184.367 Y180.598 E.02148 ; infill
G1 X180.598 Y184.367 E.18042 ; infill
M73 Q7 S5
G1 X180.631 Y184.441 E.00274 ; infill
;WIDTH:0.41646
G1 X180.664 Y184.515 E.00252 ; infill
;WIDTH:0.38292
G1 X181.184 Y184.399 E.01506 ; infill
M204 P2500 ; adjust acceleration
G1 E-.64 F2100 ; retract
;WIPE_START
G1 F19200
G1 X180.664 Y184.515 E-.05536 ; wipe and retract
G1 X180.631 Y184.441 E-.00842 ; wipe and retract
G1 X180.598 Y184.367 E-.00842 ; wipe and retract
G1 X181.196 Y183.769 E-.0878 ; wipe and retract
;WIPE_END
G1 X184.399 Y181.184 Z.472 F24000 ; move to first infill point
G1 Z.4 F720 ; move to first infill point
G1 E.8 F1500 ;  ; unretract
M204 P3000 ; adjust acceleration
G1 F2418
G1 X184.515 Y180.664 E.01506 ; infill
;WIDTH:0.449999
G1 X184.195 Y181.346 E.0255 ; infill
G1 X181.346 Y184.195 E.13638 ; infill
M204 P2500 ; adjust acceleration
G1 X182.455 Y183.673 F24000 ; move to first infill point
M204 P3000 ; adjust acceleration
;WIDTH:0.508779
G1 F2418
G1 X182.774 Y183.384 E.01667 ; infill
;WIDTH:0.551122
G1 X183.094 Y183.094 E.01825 ; infill
G1 X183.384 Y182.774 E.01825 ; infill
;WIDTH:0.50878
G1 X183.673 Y182.455 E.01667 ; infill
M204 P2500 ; adjust acceleration
;LAYER_CHANGE
;Z:0.6
;HEIGHT:0.2
;BEFORE_LAYER_CHANGE
G92 E0.0
;0.6


G1 X183.673 Y182.455 Z.4 F24000 ; layer change
G1 X183.986 Y182.622 Z.6 F1464.469 ; layer change
;AFTER_LAYER_CHANGE
;0.6
G1 X183.986 Y182.622 F24000 ; move to first layer point
G1 Z.6 F720 ; move to first layer point
M204 P1500 ; adjust acceleration
;TYPE:External perimeter
;WIDTH:0.449999
G1 F2493
G1 X183.969 Y182.652 E.00117 ; perimeter
G1 X183.376 Y183.376 E.03168 ; perimeter
G1 X182.652 Y183.969 E.03168 ; perimeter
G1 X181.827 Y184.411 E.03168 ; perimeter
G1 X180.931 Y184.682 E.03169 ; perimeter
G1 X180 Y184.774 E.03167 ; perimeter
G1 X179.069 Y184.682 E.03167 ; perimeter
G1 X178.173 Y184.411 E.03169 ; perimeter
G1 X177.348 Y183.969 E.03168 ; perimeter
G1 X176.624 Y183.376 E.03168 ; perimeter
G1 X176.031 Y182.652 E.03168 ; perimeter
G1 X175.589 Y181.827 E.03168 ; perimeter
G1 X175.318 Y180.931 E.03169 ; perimeter
G1 X175.226 Y180 E.03167 ; perimeter
G1 X175.318 Y179.069 E.03167 ; perimeter
G1 X175.589 Y178.173 E.03169 ; perimeter
G1 X176.031 Y177.348 E.03168 ; perimeter
G1 X176.624 Y176.624 E.03168 ; perimeter
G1 X177.348 Y176.031 E.03168 ; perimeter
G1 X178.173 Y175.589 E.03168 ; perimeter
G1 X179.068 Y175.318 E.03165 ; perimeter
G1 X180.012 Y175.226 E.0321 ; perimeter
G1 X180.931 Y175.318 E.03126 ; perimeter
G1 X181.827 Y175.589 E.03169 ; perimeter
G1 X182.652 Y176.031 E.03168 ; perimeter
G1 X183.376 Y176.624 E.03168 ; perimeter
G1 X183.969 Y177.348 E.03168 ; perimeter
G1 X184.411 Y178.173 E.03168 ; perimeter
G1 X184.682 Y179.069 E.03169 ; perimeter
G1 X184.774 Y180 E.03167 ; perimeter
G1 X184.682 Y180.931 E.03167 ; perimeter
G1 X184.411 Y181.827 E.03169 ; perimeter
G1 X184.014 Y182.569 E.02848 ; perimeter
M204 P2500 ; adjust acceleration
G1 E-.64 F2100 ; retract
;WIPE_START
G1 F19200
G1 X183.986 Y182.622 E-.00623 ; wipe and retract
G1 X183.969 Y182.652 E-.00358 ; wipe and retract
G1 X183.376 Y183.376 E-.09724 ; wipe and retract
G1 X182.982 Y183.699 E-.05295 ; wipe and retract
;WIPE_END
G1 X182.303 Y176.027 Z.734 F24000 ; move to first infill point
G1 Z.6 F720 ; move to first infill point
G1 E.8 F1500 ;  ; unretract
M204 P1000 ; adjust acceleration
;TYPE:Top solid infill
;WIDTH:0.428821
G1 F2493
G1 X183.973 Y177.697 E.07578 ; infill
M204 P2500 ; adjust acceleration
G1 X184.389 Y178.659 F24000 ; move to first infill point
M204 P1000 ; adjust acceleration
G1 F2493
G1 X181.341 Y175.611 E.13832 ; infill
M204 P2500 ; adjust acceleration
G1 X180.635 Y175.45 F24000 ; move to first infill point
M204 P1000 ; adjust acceleration
G1 F2493
G1 X184.549 Y179.365 E.17764 ; infill
M204 P2500 ; adjust acceleration
G1 X184.609 Y179.97 F24000 ; move to first infill point
M204 P1000 ; adjust acceleration
G1 F2493
G1 X180.029 Y175.39 E.20784 ; infill
M204 P2500 ; adjust acceleration
G1 X179.528 Y175.435 F24000 ; move to first infill point
M73 P7 R5
M204 P1000 ; adjust acceleration
G1 F2493
G1 X184.565 Y180.472 E.22857 ; infill
M204 P2500 ; adjust acceleration
G1 X184.506 Y180.958 F24000 ; move to first infill point
M204 P1000 ; adjust acceleration
G1 F2493
G1 X179.042 Y175.494 E.24795 ; infill
M204 P2500 ; adjust acceleration
G1 X178.623 Y175.622 F24000 ; move to first infill point
M204 P1000 ; adjust acceleration
G1 F2493
G1 X184.379 Y181.377 E.26118 ; infill
M204 P2500 ; adjust acceleration
G1 X184.247 Y181.791 F24000 ; move to first infill point
M204 P1000 ; adjust acceleration
G1 F2493
G1 X178.209 Y175.753 E.274 ; infill
M204 P2500 ; adjust acceleration
G1 X177.853 Y175.943 F24000 ; move to first infill point
M204 P1000 ; adjust acceleration
G1 F2493
G1 X184.057 Y182.147 E.28153 ; infill
M204 P2500 ; adjust acceleration
G1 X183.867 Y182.502 F24000 ; move to first infill point
M73 Q8 S5
M204 P1000 ; adjust acceleration
G1 F2493
G1 X177.498 Y176.133 E.28902 ; infill
M204 P2500 ; adjust acceleration
G1 X177.189 Y176.37 F24000 ; move to first infill point
M204 P1000 ; adjust acceleration
G1 F2493
G1 X183.63 Y182.811 E.29229 ; infill
M204 P2500 ; adjust acceleration
G1 X183.384 Y183.111 F24000 ; move to first infill point
M204 P1000 ; adjust acceleration
G1 F2493
G1 X176.889 Y176.616 E.29474 ; infill
M204 P2500 ; adjust acceleration
G1 X176.616 Y176.889 F24000 ; move to first infill point
M204 P1000 ; adjust acceleration
G1 F2493
G1 X183.111 Y183.384 E.29474 ; infill
M204 P2500 ; adjust acceleration
G1 X182.811 Y183.63 F24000 ; move to first infill point
M204 P1000 ; adjust acceleration
G1 F2493
G1 X176.37 Y177.189 E.29229 ; infill
M204 P2500 ; adjust acceleration
G1 X176.133 Y177.498 F24000 ; move to first infill point
M204 P1000 ; adjust acceleration
G1 F2493
G1 X182.502 Y183.867 E.28902 ; infill
M204 P2500 ; adjust acceleration
G1 X182.147 Y184.057 F24000 ; move to first infill point
M204 P1000 ; adjust acceleration
G1 F2493
G1 X175.943 Y177.853 E.28153 ; infill
M204 P2500 ; adjust acceleration
G1 X175.753 Y178.209 F24000 ; move to first infill point
M204 P1000 ; adjust acceleration
G1 F2493
G1 X181.791 Y184.247 E.274 ; infill
M204 P2500 ; adjust acceleration
G1 X181.377 Y184.379 F24000 ; move to first infill point
M204 P1000 ; adjust acceleration
G1 F2493
G1 X175.621 Y178.623 E.2612 ; infill
M204 P2500 ; adjust acceleration
G1 X175.494 Y179.042 F24000 ; move to first infill point
M73 P8 R5
M204 P1000 ; adjust acceleration
G1 F2493
G1 X180.958 Y184.506 E.24795 ; infill
M204 P2500 ; adjust acceleration
G1 X180.472 Y184.565 F24000 ; move to first infill point
M204 P1000 ; adjust acceleration
G1 F2493
G1 X175.435 Y179.528 E.22857 ; infill
M204 P2500 ; adjust acceleration
G1 X175.391 Y180.03 F24000 ; move to first infill point
M204 P1000 ; adjust acceleration
G1 F2493
G1 X179.97 Y184.609 E.20779 ; infill
M204 P2500 ; adjust acceleration
G1 X179.365 Y184.549 F24000 ; move to first infill point
M204 P1000 ; adjust acceleration
G1 F2493
G1 X175.451 Y180.635 E.17761 ; infill
M204 P2500 ; adjust acceleration
G1 X175.611 Y181.341 F24000 ; move to first infill point
M204 P1000 ; adjust acceleration
G1 F2493
G1 X178.659 Y184.389 E.13832 ; infill
M204 P2500 ; adjust acceleration
G1 X177.697 Y183.973 F24000 ; move to first infill point
M73 Q9 S5
M204 P1000 ; adjust acceleration
G1 F2493
G1 X176.027 Y182.303 E.07578 ; infill
M204 P2500 ; adjust acceleration
M106 S255 ; enable fan
;LAYER_CHANGE
;Z:0.8
;HEIGHT:0.2
;BEFORE_LAYER_CHANGE
G92 E0.0
;0.8


G1 Z0.600 F720 ; simple layer change
;AFTER_LAYER_CHANGE
;0.8
M204 P1500 ; adjust acceleration
;TYPE:External perimeter
;WIDTH:0.45
G1 F600
G1 Z0.601 X175.789 Y182.251 E0.00003 ; perimeter
G1 Z0.604 X175.589 Y181.827 E0.00034 ; perimeter
G1 Z0.607 X175.431 Y181.386 E0.00058 ; perimeter
G1 Z0.610 X175.317 Y180.931 E0.00083 ; perimeter
G1 Z0.614 X175.248 Y180.468 E0.00108 ; perimeter
G1 Z0.617 X175.225 Y180 E0.00133 ; perimeter
G1 Z0.620 X175.248 Y179.532 E0.00158 ; perimeter
G1 Z0.623 X175.317 Y179.068 E0.00183 ; perimeter
G1 Z0.626 X175.431 Y178.614 E0.00207 ; perimeter
G1 Z0.629 X175.589 Y178.173 E0.00232 ; perimeter
G1 Z0.632 X175.789 Y177.749 E0.00257 ; perimeter
G1 Z0.635 X176.03 Y177.347 E0.00282 ; perimeter
G1 Z0.639 X176.309 Y176.971 E0.00306 ; perimeter
G1 Z0.642 X176.624 Y176.624 E0.00331 ; perimeter
G1 Z0.645 X176.971 Y176.309 E0.00356 ; perimeter
G1 Z0.648 X177.347 Y176.03 E0.00380 ; perimeter
G1 Z0.651 X177.749 Y175.789 E0.00406 ; perimeter
G1 Z0.654 X178.173 Y175.589 E0.00430 ; perimeter
G1 Z0.657 X178.614 Y175.431 E0.00455 ; perimeter
G1 Z0.660 X179.068 Y175.317 E0.00479 ; perimeter
G1 Z0.664 X179.532 Y175.248 E0.00505 ; perimeter
G1 Z0.667 X180.017 Y175.226 E0.00549 ; perimeter
G1 Z0.670 X180.468 Y175.248 E0.00534 ; perimeter
G1 Z0.673 X180.932 Y175.317 E0.00580 ; perimeter
G1 Z0.676 X181.386 Y175.431 E0.00603 ; perimeter
G1 Z0.679 X181.827 Y175.589 E0.00628 ; perimeter
G1 Z0.682 X182.251 Y175.789 E0.00654 ; perimeter
G1 Z0.685 X182.653 Y176.03 E0.00678 ; perimeter
G1 Z0.689 X183.029 Y176.309 E0.00702 ; perimeter
G1 Z0.692 X183.376 Y176.624 E0.00727 ; perimeter
G1 Z0.695 X183.691 Y176.971 E0.00752 ; perimeter
G1 Z0.698 X183.97 Y177.347 E0.00777 ; perimeter
G1 Z0.701 X184.211 Y177.749 E0.00802 ; perimeter
G1 Z0.704 X184.411 Y178.173 E0.00827 ; perimeter
G1 Z0.707 X184.569 Y178.614 E0.00851 ; perimeter
G1 Z0.710 X184.683 Y179.068 E0.00875 ; perimeter
G1 Z0.714 X184.752 Y179.532 E0.00902 ; perimeter
G1 Z0.717 X184.775 Y180 E0.00926 ; perimeter
G1 Z0.720 X184.752 Y180.468 E0.00951 ; perimeter
G1 Z0.723 X184.683 Y180.932 E0.00977 ; perimeter
G1 Z0.726 X184.569 Y181.386 E0.00999 ; perimeter
G1 Z0.729 X184.411 Y181.827 E0.01025 ; perimeter
G1 Z0.732 X184.211 Y182.251 E0.01050 ; perimeter
G1 Z0.735 X183.97 Y182.653 E0.01075 ; perimeter
G1 Z0.739 X183.691 Y183.029 E0.01099 ; perimeter
G1 Z0.742 X183.376 Y183.376 E0.01124 ; perimeter
G1 Z0.745 X183.029 Y183.691 E0.01149 ; perimeter
G1 Z0.748 X182.653 Y183.97 E0.01173 ; perimeter
G1 Z0.751 X182.251 Y184.211 E0.01199 ; perimeter
M73 P9 R5
G1 Z0.754 X181.827 Y184.411 E0.01224 ; perimeter
G1 Z0.757 X181.386 Y184.569 E0.01248 ; perimeter
G1 Z0.760 X180.932 Y184.683 E0.01271 ; perimeter
G1 Z0.764 X180.468 Y184.752 E0.01299 ; perimeter
G1 Z0.767 X180 Y184.775 E0.01322 ; perimeter
G1 Z0.770 X179.532 Y184.752 E0.01347 ; perimeter
G1 Z0.773 X179.068 Y184.683 E0.01374 ; perimeter
G1 Z0.776 X178.614 Y184.569 E0.01395 ; perimeter
G1 Z0.779 X178.173 Y184.411 E0.01421 ; perimeter
G1 Z0.782 X177.749 Y184.211 E0.01447 ; perimeter
G1 Z0.785 X177.347 Y183.97 E0.01472 ; perimeter
G1 Z0.789 X176.971 Y183.691 E0.01495 ; perimeter
G1 Z0.792 X176.624 Y183.376 E0.01520 ; perimeter
G1 Z0.795 X176.309 Y183.029 E0.01545 ; perimeter
G1 Z0.798 X176.03 Y182.653 E0.01569 ; perimeter
G1 Z0.800 X175.875 Y182.394 E0.01022 ; perimeter
M204 P2500 ; adjust acceleration
;LAYER_CHANGE
;Z:1
;HEIGHT:0.2
;BEFORE_LAYER_CHANGE
G92 E0.0
;1


G1 Z0.800 F720 ; simple layer change
;AFTER_LAYER_CHANGE
;1
M204 P1500 ; adjust acceleration
G1 F600
G1 Z0.801 X175.789 Y182.251 E0.00565 ; perimeter
G1 Z0.804 X175.589 Y181.827 E0.01587 ; perimeter
G1 Z0.807 X175.431 Y181.386 E0.01586 ; perimeter
G1 Z0.810 X175.317 Y180.932 E0.01584 ; perimeter
G1 Z0.814 X175.248 Y180.468 E0.01588 ; perimeter
G1 Z0.817 X175.225 Y180.000 E0.01586 ; perimeter
G1 Z0.820 X175.248 Y179.532 E0.01586 ; perimeter
G1 Z0.823 X175.317 Y179.068 E0.01588 ; perimeter
M73 Q10 S5
G1 Z0.826 X175.431 Y178.614 E0.01584 ; perimeter
G1 Z0.829 X175.589 Y178.173 E0.01586 ; perimeter
G1 Z0.832 X175.789 Y177.749 E0.01587 ; perimeter
G1 Z0.835 X176.030 Y177.347 E0.01587 ; perimeter
G1 Z0.839 X176.309 Y176.971 E0.01585 ; perimeter
G1 Z0.842 X176.624 Y176.624 E0.01586 ; perimeter
G1 Z0.845 X176.971 Y176.309 E0.01586 ; perimeter
G1 Z0.848 X177.347 Y176.030 E0.01585 ; perimeter
G1 Z0.851 X177.749 Y175.789 E0.01587 ; perimeter
G1 Z0.854 X178.173 Y175.589 E0.01587 ; perimeter
G1 Z0.857 X178.614 Y175.431 E0.01586 ; perimeter
G1 Z0.860 X179.068 Y175.317 E0.01584 ; perimeter
G1 Z0.864 X179.532 Y175.248 E0.01588 ; perimeter
G1 Z0.867 X180.022 Y175.226 E0.01660 ; perimeter
G1 Z0.870 X180.468 Y175.248 E0.01511 ; perimeter
G1 Z0.873 X180.932 Y175.317 E0.01588 ; perimeter
G1 Z0.876 X181.386 Y175.431 E0.01584 ; perimeter
G1 Z0.879 X181.827 Y175.589 E0.01586 ; perimeter
G1 Z0.882 X182.251 Y175.789 E0.01587 ; perimeter
G1 Z0.885 X182.653 Y176.030 E0.01587 ; perimeter
G1 Z0.889 X183.029 Y176.309 E0.01585 ; perimeter
G1 Z0.892 X183.376 Y176.624 E0.01586 ; perimeter
G1 Z0.895 X183.691 Y176.971 E0.01586 ; perimeter
G1 Z0.898 X183.970 Y177.347 E0.01585 ; perimeter
G1 Z0.901 X184.211 Y177.749 E0.01587 ; perimeter
G1 Z0.904 X184.411 Y178.173 E0.01587 ; perimeter
G1 Z0.907 X184.569 Y178.614 E0.01586 ; perimeter
G1 Z0.910 X184.683 Y179.069 E0.01588 ; perimeter
G1 Z0.914 X184.752 Y179.532 E0.01585 ; perimeter
G1 Z0.917 X184.775 Y180.000 E0.01586 ; perimeter
G1 Z0.920 X184.752 Y180.468 E0.01586 ; perimeter
G1 Z0.923 X184.683 Y180.932 E0.01588 ; perimeter
G1 Z0.926 X184.569 Y181.386 E0.01584 ; perimeter
G1 Z0.929 X184.411 Y181.827 E0.01586 ; perimeter
G1 Z0.932 X184.211 Y182.251 E0.01587 ; perimeter
G1 Z0.935 X183.970 Y182.653 E0.01587 ; perimeter
G1 Z0.939 X183.691 Y183.029 E0.01585 ; perimeter
G1 Z0.942 X183.376 Y183.376 E0.01586 ; perimeter
G1 Z0.945 X183.029 Y183.691 E0.01586 ; perimeter
G1 Z0.948 X182.653 Y183.970 E0.01585 ; perimeter
G1 Z0.951 X182.251 Y184.211 E0.01587 ; perimeter
G1 Z0.954 X181.827 Y184.411 E0.01587 ; perimeter
G1 Z0.957 X181.386 Y184.569 E0.01586 ; perimeter
G1 Z0.960 X180.931 Y184.683 E0.01588 ; perimeter
G1 Z0.964 X180.468 Y184.752 E0.01585 ; perimeter
G1 Z0.967 X180.000 Y184.775 E0.01586 ; perimeter
G1 Z0.970 X179.532 Y184.752 E0.01586 ; perimeter
G1 Z0.973 X179.068 Y184.683 E0.01588 ; perimeter
G1 Z0.976 X178.614 Y184.569 E0.01584 ; perimeter
M73 P10 R5
G1 Z0.979 X178.173 Y184.411 E0.01586 ; perimeter
G1 Z0.982 X177.749 Y184.211 E0.01587 ; perimeter
G1 Z0.985 X177.347 Y183.970 E0.01587 ; perimeter
G1 Z0.989 X176.971 Y183.691 E0.01585 ; perimeter
G1 Z0.992 X176.624 Y183.376 E0.01586 ; perimeter
G1 Z0.995 X176.309 Y183.029 E0.01586 ; perimeter
G1 Z0.998 X176.030 Y182.653 E0.01585 ; perimeter
G1 Z1.000 X175.875 Y182.394 E0.01022 ; perimeter
M204 P2500 ; adjust acceleration
;LAYER_CHANGE
;Z:1.2
;HEIGHT:0.2
;BEFORE_LAYER_CHANGE
G92 E0.0
;1.2


G1 Z1.000 F720 ; simple layer change
;AFTER_LAYER_CHANGE
;1.2
M204 P1500 ; adjust acceleration
G1 F600
G1 Z1.001 X175.789 Y182.251 E0.00565 ; perimeter
G1 Z1.004 X175.589 Y181.827 E0.01587 ; perimeter
G1 Z1.007 X175.431 Y181.386 E0.01586 ; perimeter
G1 Z1.010 X175.317 Y180.931 E0.01588 ; perimeter
G1 Z1.014 X175.248 Y180.468 E0.01585 ; perimeter
G1 Z1.017 X175.225 Y180.000 E0.01586 ; perimeter
G1 Z1.020 X175.248 Y179.532 E0.01586 ; perimeter
G1 Z1.023 X175.317 Y179.068 E0.01588 ; perimeter
G1 Z1.026 X175.431 Y178.614 E0.01584 ; perimeter
G1 Z1.029 X175.589 Y178.173 E0.01586 ; perimeter
G1 Z1.032 X175.789 Y177.749 E0.01587 ; perimeter
G1 Z1.035 X176.030 Y177.347 E0.01587 ; perimeter
G1 Z1.039 X176.309 Y176.971 E0.01585 ; perimeter
G1 Z1.042 X176.624 Y176.624 E0.01586 ; perimeter
G1 Z1.045 X176.971 Y176.309 E0.01586 ; perimeter
G1 Z1.048 X177.347 Y176.030 E0.01585 ; perimeter
M73 Q11 S5
G1 Z1.051 X177.749 Y175.789 E0.01587 ; perimeter
G1 Z1.054 X178.173 Y175.589 E0.01587 ; perimeter
G1 Z1.057 X178.614 Y175.431 E0.01586 ; perimeter
G1 Z1.060 X179.068 Y175.317 E0.01584 ; perimeter
G1 Z1.064 X179.532 Y175.248 E0.01588 ; perimeter
G1 Z1.067 X180.026 Y175.226 E0.01674 ; perimeter
G1 Z1.070 X180.468 Y175.248 E0.01498 ; perimeter
G1 Z1.073 X180.932 Y175.317 E0.01588 ; perimeter
G1 Z1.076 X181.386 Y175.431 E0.01584 ; perimeter
G1 Z1.079 X181.827 Y175.589 E0.01586 ; perimeter
G1 Z1.082 X182.251 Y175.789 E0.01587 ; perimeter
G1 Z1.085 X182.653 Y176.030 E0.01587 ; perimeter
G1 Z1.089 X183.029 Y176.309 E0.01585 ; perimeter
G1 Z1.092 X183.376 Y176.624 E0.01586 ; perimeter
G1 Z1.095 X183.691 Y176.971 E0.01586 ; perimeter
G1 Z1.098 X183.970 Y177.347 E0.01585 ; perimeter
G1 Z1.101 X184.211 Y177.749 E0.01587 ; perimeter
G1 Z1.104 X184.411 Y178.173 E0.01587 ; perimeter
G1 Z1.107 X184.569 Y178.614 E0.01586 ; perimeter
G1 Z1.110 X184.683 Y179.068 E0.01584 ; perimeter
G1 Z1.114 X184.752 Y179.532 E0.01588 ; perimeter
G1 Z1.117 X184.775 Y180.000 E0.01586 ; perimeter
G1 Z1.120 X184.752 Y180.468 E0.01586 ; perimeter
G1 Z1.123 X184.683 Y180.932 E0.01588 ; perimeter
G1 Z1.126 X184.569 Y181.386 E0.01584 ; perimeter
G1 Z1.129 X184.411 Y181.827 E0.01586 ; perimeter
G1 Z1.132 X184.211 Y182.251 E0.01587 ; perimeter
G1 Z1.135 X183.970 Y182.653 E0.01587 ; perimeter
G1 Z1.139 X183.691 Y183.029 E0.01585 ; perimeter
G1 Z1.142 X183.376 Y183.376 E0.01586 ; perimeter
G1 Z1.145 X183.029 Y183.691 E0.01586 ; perimeter
G1 Z1.148 X182.653 Y183.970 E0.01585 ; perimeter
G1 Z1.151 X182.251 Y184.211 E0.01587 ; perimeter
G1 Z1.154 X181.827 Y184.411 E0.01587 ; perimeter
G1 Z1.157 X181.386 Y184.569 E0.01586 ; perimeter
G1 Z1.160 X180.931 Y184.683 E0.01588 ; perimeter
G1 Z1.164 X180.468 Y184.752 E0.01585 ; perimeter
G1 Z1.167 X180.000 Y184.775 E0.01586 ; perimeter
G1 Z1.170 X179.532 Y184.752 E0.01586 ; perimeter
G1 Z1.173 X179.068 Y184.683 E0.01588 ; perimeter
G1 Z1.176 X178.614 Y184.569 E0.01584 ; perimeter
G1 Z1.179 X178.173 Y184.411 E0.01586 ; perimeter
G1 Z1.182 X177.749 Y184.211 E0.01587 ; perimeter
G1 Z1.185 X177.347 Y183.970 E0.01587 ; perimeter
G1 Z1.189 X176.971 Y183.691 E0.01585 ; perimeter
G1 Z1.192 X176.624 Y183.376 E0.01586 ; perimeter
G1 Z1.195 X176.309 Y183.029 E0.01586 ; perimeter
G1 Z1.198 X176.030 Y182.653 E0.01585 ; perimeter
G1 Z1.200 X175.875 Y182.394 E0.01022 ; perimeter
M73 P11 R5
M204 P2500 ; adjust acceleration
;LAYER_CHANGE
;Z:1.4
;HEIGHT:0.2
;BEFORE_LAYER_CHANGE
G92 E0.0
;1.4


G1 Z1.200 F720 ; simple layer change
;AFTER_LAYER_CHANGE
;1.4
M204 P1500 ; adjust acceleration
G1 F600
G1 Z1.201 X175.789 Y182.251 E0.00565 ; perimeter
G1 Z1.204 X175.589 Y181.827 E0.01587 ; perimeter
G1 Z1.207 X175.431 Y181.386 E0.01586 ; perimeter
G1 Z1.210 X175.317 Y180.932 E0.01584 ; perimeter
G1 Z1.214 X175.248 Y180.468 E0.01588 ; perimeter
G1 Z1.217 X175.225 Y180.000 E0.01586 ; perimeter
G1 Z1.220 X175.248 Y179.532 E0.01586 ; perimeter
G1 Z1.223 X175.317 Y179.068 E0.01588 ; perimeter
G1 Z1.226 X175.431 Y178.614 E0.01584 ; perimeter
G1 Z1.229 X175.589 Y178.173 E0.01586 ; perimeter
G1 Z1.232 X175.789 Y177.749 E0.01587 ; perimeter
G1 Z1.235 X176.030 Y177.347 E0.01587 ; perimeter
G1 Z1.239 X176.309 Y176.971 E0.01585 ; perimeter
G1 Z1.242 X176.624 Y176.624 E0.01586 ; perimeter
G1 Z1.245 X176.971 Y176.309 E0.01586 ; perimeter
G1 Z1.248 X177.347 Y176.030 E0.01585 ; perimeter
G1 Z1.251 X177.749 Y175.789 E0.01587 ; perimeter
M73 P11 R4
G1 Z1.254 X178.173 Y175.589 E0.01587 ; perimeter
G1 Z1.257 X178.614 Y175.431 E0.01586 ; perimeter
M73 Q11 S4
G1 Z1.260 X179.068 Y175.317 E0.01584 ; perimeter
G1 Z1.264 X179.531 Y175.248 E0.01585 ; perimeter
G1 Z1.267 X180.031 Y175.226 E0.01694 ; perimeter
G1 Z1.270 X180.468 Y175.248 E0.01481 ; perimeter
G1 Z1.273 X180.932 Y175.317 E0.01588 ; perimeter
G1 Z1.276 X181.386 Y175.431 E0.01584 ; perimeter
M73 Q12 S4
G1 Z1.279 X181.827 Y175.589 E0.01586 ; perimeter
G1 Z1.282 X182.251 Y175.789 E0.01587 ; perimeter
G1 Z1.285 X182.653 Y176.030 E0.01587 ; perimeter
G1 Z1.289 X183.029 Y176.309 E0.01585 ; perimeter
G1 Z1.292 X183.376 Y176.624 E0.01586 ; perimeter
G1 Z1.295 X183.691 Y176.971 E0.01586 ; perimeter
G1 Z1.298 X183.970 Y177.347 E0.01585 ; perimeter
G1 Z1.301 X184.211 Y177.749 E0.01587 ; perimeter
G1 Z1.304 X184.411 Y178.173 E0.01587 ; perimeter
G1 Z1.307 X184.569 Y178.614 E0.01586 ; perimeter
G1 Z1.310 X184.683 Y179.068 E0.01584 ; perimeter
G1 Z1.314 X184.752 Y179.532 E0.01588 ; perimeter
G1 Z1.317 X184.775 Y180.000 E0.01586 ; perimeter
G1 Z1.320 X184.752 Y180.468 E0.01586 ; perimeter
G1 Z1.323 X184.683 Y180.932 E0.01588 ; perimeter
G1 Z1.326 X184.569 Y181.386 E0.01584 ; perimeter
G1 Z1.329 X184.411 Y181.827 E0.01586 ; perimeter
G1 Z1.332 X184.211 Y182.251 E0.01587 ; perimeter
G1 Z1.335 X183.970 Y182.653 E0.01587 ; perimeter
G1 Z1.339 X183.691 Y183.029 E0.01585 ; perimeter
G1 Z1.342 X183.376 Y183.376 E0.01586 ; perimeter
G1 Z1.345 X183.029 Y183.691 E0.01586 ; perimeter
G1 Z1.348 X182.653 Y183.970 E0.01585 ; perimeter
G1 Z1.351 X182.251 Y184.211 E0.01587 ; perimeter
G1 Z1.354 X181.827 Y184.411 E0.01587 ; perimeter
G1 Z1.357 X181.386 Y184.569 E0.01586 ; perimeter
G1 Z1.360 X180.932 Y184.683 E0.01584 ; perimeter
G1 Z1.364 X180.468 Y184.752 E0.01588 ; perimeter
G1 Z1.367 X180.000 Y184.775 E0.01586 ; perimeter
G1 Z1.370 X179.532 Y184.752 E0.01586 ; perimeter
G1 Z1.373 X179.068 Y184.683 E0.01588 ; perimeter
G1 Z1.376 X178.614 Y184.569 E0.01584 ; perimeter
G1 Z1.379 X178.173 Y184.411 E0.01586 ; perimeter
G1 Z1.382 X177.749 Y184.211 E0.01587 ; perimeter
G1 Z1.385 X177.347 Y183.970 E0.01587 ; perimeter
G1 Z1.389 X176.971 Y183.691 E0.01585 ; perimeter
G1 Z1.392 X176.624 Y183.376 E0.01586 ; perimeter
G1 Z1.395 X176.309 Y183.029 E0.01586 ; perimeter
G1 Z1.398 X176.030 Y182.653 E0.01585 ; perimeter
G1 Z1.400 X175.875 Y182.394 E0.01022 ; perimeter
M204 P2500 ; adjust acceleration
;LAYER_CHANGE
;Z:1.6
;HEIGHT:0.2
;BEFORE_LAYER_CHANGE
G92 E0.0
;1.6


G1 Z1.400 F720 ; simple layer change
;AFTER_LAYER_CHANGE
;1.6
M204 P1500 ; adjust acceleration
G1 F600
G1 Z1.401 X175.789 Y182.251 E0.00565 ; perimeter
G1 Z1.404 X175.589 Y181.827 E0.01587 ; perimeter
G1 Z1.407 X175.431 Y181.386 E0.01586 ; perimeter
G1 Z1.410 X175.317 Y180.932 E0.01584 ; perimeter
G1 Z1.414 X175.248 Y180.468 E0.01588 ; perimeter
G1 Z1.417 X175.225 Y180.000 E0.01586 ; perimeter
G1 Z1.420 X175.248 Y179.532 E0.01586 ; perimeter
G1 Z1.423 X175.317 Y179.069 E0.01585 ; perimeter
G1 Z1.426 X175.431 Y178.614 E0.01588 ; perimeter
M73 P12 R4
G1 Z1.429 X175.589 Y178.173 E0.01586 ; perimeter
G1 Z1.432 X175.789 Y177.749 E0.01587 ; perimeter
G1 Z1.435 X176.030 Y177.347 E0.01587 ; perimeter
G1 Z1.439 X176.309 Y176.971 E0.01585 ; perimeter
G1 Z1.442 X176.624 Y176.624 E0.01586 ; perimeter
G1 Z1.445 X176.971 Y176.309 E0.01586 ; perimeter
G1 Z1.448 X177.347 Y176.030 E0.01585 ; perimeter
G1 Z1.451 X177.749 Y175.789 E0.01587 ; perimeter
G1 Z1.454 X178.173 Y175.589 E0.01587 ; perimeter
G1 Z1.457 X178.614 Y175.431 E0.01586 ; perimeter
G1 Z1.460 X179.068 Y175.317 E0.01584 ; perimeter
G1 Z1.464 X179.531 Y175.248 E0.01585 ; perimeter
G1 Z1.467 X180.036 Y175.226 E0.01711 ; perimeter
G1 Z1.470 X180.468 Y175.248 E0.01464 ; perimeter
G1 Z1.473 X180.931 Y175.317 E0.01585 ; perimeter
G1 Z1.476 X181.386 Y175.431 E0.01588 ; perimeter
G1 Z1.479 X181.827 Y175.589 E0.01586 ; perimeter
G1 Z1.482 X182.251 Y175.789 E0.01587 ; perimeter
G1 Z1.485 X182.653 Y176.030 E0.01587 ; perimeter
G1 Z1.489 X183.029 Y176.309 E0.01585 ; perimeter
G1 Z1.492 X183.376 Y176.624 E0.01586 ; perimeter
G1 Z1.495 X183.691 Y176.971 E0.01586 ; perimeter
G1 Z1.498 X183.970 Y177.347 E0.01585 ; perimeter
G1 Z1.501 X184.211 Y177.749 E0.01587 ; perimeter
M73 Q13 S4
G1 Z1.504 X184.411 Y178.173 E0.01587 ; perimeter
G1 Z1.507 X184.569 Y178.614 E0.01586 ; perimeter
G1 Z1.510 X184.683 Y179.068 E0.01584 ; perimeter
G1 Z1.514 X184.752 Y179.532 E0.01588 ; perimeter
G1 Z1.517 X184.775 Y180.000 E0.01586 ; perimeter
G1 Z1.520 X184.752 Y180.468 E0.01586 ; perimeter
G1 Z1.523 X184.683 Y180.932 E0.01588 ; perimeter
G1 Z1.526 X184.569 Y181.386 E0.01584 ; perimeter
G1 Z1.529 X184.411 Y181.827 E0.01586 ; perimeter
G1 Z1.532 X184.211 Y182.251 E0.01587 ; perimeter
G1 Z1.535 X183.970 Y182.653 E0.01587 ; perimeter
G1 Z1.539 X183.691 Y183.029 E0.01585 ; perimeter
G1 Z1.542 X183.376 Y183.376 E0.01586 ; perimeter
G1 Z1.545 X183.029 Y183.691 E0.01586 ; perimeter
G1 Z1.548 X182.653 Y183.970 E0.01585 ; perimeter
G1 Z1.551 X182.251 Y184.211 E0.01587 ; perimeter
G1 Z1.554 X181.827 Y184.411 E0.01587 ; perimeter
G1 Z1.557 X181.386 Y184.569 E0.01586 ; perimeter
G1 Z1.560 X180.932 Y184.683 E0.01584 ; perimeter
G1 Z1.564 X180.468 Y184.752 E0.01588 ; perimeter
G1 Z1.567 X180.000 Y184.775 E0.01586 ; perimeter
G1 Z1.570 X179.532 Y184.752 E0.01586 ; perimeter
G1 Z1.573 X179.068 Y184.683 E0.01588 ; perimeter
G1 Z1.576 X178.614 Y184.569 E0.01584 ; perimeter
G1 Z1.579 X178.173 Y184.411 E0.01586 ; perimeter
G1 Z1.582 X177.749 Y184.211 E0.01587 ; perimeter
G1 Z1.585 X177.347 Y183.970 E0.01587 ; perimeter
G1 Z1.589 X176.971 Y183.691 E0.01585 ; perimeter
G1 Z1.592 X176.624 Y183.376 E0.01586 ; perimeter
G1 Z1.595 X176.309 Y183.029 E0.01586 ; perimeter
G1 Z1.598 X176.030 Y182.653 E0.01585 ; perimeter
G1 Z1.600 X175.875 Y182.394 E0.01022 ; perimeter
M204 P2500 ; adjust acceleration
;LAYER_CHANGE
;Z:1.8
;HEIGHT:0.2
;BEFORE_LAYER_CHANGE
G92 E0.0
;1.8


G1 Z1.600 F720 ; simple layer change
;AFTER_LAYER_CHANGE
;1.8
M204 P1500 ; adjust acceleration
G1 F600
G1 Z1.601 X175.789 Y182.251 E0.00565 ; perimeter
G1 Z1.604 X175.589 Y181.827 E0.01587 ; perimeter
G1 Z1.607 X175.431 Y181.386 E0.01586 ; perimeter
G1 Z1.610 X175.317 Y180.931 E0.01588 ; perimeter
G1 Z1.614 X175.248 Y180.468 E0.01585 ; perimeter
G1 Z1.617 X175.225 Y180.000 E0.01586 ; perimeter
G1 Z1.620 X175.248 Y179.532 E0.01586 ; perimeter
G1 Z1.623 X175.317 Y179.068 E0.01588 ; perimeter
G1 Z1.626 X175.431 Y178.614 E0.01584 ; perimeter
G1 Z1.629 X175.589 Y178.173 E0.01586 ; perimeter
G1 Z1.632 X175.789 Y177.749 E0.01587 ; perimeter
G1 Z1.635 X176.030 Y177.347 E0.01587 ; perimeter
G1 Z1.639 X176.309 Y176.971 E0.01585 ; perimeter
G1 Z1.642 X176.624 Y176.624 E0.01586 ; perimeter
G1 Z1.645 X176.971 Y176.309 E0.01586 ; perimeter
G1 Z1.648 X177.347 Y176.030 E0.01585 ; perimeter
G1 Z1.651 X177.749 Y175.789 E0.01587 ; perimeter
M73 P13 R4
G1 Z1.654 X178.173 Y175.589 E0.01587 ; perimeter
G1 Z1.657 X178.614 Y175.431 E0.01586 ; perimeter
G1 Z1.660 X179.069 Y175.317 E0.01588 ; perimeter
G1 Z1.664 X179.531 Y175.248 E0.01581 ; perimeter
G1 Z1.667 X180.041 Y175.226 E0.01728 ; perimeter
G1 Z1.670 X180.468 Y175.248 E0.01447 ; perimeter
G1 Z1.673 X180.932 Y175.317 E0.01588 ; perimeter
G1 Z1.676 X181.386 Y175.431 E0.01584 ; perimeter
G1 Z1.679 X181.827 Y175.589 E0.01586 ; perimeter
G1 Z1.682 X182.251 Y175.789 E0.01587 ; perimeter
G1 Z1.685 X182.653 Y176.030 E0.01587 ; perimeter
G1 Z1.689 X183.029 Y176.309 E0.01585 ; perimeter
G1 Z1.692 X183.376 Y176.624 E0.01586 ; perimeter
G1 Z1.695 X183.691 Y176.971 E0.01586 ; perimeter
G1 Z1.698 X183.970 Y177.347 E0.01585 ; perimeter
G1 Z1.701 X184.211 Y177.749 E0.01587 ; perimeter
G1 Z1.704 X184.411 Y178.173 E0.01587 ; perimeter
G1 Z1.707 X184.569 Y178.614 E0.01586 ; perimeter
G1 Z1.710 X184.683 Y179.069 E0.01588 ; perimeter
G1 Z1.714 X184.752 Y179.532 E0.01585 ; perimeter
G1 Z1.717 X184.775 Y180.000 E0.01586 ; perimeter
G1 Z1.720 X184.752 Y180.468 E0.01586 ; perimeter
G1 Z1.723 X184.683 Y180.932 E0.01588 ; perimeter
G1 Z1.726 X184.569 Y181.386 E0.01584 ; perimeter
G1 Z1.729 X184.411 Y181.827 E0.01586 ; perimeter
M73 Q14 S4
G1 Z1.732 X184.211 Y182.251 E0.01587 ; perimeter
G1 Z1.735 X183.970 Y182.653 E0.01587 ; perimeter
G1 Z1.739 X183.691 Y183.029 E0.01585 ; perimeter
G1 Z1.742 X183.376 Y183.376 E0.01586 ; perimeter
G1 Z1.745 X183.029 Y183.691 E0.01586 ; perimeter
G1 Z1.748 X182.653 Y183.970 E0.01585 ; perimeter
G1 Z1.751 X182.251 Y184.211 E0.01587 ; perimeter
G1 Z1.754 X181.827 Y184.411 E0.01587 ; perimeter
G1 Z1.757 X181.386 Y184.569 E0.01586 ; perimeter
G1 Z1.760 X180.931 Y184.683 E0.01588 ; perimeter
G1 Z1.764 X180.468 Y184.752 E0.01585 ; perimeter
G1 Z1.767 X180.000 Y184.775 E0.01586 ; perimeter
G1 Z1.770 X179.532 Y184.752 E0.01586 ; perimeter
G1 Z1.773 X179.068 Y184.683 E0.01588 ; perimeter
G1 Z1.776 X178.614 Y184.569 E0.01584 ; perimeter
G1 Z1.779 X178.173 Y184.411 E0.01586 ; perimeter
G1 Z1.782 X177.749 Y184.211 E0.01587 ; perimeter
G1 Z1.785 X177.347 Y183.970 E0.01587 ; perimeter
G1 Z1.789 X176.971 Y183.691 E0.01585 ; perimeter
G1 Z1.792 X176.624 Y183.376 E0.01586 ; perimeter
G1 Z1.795 X176.309 Y183.029 E0.01586 ; perimeter
G1 Z1.798 X176.030 Y182.653 E0.01585 ; perimeter
G1 Z1.800 X175.875 Y182.394 E0.01022 ; perimeter
M204 P2500 ; adjust acceleration
;LAYER_CHANGE
;Z:2
;HEIGHT:0.2
;BEFORE_LAYER_CHANGE
G92 E0.0
;2


G1 Z1.800 F720 ; simple layer change
;AFTER_LAYER_CHANGE
;2
M204 P1500 ; adjust acceleration
G1 F600
G1 Z1.801 X175.789 Y182.251 E0.00565 ; perimeter
G1 Z1.804 X175.589 Y181.827 E0.01587 ; perimeter
G1 Z1.807 X175.431 Y181.386 E0.01586 ; perimeter
G1 Z1.810 X175.317 Y180.932 E0.01584 ; perimeter
G1 Z1.814 X175.248 Y180.468 E0.01588 ; perimeter
G1 Z1.817 X175.225 Y180.000 E0.01586 ; perimeter
G1 Z1.820 X175.248 Y179.532 E0.01586 ; perimeter
G1 Z1.823 X175.317 Y179.068 E0.01588 ; perimeter
G1 Z1.826 X175.431 Y178.614 E0.01584 ; perimeter
G1 Z1.829 X175.589 Y178.173 E0.01586 ; perimeter
G1 Z1.832 X175.789 Y177.749 E0.01587 ; perimeter
G1 Z1.835 X176.030 Y177.347 E0.01587 ; perimeter
G1 Z1.839 X176.309 Y176.971 E0.01585 ; perimeter
G1 Z1.842 X176.624 Y176.624 E0.01586 ; perimeter
G1 Z1.845 X176.971 Y176.309 E0.01586 ; perimeter
G1 Z1.848 X177.347 Y176.030 E0.01585 ; perimeter
G1 Z1.851 X177.749 Y175.789 E0.01587 ; perimeter
G1 Z1.854 X178.173 Y175.589 E0.01587 ; perimeter
G1 Z1.857 X178.614 Y175.431 E0.01586 ; perimeter
G1 Z1.860 X179.068 Y175.317 E0.01584 ; perimeter
G1 Z1.864 X179.531 Y175.248 E0.01585 ; perimeter
G1 Z1.867 X180.046 Y175.226 E0.01745 ; perimeter
G1 Z1.870 X180.468 Y175.248 E0.01430 ; perimeter
G1 Z1.873 X180.932 Y175.317 E0.01588 ; perimeter
G1 Z1.876 X181.386 Y175.431 E0.01584 ; perimeter
M73 P14 R4
G1 Z1.879 X181.827 Y175.589 E0.01586 ; perimeter
G1 Z1.882 X182.251 Y175.789 E0.01587 ; perimeter
G1 Z1.885 X182.653 Y176.030 E0.01587 ; perimeter
G1 Z1.889 X183.029 Y176.309 E0.01585 ; perimeter
G1 Z1.892 X183.376 Y176.624 E0.01586 ; perimeter
G1 Z1.895 X183.691 Y176.971 E0.01586 ; perimeter
G1 Z1.898 X183.970 Y177.347 E0.01585 ; perimeter
G1 Z1.901 X184.211 Y177.749 E0.01587 ; perimeter
G1 Z1.904 X184.411 Y178.173 E0.01587 ; perimeter
G1 Z1.907 X184.569 Y178.614 E0.01586 ; perimeter
G1 Z1.910 X184.683 Y179.069 E0.01588 ; perimeter
G1 Z1.914 X184.752 Y179.532 E0.01585 ; perimeter
G1 Z1.917 X184.775 Y180.000 E0.01586 ; perimeter
G1 Z1.920 X184.752 Y180.468 E0.01586 ; perimeter
G1 Z1.923 X184.683 Y180.932 E0.01588 ; perimeter
G1 Z1.926 X184.569 Y181.386 E0.01584 ; perimeter
G1 Z1.929 X184.411 Y181.827 E0.01586 ; perimeter
G1 Z1.932 X184.211 Y182.251 E0.01587 ; perimeter
G1 Z1.935 X183.970 Y182.653 E0.01587 ; perimeter
G1 Z1.939 X183.691 Y183.029 E0.01585 ; perimeter
G1 Z1.942 X183.376 Y183.376 E0.01586 ; perimeter
G1 Z1.945 X183.029 Y183.691 E0.01586 ; perimeter
G1 Z1.948 X182.653 Y183.970 E0.01585 ; perimeter
G1 Z1.951 X182.251 Y184.211 E0.01587 ; perimeter
G1 Z1.954 X181.827 Y184.411 E0.01587 ; perimeter
M73 Q15 S4
G1 Z1.957 X181.386 Y184.569 E0.01586 ; perimeter
G1 Z1.960 X180.932 Y184.683 E0.01584 ; perimeter
G1 Z1.964 X180.468 Y184.752 E0.01588 ; perimeter
G1 Z1.967 X180.000 Y184.775 E0.01586 ; perimeter
G1 Z1.970 X179.532 Y184.752 E0.01586 ; perimeter
G1 Z1.973 X179.068 Y184.683 E0.01588 ; perimeter
G1 Z1.976 X178.614 Y184.569 E0.01584 ; perimeter
G1 Z1.979 X178.173 Y184.411 E0.01586 ; perimeter
G1 Z1.982 X177.749 Y184.211 E0.01587 ; perimeter
G1 Z1.985 X177.347 Y183.970 E0.01587 ; perimeter
G1 Z1.989 X176.971 Y183.691 E0.01585 ; perimeter
G1 Z1.992 X176.624 Y183.376 E0.01586 ; perimeter
G1 Z1.995 X176.309 Y183.029 E0.01586 ; perimeter
G1 Z1.998 X176.030 Y182.653 E0.01585 ; perimeter
G1 Z2.000 X175.875 Y182.394 E0.01022 ; perimeter
M204 P2500 ; adjust acceleration
;LAYER_CHANGE
;Z:2.2
;HEIGHT:0.2
;BEFORE_LAYER_CHANGE
G92 E0.0
;2.2


G1 Z2.000 F720 ; simple layer change
;AFTER_LAYER_CHANGE
;2.2
M204 P1500 ; adjust acceleration
G1 F600
G1 Z2.001 X175.789 Y182.251 E0.00565 ; perimeter
G1 Z2.004 X175.589 Y181.827 E0.01587 ; perimeter
G1 Z2.007 X175.431 Y181.386 E0.01586 ; perimeter
G1 Z2.010 X175.317 Y180.931 E0.01588 ; perimeter
G1 Z2.014 X175.248 Y180.468 E0.01585 ; perimeter
G1 Z2.017 X175.225 Y180.000 E0.01586 ; perimeter
G1 Z2.020 X175.248 Y179.532 E0.01586 ; perimeter
G1 Z2.023 X175.317 Y179.068 E0.01588 ; perimeter
G1 Z2.026 X175.431 Y178.614 E0.01584 ; perimeter
G1 Z2.029 X175.589 Y178.173 E0.01586 ; perimeter
G1 Z2.032 X175.789 Y177.749 E0.01587 ; perimeter
G1 Z2.035 X176.030 Y177.347 E0.01587 ; perimeter
G1 Z2.039 X176.309 Y176.971 E0.01585 ; perimeter
G1 Z2.042 X176.624 Y176.624 E0.01586 ; perimeter
G1 Z2.045 X176.971 Y176.309 E0.01586 ; perimeter
G1 Z2.048 X177.347 Y176.030 E0.01585 ; perimeter
G1 Z2.051 X177.749 Y175.789 E0.01587 ; perimeter
G1 Z2.054 X178.173 Y175.589 E0.01587 ; perimeter
G1 Z2.057 X178.614 Y175.431 E0.01586 ; perimeter
G1 Z2.060 X179.068 Y175.317 E0.01584 ; perimeter
G1 Z2.064 X179.531 Y175.248 E0.01585 ; perimeter
G1 Z2.067 X180.050 Y175.226 E0.01758 ; perimeter
G1 Z2.070 X180.468 Y175.248 E0.01417 ; perimeter
G1 Z2.073 X180.932 Y175.317 E0.01588 ; perimeter
G1 Z2.076 X181.386 Y175.431 E0.01584 ; perimeter
G1 Z2.079 X181.827 Y175.589 E0.01586 ; perimeter
G1 Z2.082 X182.251 Y175.789 E0.01587 ; perimeter
G1 Z2.085 X182.653 Y176.030 E0.01587 ; perimeter
G1 Z2.089 X183.029 Y176.309 E0.01585 ; perimeter
G1 Z2.092 X183.376 Y176.624 E0.01586 ; perimeter
G1 Z2.095 X183.691 Y176.971 E0.01586 ; perimeter
G1 Z2.098 X183.970 Y177.347 E0.01585 ; perimeter
G1 Z2.101 X184.211 Y177.749 E0.01587 ; perimeter
M73 P15 R4
G1 Z2.104 X184.411 Y178.173 E0.01587 ; perimeter
G1 Z2.107 X184.569 Y178.614 E0.01586 ; perimeter
G1 Z2.110 X184.683 Y179.068 E0.01584 ; perimeter
G1 Z2.114 X184.752 Y179.532 E0.01588 ; perimeter
G1 Z2.117 X184.775 Y180.000 E0.01586 ; perimeter
G1 Z2.120 X184.752 Y180.468 E0.01586 ; perimeter
G1 Z2.123 X184.683 Y180.932 E0.01588 ; perimeter
G1 Z2.126 X184.569 Y181.386 E0.01584 ; perimeter
G1 Z2.129 X184.411 Y181.827 E0.01586 ; perimeter
G1 Z2.132 X184.211 Y182.251 E0.01587 ; perimeter
G1 Z2.135 X183.970 Y182.653 E0.01587 ; perimeter
G1 Z2.139 X183.691 Y183.029 E0.01585 ; perimeter
G1 Z2.142 X183.376 Y183.376 E0.01586 ; perimeter
G1 Z2.145 X183.029 Y183.691 E0.01586 ; perimeter
G1 Z2.148 X182.653 Y183.970 E0.01585 ; perimeter
G1 Z2.151 X182.251 Y184.211 E0.01587 ; perimeter
G1 Z2.154 X181.827 Y184.411 E0.01587 ; perimeter
G1 Z2.157 X181.386 Y184.569 E0.01586 ; perimeter
G1 Z2.160 X180.931 Y184.683 E0.01588 ; perimeter
G1 Z2.164 X180.468 Y184.752 E0.01585 ; perimeter
G1 Z2.167 X180.000 Y184.775 E0.01586 ; perimeter
G1 Z2.170 X179.532 Y184.752 E0.01586 ; perimeter
G1 Z2.173 X179.068 Y184.683 E0.01588 ; perimeter
G1 Z2.176 X178.614 Y184.569 E0.01584 ; perimeter
G1 Z2.179 X178.173 Y184.411 E0.01586 ; perimeter
G1 Z2.182 X177.749 Y184.211 E0.01587 ; perimeter
M73 Q16 S4
G1 Z2.185 X177.347 Y183.970 E0.01587 ; perimeter
G1 Z2.189 X176.971 Y183.691 E0.01585 ; perimeter
G1 Z2.192 X176.624 Y183.376 E0.01586 ; perimeter
G1 Z2.195 X176.309 Y183.029 E0.01586 ; perimeter
G1 Z2.198 X176.030 Y182.653 E0.01585 ; perimeter
G1 Z2.200 X175.875 Y182.394 E0.01022 ; perimeter
M204 P2500 ; adjust acceleration
;LAYER_CHANGE
;Z:2.4
;HEIGHT:0.2
;BEFORE_LAYER_CHANGE
G92 E0.0
;2.4


G1 Z2.200 F720 ; simple layer change
;AFTER_LAYER_CHANGE
;2.4
M204 P1500 ; adjust acceleration
G1 F600
G1 Z2.201 X175.789 Y182.251 E0.00565 ; perimeter
G1 Z2.204 X175.589 Y181.827 E0.01587 ; perimeter
G1 Z2.207 X175.431 Y181.386 E0.01586 ; perimeter
G1 Z2.210 X175.317 Y180.932 E0.01584 ; perimeter
G1 Z2.214 X175.248 Y180.468 E0.01588 ; perimeter
G1 Z2.217 X175.225 Y180.000 E0.01586 ; perimeter
G1 Z2.220 X175.248 Y179.532 E0.01586 ; perimeter
G1 Z2.223 X175.317 Y179.068 E0.01588 ; perimeter
G1 Z2.226 X175.431 Y178.614 E0.01584 ; perimeter
G1 Z2.229 X175.589 Y178.173 E0.01586 ; perimeter
G1 Z2.232 X175.789 Y177.749 E0.01587 ; perimeter
G1 Z2.235 X176.030 Y177.347 E0.01587 ; perimeter
G1 Z2.239 X176.309 Y176.971 E0.01585 ; perimeter
G1 Z2.242 X176.624 Y176.624 E0.01586 ; perimeter
G1 Z2.245 X176.971 Y176.309 E0.01586 ; perimeter
G1 Z2.248 X177.347 Y176.030 E0.01585 ; perimeter
G1 Z2.251 X177.749 Y175.789 E0.01587 ; perimeter
G1 Z2.254 X178.173 Y175.589 E0.01587 ; perimeter
G1 Z2.257 X178.614 Y175.431 E0.01586 ; perimeter
G1 Z2.260 X179.069 Y175.317 E0.01588 ; perimeter
G1 Z2.264 X179.531 Y175.248 E0.01581 ; perimeter
G1 Z2.267 X180.055 Y175.227 E0.01775 ; perimeter
G1 Z2.270 X180.468 Y175.248 E0.01400 ; perimeter
G1 Z2.273 X180.932 Y175.317 E0.01588 ; perimeter
G1 Z2.276 X181.386 Y175.431 E0.01584 ; perimeter
G1 Z2.279 X181.827 Y175.589 E0.01586 ; perimeter
G1 Z2.282 X182.251 Y175.789 E0.01587 ; perimeter
G1 Z2.285 X182.653 Y176.030 E0.01587 ; perimeter
G1 Z2.289 X183.029 Y176.309 E0.01585 ; perimeter
G1 Z2.292 X183.376 Y176.624 E0.01586 ; perimeter
G1 Z2.295 X183.691 Y176.971 E0.01586 ; perimeter
G1 Z2.298 X183.970 Y177.347 E0.01585 ; perimeter
G1 Z2.301 X184.211 Y177.749 E0.01587 ; perimeter
G1 Z2.304 X184.411 Y178.173 E0.01587 ; perimeter
G1 Z2.307 X184.569 Y178.614 E0.01586 ; perimeter
G1 Z2.310 X184.683 Y179.068 E0.01584 ; perimeter
G1 Z2.314 X184.752 Y179.532 E0.01588 ; perimeter
G1 Z2.317 X184.775 Y180.000 E0.01586 ; perimeter
G1 Z2.320 X184.752 Y180.468 E0.01586 ; perimeter
G1 Z2.323 X184.683 Y180.932 E0.01588 ; perimeter
G1 Z2.326 X184.569 Y181.386 E0.01584 ; perimeter
M73 P16 R4
G1 Z2.329 X184.411 Y181.827 E0.01586 ; perimeter
G1 Z2.332 X184.211 Y182.251 E0.01587 ; perimeter
G1 Z2.335 X183.970 Y182.653 E0.01587 ; perimeter
G1 Z2.339 X183.691 Y183.029 E0.01585 ; perimeter
G1 Z2.342 X183.376 Y183.376 E0.01586 ; perimeter
G1 Z2.345 X183.029 Y183.691 E0.01586 ; perimeter
G1 Z2.348 X182.653 Y183.970 E0.01585 ; perimeter
G1 Z2.351 X182.251 Y184.211 E0.01587 ; perimeter
G1 Z2.354 X181.827 Y184.411 E0.01587 ; perimeter
G1 Z2.357 X181.386 Y184.569 E0.01586 ; perimeter
G1 Z2.360 X180.931 Y184.683 E0.01588 ; perimeter
G1 Z2.364 X180.468 Y184.752 E0.01585 ; perimeter
G1 Z2.367 X180.000 Y184.775 E0.01586 ; perimeter
G1 Z2.370 X179.532 Y184.752 E0.01586 ; perimeter
G1 Z2.373 X179.068 Y184.683 E0.01588 ; perimeter
G1 Z2.376 X178.614 Y184.569 E0.01584 ; perimeter
G1 Z2.379 X178.173 Y184.411 E0.01586 ; perimeter
G1 Z2.382 X177.749 Y184.211 E0.01587 ; perimeter
G1 Z2.385 X177.347 Y183.970 E0.01587 ; perimeter
G1 Z2.389 X176.971 Y183.691 E0.01585 ; perimeter
G1 Z2.392 X176.624 Y183.376 E0.01586 ; perimeter
G1 Z2.395 X176.309 Y183.029 E0.01586 ; perimeter
G1 Z2.398 X176.030 Y182.653 E0.01585 ; perimeter
G1 Z2.400 X175.875 Y182.394 E0.01022 ; perimeter
M204 P2500 ; adjust acceleration
;LAYER_CHANGE
;Z:2.6
;HEIGHT:0.2
;BEFORE_LAYER_CHANGE
G92 E0.0
;2.6


G1 Z2.400 F720 ; simple layer change
;AFTER_LAYER_CHANGE
;2.6
M204 P1500 ; adjust acceleration
G1 F600
G1 Z2.401 X175.789 Y182.251 E0.00565 ; perimeter
G1 Z2.404 X175.589 Y181.827 E0.01587 ; perimeter
G1 Z2.407 X175.431 Y181.386 E0.01586 ; perimeter
G1 Z2.410 X175.317 Y180.932 E0.01584 ; perimeter
M73 Q17 S4
G1 Z2.414 X175.248 Y180.468 E0.01588 ; perimeter
G1 Z2.417 X175.225 Y180.000 E0.01586 ; perimeter
G1 Z2.420 X175.248 Y179.532 E0.01586 ; perimeter
G1 Z2.423 X175.317 Y179.069 E0.01585 ; perimeter
G1 Z2.426 X175.431 Y178.614 E0.01588 ; perimeter
G1 Z2.429 X175.589 Y178.173 E0.01586 ; perimeter
G1 Z2.432 X175.789 Y177.749 E0.01587 ; perimeter
G1 Z2.435 X176.030 Y177.347 E0.01587 ; perimeter
M104.1 T1 P120 Q120 S260
G1 Z2.439 X176.309 Y176.971 E0.01585 ; perimeter
G1 Z2.442 X176.624 Y176.624 E0.01586 ; perimeter
G1 Z2.445 X176.971 Y176.309 E0.01586 ; perimeter
G1 Z2.448 X177.347 Y176.030 E0.01585 ; perimeter
G1 Z2.451 X177.749 Y175.789 E0.01587 ; perimeter
G1 Z2.454 X178.173 Y175.589 E0.01587 ; perimeter
G1 Z2.457 X178.614 Y175.431 E0.01586 ; perimeter
G1 Z2.460 X179.068 Y175.317 E0.01584 ; perimeter
G1 Z2.464 X179.535 Y175.248 E0.01598 ; perimeter
G1 Z2.467 X180.057 Y175.227 E0.01768 ; perimeter
G1 Z2.470 X180.468 Y175.248 E0.01393 ; perimeter
G1 Z2.473 X180.932 Y175.317 E0.01588 ; perimeter
G1 Z2.476 X181.386 Y175.431 E0.01584 ; perimeter
G1 Z2.479 X181.827 Y175.589 E0.01586 ; perimeter
G1 Z2.482 X182.251 Y175.789 E0.01587 ; perimeter
G1 Z2.485 X182.653 Y176.030 E0.01587 ; perimeter
G1 Z2.489 X183.029 Y176.309 E0.01585 ; perimeter
G1 Z2.492 X183.376 Y176.624 E0.01586 ; perimeter
G1 Z2.495 X183.691 Y176.971 E0.01586 ; perimeter
G1 Z2.498 X183.970 Y177.347 E0.01585 ; perimeter
G1 Z2.501 X184.211 Y177.749 E0.01587 ; perimeter
G1 Z2.504 X184.411 Y178.173 E0.01587 ; perimeter
G1 Z2.507 X184.569 Y178.614 E0.01586 ; perimeter
G1 Z2.510 X184.683 Y179.069 E0.01588 ; perimeter
G1 Z2.514 X184.752 Y179.532 E0.01585 ; perimeter
G1 Z2.517 X184.775 Y180.000 E0.01586 ; perimeter
G1 Z2.520 X184.752 Y180.468 E0.01586 ; perimeter
G1 Z2.523 X184.683 Y180.932 E0.01588 ; perimeter
G1 Z2.526 X184.569 Y181.386 E0.01584 ; perimeter
G1 Z2.529 X184.411 Y181.827 E0.01586 ; perimeter
G1 Z2.532 X184.211 Y182.251 E0.01587 ; perimeter
G1 Z2.535 X183.970 Y182.653 E0.01587 ; perimeter
G1 Z2.539 X183.691 Y183.029 E0.01585 ; perimeter
G1 Z2.542 X183.376 Y183.376 E0.01586 ; perimeter
G1 Z2.545 X183.029 Y183.691 E0.01586 ; perimeter
G1 Z2.548 X182.653 Y183.970 E0.01585 ; perimeter
G1 Z2.551 X182.251 Y184.211 E0.01587 ; perimeter
M73 P17 R4
G1 Z2.554 X181.827 Y184.411 E0.01587 ; perimeter
G1 Z2.557 X181.386 Y184.569 E0.01586 ; perimeter
G1 Z2.560 X180.932 Y184.683 E0.01584 ; perimeter
G1 Z2.564 X180.468 Y184.752 E0.01588 ; perimeter
G1 Z2.567 X180.000 Y184.775 E0.01586 ; perimeter
G1 Z2.570 X179.532 Y184.752 E0.01586 ; perimeter
G1 Z2.573 X179.068 Y184.683 E0.01588 ; perimeter
G1 Z2.576 X178.614 Y184.569 E0.01584 ; perimeter
G1 Z2.579 X178.173 Y184.411 E0.01586 ; perimeter
G1 Z2.582 X177.749 Y184.211 E0.01587 ; perimeter
G1 Z2.585 X177.347 Y183.970 E0.01587 ; perimeter
G1 Z2.589 X176.971 Y183.691 E0.01585 ; perimeter
G1 Z2.592 X176.624 Y183.376 E0.01586 ; perimeter
G1 Z2.595 X176.309 Y183.029 E0.01586 ; perimeter
G1 Z2.598 X176.030 Y182.653 E0.01585 ; perimeter
G1 Z2.600 X175.875 Y182.394 E0.01022 ; perimeter
M204 P2500 ; adjust acceleration
;LAYER_CHANGE
;Z:2.8
;HEIGHT:0.2
;BEFORE_LAYER_CHANGE
G92 E0.0
;2.8


G1 Z2.600 F720 ; simple layer change
;AFTER_LAYER_CHANGE
;2.8
M204 P1500 ; adjust acceleration
G1 F600
G1 Z2.601 X175.789 Y182.251 E0.00565 ; perimeter
G1 Z2.604 X175.589 Y181.827 E0.01587 ; perimeter
G1 Z2.607 X175.431 Y181.386 E0.01586 ; perimeter
G1 Z2.610 X175.317 Y180.931 E0.01588 ; perimeter
G1 Z2.614 X175.248 Y180.468 E0.01585 ; perimeter
G1 Z2.617 X175.225 Y180.000 E0.01586 ; perimeter
G1 Z2.620 X175.248 Y179.532 E0.01586 ; perimeter
G1 Z2.623 X175.317 Y179.069 E0.01585 ; perimeter
G1 Z2.626 X175.431 Y178.614 E0.01588 ; perimeter
G1 Z2.629 X175.589 Y178.173 E0.01586 ; perimeter
G1 Z2.632 X175.789 Y177.749 E0.01587 ; perimeter
G1 Z2.635 X176.030 Y177.347 E0.01587 ; perimeter
M73 Q18 S4
G1 Z2.639 X176.309 Y176.971 E0.01585 ; perimeter
G1 Z2.642 X176.624 Y176.624 E0.01586 ; perimeter
G1 Z2.645 X176.971 Y176.309 E0.01586 ; perimeter
G1 Z2.648 X177.347 Y176.030 E0.01585 ; perimeter
G1 Z2.651 X177.749 Y175.789 E0.01587 ; perimeter
G1 Z2.654 X178.173 Y175.589 E0.01587 ; perimeter
G1 Z2.657 X178.614 Y175.431 E0.01586 ; perimeter
G1 Z2.660 X179.069 Y175.317 E0.01588 ; perimeter
G1 Z2.664 X179.535 Y175.248 E0.01595 ; perimeter
G1 Z2.667 X180.062 Y175.227 E0.01785 ; perimeter
G1 Z2.670 X180.468 Y175.248 E0.01376 ; perimeter
G1 Z2.673 X180.932 Y175.317 E0.01588 ; perimeter
G1 Z2.676 X181.386 Y175.431 E0.01584 ; perimeter
G1 Z2.679 X181.827 Y175.589 E0.01586 ; perimeter
G1 Z2.682 X182.251 Y175.789 E0.01587 ; perimeter
G1 Z2.685 X182.653 Y176.030 E0.01587 ; perimeter
G1 Z2.689 X183.029 Y176.309 E0.01585 ; perimeter
G1 Z2.692 X183.376 Y176.624 E0.01586 ; perimeter
G1 Z2.695 X183.691 Y176.971 E0.01586 ; perimeter
G1 Z2.698 X183.970 Y177.347 E0.01585 ; perimeter
G1 Z2.701 X184.211 Y177.749 E0.01587 ; perimeter
G1 Z2.704 X184.411 Y178.173 E0.01587 ; perimeter
G1 Z2.707 X184.569 Y178.614 E0.01586 ; perimeter
G1 Z2.710 X184.683 Y179.068 E0.01584 ; perimeter
G1 Z2.714 X184.752 Y179.532 E0.01588 ; perimeter
G1 Z2.717 X184.775 Y180.000 E0.01586 ; perimeter
G1 Z2.720 X184.752 Y180.468 E0.01586 ; perimeter
G1 Z2.723 X184.683 Y180.932 E0.01588 ; perimeter
G1 Z2.726 X184.569 Y181.386 E0.01584 ; perimeter
G1 Z2.729 X184.411 Y181.827 E0.01586 ; perimeter
G1 Z2.732 X184.211 Y182.251 E0.01587 ; perimeter
G1 Z2.735 X183.970 Y182.653 E0.01587 ; perimeter
G1 Z2.739 X183.691 Y183.029 E0.01585 ; perimeter
G1 Z2.742 X183.376 Y183.376 E0.01586 ; perimeter
G1 Z2.745 X183.029 Y183.691 E0.01586 ; perimeter
G1 Z2.748 X182.653 Y183.970 E0.01585 ; perimeter
G1 Z2.751 X182.251 Y184.211 E0.01587 ; perimeter
G1 Z2.754 X181.827 Y184.411 E0.01587 ; perimeter
G1 Z2.757 X181.386 Y184.569 E0.01586 ; perimeter
G1 Z2.760 X180.931 Y184.683 E0.01588 ; perimeter
G1 Z2.764 X180.468 Y184.752 E0.01585 ; perimeter
G1 Z2.767 X180.000 Y184.775 E0.01586 ; perimeter
G1 Z2.770 X179.532 Y184.752 E0.01586 ; perimeter
G1 Z2.773 X179.068 Y184.683 E0.01588 ; perimeter
G1 Z2.776 X178.614 Y184.569 E0.01584 ; perimeter
M73 P18 R4
G1 Z2.779 X178.173 Y184.411 E0.01586 ; perimeter
G1 Z2.782 X177.749 Y184.211 E0.01587 ; perimeter
G1 Z2.785 X177.347 Y183.970 E0.01587 ; perimeter
G1 Z2.789 X176.971 Y183.691 E0.01585 ; perimeter
G1 Z2.792 X176.624 Y183.376 E0.01586 ; perimeter
G1 Z2.795 X176.309 Y183.029 E0.01586 ; perimeter
G1 Z2.798 X176.030 Y182.653 E0.01585 ; perimeter
G1 Z2.800 X175.875 Y182.394 E0.01022 ; perimeter
M204 P2500 ; adjust acceleration
;LAYER_CHANGE
;Z:3
;HEIGHT:0.2
;BEFORE_LAYER_CHANGE
G92 E0.0
;3


G1 Z2.800 F720 ; simple layer change
;AFTER_LAYER_CHANGE
;3
M204 P1500 ; adjust acceleration
G1 F600
G1 Z2.801 X175.789 Y182.251 E0.00565 ; perimeter
G1 Z2.804 X175.589 Y181.827 E0.01587 ; perimeter
G1 Z2.807 X175.431 Y181.386 E0.01586 ; perimeter
G1 Z2.810 X175.317 Y180.932 E0.01584 ; perimeter
G1 Z2.814 X175.248 Y180.468 E0.01588 ; perimeter
G1 Z2.817 X175.225 Y180.000 E0.01586 ; perimeter
G1 Z2.820 X175.248 Y179.532 E0.01586 ; perimeter
G1 Z2.823 X175.317 Y179.068 E0.01588 ; perimeter
G1 Z2.826 X175.431 Y178.614 E0.01584 ; perimeter
G1 Z2.829 X175.589 Y178.173 E0.01586 ; perimeter
G1 Z2.832 X175.789 Y177.749 E0.01587 ; perimeter
G1 Z2.835 X176.030 Y177.347 E0.01587 ; perimeter
G1 Z2.839 X176.309 Y176.971 E0.01585 ; perimeter
G1 Z2.842 X176.624 Y176.624 E0.01586 ; perimeter
G1 Z2.845 X176.971 Y176.309 E0.01586 ; perimeter
G1 Z2.848 X177.347 Y176.030 E0.01585 ; perimeter
G1 Z2.851 X177.749 Y175.789 E0.01587 ; perimeter
G1 Z2.854 X178.173 Y175.589 E0.01587 ; perimeter
G1 Z2.857 X178.614 Y175.431 E0.01586 ; perimeter
G1 Z2.860 X179.068 Y175.317 E0.01584 ; perimeter
G1 Z2.864 X179.535 Y175.248 E0.01598 ; perimeter
M73 Q19 S4
G1 Z2.867 X180.067 Y175.227 E0.01802 ; perimeter
G1 Z2.870 X180.468 Y175.248 E0.01359 ; perimeter
G1 Z2.873 X180.932 Y175.317 E0.01588 ; perimeter
G1 Z2.876 X181.386 Y175.431 E0.01584 ; perimeter
G1 Z2.879 X181.827 Y175.589 E0.01586 ; perimeter
G1 Z2.882 X182.251 Y175.789 E0.01587 ; perimeter
G1 Z2.885 X182.653 Y176.030 E0.01587 ; perimeter
G1 Z2.889 X183.029 Y176.309 E0.01585 ; perimeter
G1 Z2.892 X183.376 Y176.624 E0.01586 ; perimeter
G1 Z2.895 X183.691 Y176.971 E0.01586 ; perimeter
G1 Z2.898 X183.970 Y177.347 E0.01585 ; perimeter
G1 Z2.901 X184.211 Y177.749 E0.01587 ; perimeter
G1 Z2.904 X184.411 Y178.173 E0.01587 ; perimeter
G1 Z2.907 X184.569 Y178.614 E0.01586 ; perimeter
G1 Z2.910 X184.683 Y179.069 E0.01588 ; perimeter
G1 Z2.914 X184.752 Y179.532 E0.01585 ; perimeter
G1 Z2.917 X184.775 Y180.000 E0.01586 ; perimeter
G1 Z2.920 X184.752 Y180.468 E0.01586 ; perimeter
G1 Z2.923 X184.683 Y180.932 E0.01588 ; perimeter
G1 Z2.926 X184.569 Y181.386 E0.01584 ; perimeter
G1 Z2.929 X184.411 Y181.827 E0.01586 ; perimeter
G1 Z2.932 X184.211 Y182.251 E0.01587 ; perimeter
G1 Z2.935 X183.970 Y182.653 E0.01587 ; perimeter
G1 Z2.939 X183.691 Y183.029 E0.01585 ; perimeter
G1 Z2.942 X183.376 Y183.376 E0.01586 ; perimeter
G1 Z2.945 X183.029 Y183.691 E0.01586 ; perimeter
G1 Z2.948 X182.653 Y183.970 E0.01585 ; perimeter
G1 Z2.951 X182.251 Y184.211 E0.01587 ; perimeter
G1 Z2.954 X181.827 Y184.411 E0.01587 ; perimeter
G1 Z2.957 X181.386 Y184.569 E0.01586 ; perimeter
G1 Z2.960 X180.931 Y184.683 E0.01588 ; perimeter
G1 Z2.964 X180.468 Y184.752 E0.01585 ; perimeter
G1 Z2.967 X180.000 Y184.775 E0.01586 ; perimeter
G1 Z2.970 X179.532 Y184.752 E0.01586 ; perimeter
G1 Z2.973 X179.068 Y184.683 E0.01588 ; perimeter
G1 Z2.976 X178.614 Y184.569 E0.01584 ; perimeter
G1 Z2.979 X178.173 Y184.411 E0.01586 ; perimeter
G1 Z2.982 X177.749 Y184.211 E0.01587 ; perimeter
G1 Z2.985 X177.347 Y183.970 E0.01587 ; perimeter
G1 Z2.989 X176.971 Y183.691 E0.01585 ; perimeter
G1 Z2.992 X176.624 Y183.376 E0.01586 ; perimeter
G1 Z2.995 X176.309 Y183.029 E0.01586 ; perimeter
G1 Z2.998 X176.030 Y182.653 E0.01585 ; perimeter
G1 Z3.000 X175.875 Y182.394 E0.01022 ; perimeter
M73 P19 R4
M204 P2500 ; adjust acceleration
;LAYER_CHANGE
;Z:3.2
;HEIGHT:0.2
;BEFORE_LAYER_CHANGE
G92 E0.0
;3.2


G1 Z3.000 F720 ; simple layer change
;AFTER_LAYER_CHANGE
;3.2
M204 P1500 ; adjust acceleration
G1 F600
G1 Z3.001 X175.789 Y182.251 E0.00565 ; perimeter
G1 Z3.004 X175.589 Y181.827 E0.01587 ; perimeter
G1 Z3.007 X175.431 Y181.386 E0.01586 ; perimeter
G1 Z3.010 X175.317 Y180.932 E0.01584 ; perimeter
G1 Z3.014 X175.248 Y180.468 E0.01588 ; perimeter
G1 Z3.017 X175.225 Y180.000 E0.01586 ; perimeter
G1 Z3.020 X175.248 Y179.532 E0.01586 ; perimeter
G1 Z3.023 X175.317 Y179.068 E0.01588 ; perimeter
G1 Z3.026 X175.431 Y178.614 E0.01584 ; perimeter
G1 Z3.029 X175.589 Y178.173 E0.01586 ; perimeter
G1 Z3.032 X175.789 Y177.749 E0.01587 ; perimeter
G1 Z3.035 X176.030 Y177.347 E0.01587 ; perimeter
G1 Z3.039 X176.309 Y176.971 E0.01585 ; perimeter
G1 Z3.042 X176.624 Y176.624 E0.01586 ; perimeter
G1 Z3.045 X176.971 Y176.309 E0.01586 ; perimeter
G1 Z3.048 X177.347 Y176.030 E0.01585 ; perimeter
G1 Z3.051 X177.749 Y175.789 E0.01587 ; perimeter
G1 Z3.054 X178.173 Y175.589 E0.01587 ; perimeter
G1 Z3.057 X178.614 Y175.431 E0.01586 ; perimeter
G1 Z3.060 X179.069 Y175.317 E0.01588 ; perimeter
G1 Z3.064 X179.535 Y175.248 E0.01595 ; perimeter
G1 Z3.067 X180.071 Y175.227 E0.01816 ; perimeter
G1 Z3.070 X180.468 Y175.248 E0.01346 ; perimeter
G1 Z3.073 X180.931 Y175.317 E0.01585 ; perimeter
G1 Z3.076 X181.386 Y175.431 E0.01588 ; perimeter
G1 Z3.079 X181.827 Y175.589 E0.01586 ; perimeter
G1 Z3.082 X182.251 Y175.789 E0.01587 ; perimeter
G1 Z3.085 X182.653 Y176.030 E0.01587 ; perimeter
G1 Z3.089 X183.029 Y176.309 E0.01585 ; perimeter
M73 Q20 S4
G1 Z3.092 X183.376 Y176.624 E0.01586 ; perimeter
G1 Z3.095 X183.691 Y176.971 E0.01586 ; perimeter
G1 Z3.098 X183.970 Y177.347 E0.01585 ; perimeter
G1 Z3.101 X184.211 Y177.749 E0.01587 ; perimeter
G1 Z3.104 X184.411 Y178.173 E0.01587 ; perimeter
G1 Z3.107 X184.569 Y178.614 E0.01586 ; perimeter
G1 Z3.110 X184.683 Y179.069 E0.01588 ; perimeter
G1 Z3.114 X184.752 Y179.532 E0.01585 ; perimeter
G1 Z3.117 X184.775 Y180.000 E0.01586 ; perimeter
G1 Z3.120 X184.752 Y180.468 E0.01586 ; perimeter
G1 Z3.123 X184.683 Y180.932 E0.01588 ; perimeter
G1 Z3.126 X184.569 Y181.386 E0.01584 ; perimeter
G1 Z3.129 X184.411 Y181.827 E0.01586 ; perimeter
G1 Z3.132 X184.211 Y182.251 E0.01587 ; perimeter
G1 Z3.135 X183.970 Y182.653 E0.01587 ; perimeter
G1 Z3.139 X183.691 Y183.029 E0.01585 ; perimeter
G1 Z3.142 X183.376 Y183.376 E0.01586 ; perimeter
G1 Z3.145 X183.029 Y183.691 E0.01586 ; perimeter
G1 Z3.148 X182.653 Y183.970 E0.01585 ; perimeter
G1 Z3.151 X182.251 Y184.211 E0.01587 ; perimeter
G1 Z3.154 X181.827 Y184.411 E0.01587 ; perimeter
G1 Z3.157 X181.386 Y184.569 E0.01586 ; perimeter
G1 Z3.160 X180.932 Y184.683 E0.01584 ; perimeter
G1 Z3.164 X180.468 Y184.752 E0.01588 ; perimeter
G1 Z3.167 X180.000 Y184.775 E0.01586 ; perimeter
G1 Z3.170 X179.532 Y184.752 E0.01586 ; perimeter
G1 Z3.173 X179.068 Y184.683 E0.01588 ; perimeter
G1 Z3.176 X178.614 Y184.569 E0.01584 ; perimeter
G1 Z3.179 X178.173 Y184.411 E0.01586 ; perimeter
G1 Z3.182 X177.749 Y184.211 E0.01587 ; perimeter
G1 Z3.185 X177.347 Y183.970 E0.01587 ; perimeter
G1 Z3.189 X176.971 Y183.691 E0.01585 ; perimeter
G1 Z3.192 X176.624 Y183.376 E0.01586 ; perimeter
G1 Z3.195 X176.309 Y183.029 E0.01586 ; perimeter
G1 Z3.198 X176.030 Y182.653 E0.01585 ; perimeter
G1 Z3.200 X175.875 Y182.394 E0.01022 ; perimeter
M204 P2500 ; adjust acceleration
;LAYER_CHANGE
;Z:3.4
;HEIGHT:0.2
;BEFORE_LAYER_CHANGE
G92 E0.0
;3.4


G1 Z3.200 F720 ; simple layer change
;AFTER_LAYER_CHANGE
;3.4
M204 P1500 ; adjust acceleration
G1 F600
G1 Z3.201 X175.789 Y182.251 E0.00565 ; perimeter
G1 Z3.204 X175.589 Y181.827 E0.01587 ; perimeter
G1 Z3.207 X175.431 Y181.386 E0.01586 ; perimeter
G1 Z3.210 X175.317 Y180.932 E0.01584 ; perimeter
G1 Z3.214 X175.248 Y180.468 E0.01588 ; perimeter
G1 Z3.217 X175.225 Y180.000 E0.01586 ; perimeter
G1 Z3.220 X175.248 Y179.532 E0.01586 ; perimeter
G1 Z3.223 X175.317 Y179.068 E0.01588 ; perimeter
G1 Z3.226 X175.431 Y178.614 E0.01584 ; perimeter
M73 P20 R4
G1 Z3.229 X175.589 Y178.173 E0.01586 ; perimeter
G1 Z3.232 X175.789 Y177.749 E0.01587 ; perimeter
G1 Z3.235 X176.030 Y177.347 E0.01587 ; perimeter
M104.1 T1 P108 Q108 S260
G1 Z3.239 X176.309 Y176.971 E0.01585 ; perimeter
G1 Z3.242 X176.624 Y176.624 E0.01586 ; perimeter
G1 Z3.245 X176.971 Y176.309 E0.01586 ; perimeter
G1 Z3.248 X177.347 Y176.030 E0.01585 ; perimeter
G1 Z3.251 X177.749 Y175.789 E0.01587 ; perimeter
G1 Z3.254 X178.173 Y175.589 E0.01587 ; perimeter
G1 Z3.257 X178.614 Y175.431 E0.01586 ; perimeter
G1 Z3.260 X179.068 Y175.317 E0.01584 ; perimeter
G1 Z3.264 X179.535 Y175.248 E0.01598 ; perimeter
G1 Z3.265 X179.764 Y175.236 E0.00777 ; perimeter
G1 Z3.267 X180.076 Y175.227 E0.01056 ; perimeter
G1 Z3.270 X180.467 Y175.248 E0.01325 ; perimeter
G1 Z3.273 X180.932 Y175.317 E0.01591 ; perimeter
G1 Z3.276 X181.386 Y175.431 E0.01584 ; perimeter
G1 Z3.279 X181.827 Y175.589 E0.01586 ; perimeter
G1 Z3.282 X182.251 Y175.789 E0.01587 ; perimeter
G1 Z3.285 X182.653 Y176.030 E0.01587 ; perimeter
G1 Z3.289 X183.029 Y176.309 E0.01585 ; perimeter
G1 Z3.292 X183.376 Y176.624 E0.01586 ; perimeter
G1 Z3.295 X183.691 Y176.971 E0.01586 ; perimeter
G1 Z3.298 X183.970 Y177.347 E0.01585 ; perimeter
G1 Z3.301 X184.211 Y177.749 E0.01587 ; perimeter
G1 Z3.304 X184.411 Y178.173 E0.01587 ; perimeter
G1 Z3.307 X184.569 Y178.614 E0.01586 ; perimeter
G1 Z3.310 X184.683 Y179.068 E0.01584 ; perimeter
G1 Z3.314 X184.752 Y179.532 E0.01588 ; perimeter
G1 Z3.317 X184.775 Y180.000 E0.01586 ; perimeter
M73 Q21 S4
G1 Z3.320 X184.752 Y180.468 E0.01586 ; perimeter
G1 Z3.323 X184.683 Y180.932 E0.01588 ; perimeter
G1 Z3.326 X184.569 Y181.386 E0.01584 ; perimeter
G1 Z3.329 X184.411 Y181.827 E0.01586 ; perimeter
G1 Z3.332 X184.211 Y182.251 E0.01587 ; perimeter
G1 Z3.335 X183.970 Y182.653 E0.01587 ; perimeter
G1 Z3.339 X183.691 Y183.029 E0.01585 ; perimeter
G1 Z3.342 X183.376 Y183.376 E0.01586 ; perimeter
G1 Z3.345 X183.029 Y183.691 E0.01586 ; perimeter
G1 Z3.348 X182.653 Y183.970 E0.01585 ; perimeter
G1 Z3.351 X182.251 Y184.211 E0.01587 ; perimeter
G1 Z3.354 X181.827 Y184.411 E0.01587 ; perimeter
G1 Z3.357 X181.386 Y184.569 E0.01586 ; perimeter
G1 Z3.360 X180.932 Y184.683 E0.01584 ; perimeter
G1 Z3.364 X180.468 Y184.752 E0.01588 ; perimeter
G1 Z3.367 X180.000 Y184.775 E0.01586 ; perimeter
G1 Z3.370 X179.532 Y184.752 E0.01586 ; perimeter
G1 Z3.373 X179.068 Y184.683 E0.01588 ; perimeter
G1 Z3.376 X178.614 Y184.569 E0.01584 ; perimeter
G1 Z3.379 X178.173 Y184.411 E0.01586 ; perimeter
G1 Z3.382 X177.749 Y184.211 E0.01587 ; perimeter
G1 Z3.385 X177.347 Y183.970 E0.01587 ; perimeter
G1 Z3.389 X176.971 Y183.691 E0.01585 ; perimeter
G1 Z3.392 X176.624 Y183.376 E0.01586 ; perimeter
G1 Z3.395 X176.309 Y183.029 E0.01586 ; perimeter
G1 Z3.398 X176.030 Y182.653 E0.01585 ; perimeter
G1 Z3.400 X175.875 Y182.394 E0.01022 ; perimeter
M204 P2500 ; adjust acceleration
;LAYER_CHANGE
;Z:3.6
;HEIGHT:0.2
;BEFORE_LAYER_CHANGE
G92 E0.0
;3.6


G1 Z3.400 F720 ; simple layer change
;AFTER_LAYER_CHANGE
;3.6
M204 P1500 ; adjust acceleration
G1 F600
G1 Z3.401 X175.789 Y182.251 E0.00565 ; perimeter
G1 Z3.404 X175.589 Y181.827 E0.01587 ; perimeter
G1 Z3.407 X175.431 Y181.386 E0.01586 ; perimeter
G1 Z3.410 X175.317 Y180.932 E0.01584 ; perimeter
G1 Z3.414 X175.248 Y180.468 E0.01588 ; perimeter
G1 Z3.417 X175.225 Y180.000 E0.01586 ; perimeter
G1 Z3.420 X175.248 Y179.532 E0.01586 ; perimeter
G1 Z3.423 X175.317 Y179.068 E0.01588 ; perimeter
G1 Z3.426 X175.431 Y178.614 E0.01584 ; perimeter
G1 Z3.429 X175.589 Y178.173 E0.01586 ; perimeter
G1 Z3.432 X175.789 Y177.749 E0.01587 ; perimeter
G1 Z3.435 X176.030 Y177.347 E0.01587 ; perimeter
G1 Z3.439 X176.309 Y176.971 E0.01585 ; perimeter
G1 Z3.442 X176.624 Y176.624 E0.01586 ; perimeter
G1 Z3.445 X176.971 Y176.309 E0.01586 ; perimeter
G1 Z3.448 X177.347 Y176.030 E0.01585 ; perimeter
G1 Z3.451 X177.749 Y175.789 E0.01587 ; perimeter
M73 P21 R4
G1 Z3.454 X178.173 Y175.589 E0.01587 ; perimeter
G1 Z3.457 X178.614 Y175.431 E0.01586 ; perimeter
G1 Z3.460 X179.068 Y175.317 E0.01584 ; perimeter
G1 Z3.464 X179.535 Y175.248 E0.01598 ; perimeter
G1 Z3.465 X179.764 Y175.231 E0.00777 ; perimeter
G1 Z3.467 X180.081 Y175.227 E0.01073 ; perimeter
G1 Z3.470 X180.467 Y175.248 E0.01308 ; perimeter
G1 Z3.473 X180.932 Y175.317 E0.01591 ; perimeter
G1 Z3.476 X181.386 Y175.431 E0.01584 ; perimeter
G1 Z3.479 X181.827 Y175.589 E0.01586 ; perimeter
G1 Z3.482 X182.251 Y175.789 E0.01587 ; perimeter
G1 Z3.485 X182.653 Y176.030 E0.01587 ; perimeter
G1 Z3.489 X183.029 Y176.309 E0.01585 ; perimeter
G1 Z3.492 X183.376 Y176.624 E0.01586 ; perimeter
G1 Z3.495 X183.691 Y176.971 E0.01586 ; perimeter
G1 Z3.498 X183.970 Y177.347 E0.01585 ; perimeter
G1 Z3.501 X184.211 Y177.749 E0.01587 ; perimeter
G1 Z3.504 X184.411 Y178.173 E0.01587 ; perimeter
G1 Z3.507 X184.569 Y178.614 E0.01586 ; perimeter
G1 Z3.510 X184.683 Y179.069 E0.01588 ; perimeter
G1 Z3.514 X184.752 Y179.532 E0.01585 ; perimeter
G1 Z3.517 X184.775 Y180.000 E0.01586 ; perimeter
G1 Z3.520 X184.752 Y180.468 E0.01586 ; perimeter
G1 Z3.523 X184.683 Y180.932 E0.01588 ; perimeter
G1 Z3.526 X184.569 Y181.386 E0.01584 ; perimeter
G1 Z3.529 X184.411 Y181.827 E0.01586 ; perimeter
G1 Z3.532 X184.211 Y182.251 E0.01587 ; perimeter
G1 Z3.535 X183.970 Y182.653 E0.01587 ; perimeter
G1 Z3.539 X183.691 Y183.029 E0.01585 ; perimeter
G1 Z3.542 X183.376 Y183.376 E0.01586 ; perimeter
M73 Q22 S4
G1 Z3.545 X183.029 Y183.691 E0.01586 ; perimeter
G1 Z3.548 X182.653 Y183.970 E0.01585 ; perimeter
G1 Z3.551 X182.251 Y184.211 E0.01587 ; perimeter
G1 Z3.554 X181.827 Y184.411 E0.01587 ; perimeter
G1 Z3.557 X181.386 Y184.569 E0.01586 ; perimeter
G1 Z3.560 X180.931 Y184.683 E0.01588 ; perimeter
G1 Z3.564 X180.468 Y184.752 E0.01585 ; perimeter
G1 Z3.567 X180.000 Y184.775 E0.01586 ; perimeter
G1 Z3.570 X179.532 Y184.752 E0.01586 ; perimeter
G1 Z3.573 X179.068 Y184.683 E0.01588 ; perimeter
G1 Z3.576 X178.614 Y184.569 E0.01584 ; perimeter
G1 Z3.579 X178.173 Y184.411 E0.01586 ; perimeter
G1 Z3.582 X177.749 Y184.211 E0.01587 ; perimeter
G1 Z3.585 X177.347 Y183.970 E0.01587 ; perimeter
G1 Z3.589 X176.971 Y183.691 E0.01585 ; perimeter
G1 Z3.592 X176.624 Y183.376 E0.01586 ; perimeter
G1 Z3.595 X176.309 Y183.029 E0.01586 ; perimeter
G1 Z3.598 X176.030 Y182.653 E0.01585 ; perimeter
G1 Z3.600 X175.875 Y182.394 E0.01022 ; perimeter
M204 P2500 ; adjust acceleration
;LAYER_CHANGE
;Z:3.8
;HEIGHT:0.2
;BEFORE_LAYER_CHANGE
G92 E0.0
;3.8


G1 Z3.600 F720 ; simple layer change
;AFTER_LAYER_CHANGE
;3.8
M204 P1500 ; adjust acceleration
G1 F600
G1 Z3.601 X175.789 Y182.251 E0.00565 ; perimeter
G1 Z3.604 X175.589 Y181.827 E0.01587 ; perimeter
G1 Z3.607 X175.431 Y181.386 E0.01586 ; perimeter
G1 Z3.610 X175.317 Y180.932 E0.01584 ; perimeter
G1 Z3.614 X175.248 Y180.468 E0.01588 ; perimeter
G1 Z3.617 X175.225 Y180.000 E0.01586 ; perimeter
G1 Z3.620 X175.248 Y179.532 E0.01586 ; perimeter
G1 Z3.623 X175.317 Y179.069 E0.01585 ; perimeter
G1 Z3.626 X175.431 Y178.614 E0.01588 ; perimeter
G1 Z3.629 X175.589 Y178.173 E0.01586 ; perimeter
G1 Z3.632 X175.789 Y177.749 E0.01587 ; perimeter
G1 Z3.635 X176.030 Y177.347 E0.01587 ; perimeter
G1 Z3.639 X176.309 Y176.971 E0.01585 ; perimeter
G1 Z3.642 X176.624 Y176.624 E0.01586 ; perimeter
G1 Z3.645 X176.971 Y176.309 E0.01586 ; perimeter
G1 Z3.648 X177.347 Y176.030 E0.01585 ; perimeter
G1 Z3.651 X177.749 Y175.789 E0.01587 ; perimeter
G1 Z3.654 X178.173 Y175.589 E0.01587 ; perimeter
G1 Z3.657 X178.614 Y175.431 E0.01586 ; perimeter
G1 Z3.660 X179.068 Y175.317 E0.01584 ; perimeter
G1 Z3.664 X179.535 Y175.248 E0.01598 ; perimeter
G1 Z3.665 X179.764 Y175.231 E0.00777 ; perimeter
G1 Z3.667 X180.086 Y175.227 E0.01090 ; perimeter
G1 Z3.670 X180.467 Y175.248 E0.01292 ; perimeter
G1 Z3.673 X180.931 Y175.317 E0.01588 ; perimeter
G1 Z3.676 X181.386 Y175.431 E0.01588 ; perimeter
M73 P22 R4
G1 Z3.679 X181.827 Y175.589 E0.01586 ; perimeter
G1 Z3.682 X182.251 Y175.789 E0.01587 ; perimeter
G1 Z3.685 X182.653 Y176.030 E0.01587 ; perimeter
G1 Z3.689 X183.029 Y176.309 E0.01585 ; perimeter
G1 Z3.692 X183.376 Y176.624 E0.01586 ; perimeter
G1 Z3.695 X183.691 Y176.971 E0.01586 ; perimeter
G1 Z3.698 X183.970 Y177.347 E0.01585 ; perimeter
G1 Z3.701 X184.211 Y177.749 E0.01587 ; perimeter
G1 Z3.704 X184.411 Y178.173 E0.01587 ; perimeter
G1 Z3.707 X184.569 Y178.614 E0.01586 ; perimeter
G1 Z3.710 X184.683 Y179.068 E0.01584 ; perimeter
G1 Z3.714 X184.752 Y179.532 E0.01588 ; perimeter
G1 Z3.717 X184.775 Y180.000 E0.01586 ; perimeter
G1 Z3.720 X184.752 Y180.468 E0.01586 ; perimeter
G1 Z3.723 X184.683 Y180.932 E0.01588 ; perimeter
G1 Z3.726 X184.569 Y181.386 E0.01584 ; perimeter
G1 Z3.729 X184.411 Y181.827 E0.01586 ; perimeter
G1 Z3.732 X184.211 Y182.251 E0.01587 ; perimeter
G1 Z3.735 X183.970 Y182.653 E0.01587 ; perimeter
G1 Z3.739 X183.691 Y183.029 E0.01585 ; perimeter
G1 Z3.742 X183.376 Y183.376 E0.01586 ; perimeter
G1 Z3.745 X183.029 Y183.691 E0.01586 ; perimeter
G1 Z3.748 X182.653 Y183.970 E0.01585 ; perimeter
G1 Z3.751 X182.251 Y184.211 E0.01587 ; perimeter
G1 Z3.754 X181.827 Y184.411 E0.01587 ; perimeter
G1 Z3.757 X181.386 Y184.569 E0.01586 ; perimeter
G1 Z3.760 X180.932 Y184.683 E0.01584 ; perimeter
G1 Z3.764 X180.468 Y184.752 E0.01588 ; perimeter
G1 Z3.767 X180.000 Y184.775 E0.01586 ; perimeter
G1 Z3.770 X179.532 Y184.752 E0.01586 ; perimeter
M73 Q23 S4
G1 Z3.773 X179.068 Y184.683 E0.01588 ; perimeter
G1 Z3.776 X178.614 Y184.569 E0.01584 ; perimeter
G1 Z3.779 X178.173 Y184.411 E0.01586 ; perimeter
G1 Z3.782 X177.749 Y184.211 E0.01587 ; perimeter
G1 Z3.785 X177.347 Y183.970 E0.01587 ; perimeter
G1 Z3.789 X176.971 Y183.691 E0.01585 ; perimeter
G1 Z3.792 X176.624 Y183.376 E0.01586 ; perimeter
G1 Z3.795 X176.309 Y183.029 E0.01586 ; perimeter
G1 Z3.798 X176.030 Y182.653 E0.01585 ; perimeter
G1 Z3.800 X175.875 Y182.394 E0.01022 ; perimeter
M204 P2500 ; adjust acceleration
;LAYER_CHANGE
;Z:4
;HEIGHT:0.2
;BEFORE_LAYER_CHANGE
G92 E0.0
;4


G1 Z3.800 F720 ; simple layer change
;AFTER_LAYER_CHANGE
;4
M204 P1500 ; adjust acceleration
G1 F600
G1 Z3.801 X175.789 Y182.251 E0.00565 ; perimeter
G1 Z3.804 X175.589 Y181.827 E0.01587 ; perimeter
G1 Z3.807 X175.431 Y181.386 E0.01586 ; perimeter
G1 Z3.810 X175.317 Y180.931 E0.01588 ; perimeter
G1 Z3.814 X175.248 Y180.468 E0.01585 ; perimeter
G1 Z3.817 X175.225 Y180.000 E0.01586 ; perimeter
G1 Z3.820 X175.248 Y179.532 E0.01586 ; perimeter
G1 Z3.823 X175.317 Y179.068 E0.01588 ; perimeter
G1 Z3.826 X175.431 Y178.614 E0.01584 ; perimeter
G1 Z3.829 X175.589 Y178.173 E0.01586 ; perimeter
G1 Z3.832 X175.789 Y177.749 E0.01587 ; perimeter
G1 Z3.835 X176.030 Y177.347 E0.01587 ; perimeter
G1 Z3.839 X176.309 Y176.971 E0.01585 ; perimeter
G1 Z3.842 X176.624 Y176.624 E0.01586 ; perimeter
G1 Z3.845 X176.971 Y176.309 E0.01586 ; perimeter
G1 Z3.848 X177.347 Y176.030 E0.01585 ; perimeter
G1 Z3.851 X177.749 Y175.789 E0.01587 ; perimeter
G1 Z3.854 X178.173 Y175.589 E0.01587 ; perimeter
G1 Z3.857 X178.614 Y175.431 E0.01586 ; perimeter
G1 Z3.860 X179.069 Y175.317 E0.01588 ; perimeter
G1 Z3.864 X179.535 Y175.248 E0.01595 ; perimeter
G1 Z3.865 X179.764 Y175.231 E0.00777 ; perimeter
G1 Z3.867 X180.091 Y175.227 E0.01107 ; perimeter
G1 Z3.870 X180.467 Y175.248 E0.01275 ; perimeter
G1 Z3.873 X180.932 Y175.317 E0.01591 ; perimeter
G1 Z3.876 X181.386 Y175.431 E0.01584 ; perimeter
G1 Z3.879 X181.827 Y175.589 E0.01586 ; perimeter
G1 Z3.882 X182.251 Y175.789 E0.01587 ; perimeter
G1 Z3.885 X182.653 Y176.030 E0.01587 ; perimeter
G1 Z3.889 X183.029 Y176.309 E0.01585 ; perimeter
G1 Z3.892 X183.376 Y176.624 E0.01586 ; perimeter
G1 Z3.895 X183.691 Y176.971 E0.01586 ; perimeter
G1 Z3.898 X183.970 Y177.347 E0.01585 ; perimeter
G1 Z3.901 X184.211 Y177.749 E0.01587 ; perimeter
M73 P23 R4
G1 Z3.904 X184.411 Y178.173 E0.01587 ; perimeter
G1 Z3.907 X184.569 Y178.614 E0.01586 ; perimeter
G1 Z3.910 X184.683 Y179.069 E0.01588 ; perimeter
G1 Z3.914 X184.752 Y179.532 E0.01585 ; perimeter
G1 Z3.917 X184.775 Y180.000 E0.01586 ; perimeter
G1 Z3.920 X184.752 Y180.468 E0.01586 ; perimeter
G1 Z3.923 X184.683 Y180.932 E0.01588 ; perimeter
G1 Z3.926 X184.569 Y181.386 E0.01584 ; perimeter
G1 Z3.929 X184.411 Y181.827 E0.01586 ; perimeter
G1 Z3.932 X184.211 Y182.251 E0.01587 ; perimeter
G1 Z3.935 X183.970 Y182.653 E0.01587 ; perimeter
G1 Z3.939 X183.691 Y183.029 E0.01585 ; perimeter
G1 Z3.942 X183.376 Y183.376 E0.01586 ; perimeter
G1 Z3.945 X183.029 Y183.691 E0.01586 ; perimeter
G1 Z3.948 X182.653 Y183.970 E0.01585 ; perimeter
G1 Z3.951 X182.251 Y184.211 E0.01587 ; perimeter
G1 Z3.954 X181.827 Y184.411 E0.01587 ; perimeter
G1 Z3.957 X181.386 Y184.569 E0.01586 ; perimeter
G1 Z3.960 X180.931 Y184.683 E0.01588 ; perimeter
G1 Z3.964 X180.468 Y184.752 E0.01585 ; perimeter
G1 Z3.967 X180.000 Y184.775 E0.01586 ; perimeter
G1 Z3.970 X179.532 Y184.752 E0.01586 ; perimeter
G1 Z3.973 X179.068 Y184.683 E0.01588 ; perimeter
G1 Z3.976 X178.614 Y184.569 E0.01584 ; perimeter
G1 Z3.979 X178.173 Y184.411 E0.01586 ; perimeter
G1 Z3.982 X177.749 Y184.211 E0.01587 ; perimeter
G1 Z3.985 X177.347 Y183.970 E0.01587 ; perimeter
G1 Z3.989 X176.971 Y183.691 E0.01585 ; perimeter
G1 Z3.992 X176.624 Y183.376 E0.01586 ; perimeter
G1 Z3.995 X176.309 Y183.029 E0.01586 ; perimeter
M73 Q24 S4
G1 Z3.998 X176.030 Y182.653 E0.01585 ; perimeter
G1 Z4.000 X175.875 Y182.394 E0.01022 ; perimeter
M204 P2500 ; adjust acceleration
;LAYER_CHANGE
;Z:4.2
;HEIGHT:0.2
;BEFORE_LAYER_CHANGE
G92 E0.0
;4.2


G1 Z4.000 F720 ; simple layer change
;AFTER_LAYER_CHANGE
;4.2
M204 P1500 ; adjust acceleration
G1 F600
G1 Z4.001 X175.789 Y182.251 E0.00565 ; perimeter
G1 Z4.004 X175.589 Y181.827 E0.01587 ; perimeter
G1 Z4.007 X175.431 Y181.386 E0.01586 ; perimeter
G1 Z4.010 X175.317 Y180.932 E0.01584 ; perimeter
G1 Z4.014 X175.248 Y180.468 E0.01588 ; perimeter
G1 Z4.017 X175.225 Y180.000 E0.01586 ; perimeter
G1 Z4.020 X175.248 Y179.532 E0.01586 ; perimeter
G1 Z4.023 X175.317 Y179.069 E0.01585 ; perimeter
G1 Z4.026 X175.431 Y178.614 E0.01588 ; perimeter
G1 Z4.029 X175.589 Y178.173 E0.01586 ; perimeter
G1 Z4.032 X175.789 Y177.749 E0.01587 ; perimeter
G1 Z4.035 X176.030 Y177.347 E0.01587 ; perimeter
M104.1 T1 P96 Q96 S260
G1 Z4.039 X176.309 Y176.971 E0.01585 ; perimeter
G1 Z4.042 X176.624 Y176.624 E0.01586 ; perimeter
G1 Z4.045 X176.971 Y176.309 E0.01586 ; perimeter
G1 Z4.048 X177.347 Y176.030 E0.01585 ; perimeter
G1 Z4.051 X177.749 Y175.789 E0.01587 ; perimeter
G1 Z4.054 X178.173 Y175.589 E0.01587 ; perimeter
G1 Z4.057 X178.614 Y175.431 E0.01586 ; perimeter
G1 Z4.060 X179.068 Y175.317 E0.01584 ; perimeter
G1 Z4.064 X179.535 Y175.248 E0.01598 ; perimeter
G1 Z4.065 X179.764 Y175.231 E0.00777 ; perimeter
G1 Z4.067 X180.096 Y175.228 E0.01124 ; perimeter
G1 Z4.070 X180.467 Y175.248 E0.01258 ; perimeter
G1 Z4.073 X180.932 Y175.317 E0.01591 ; perimeter
G1 Z4.076 X181.386 Y175.431 E0.01584 ; perimeter
G1 Z4.079 X181.827 Y175.589 E0.01586 ; perimeter
G1 Z4.082 X182.251 Y175.789 E0.01587 ; perimeter
G1 Z4.085 X182.653 Y176.030 E0.01587 ; perimeter
G1 Z4.089 X183.029 Y176.309 E0.01585 ; perimeter
G1 Z4.092 X183.376 Y176.624 E0.01586 ; perimeter
G1 Z4.095 X183.691 Y176.971 E0.01586 ; perimeter
G1 Z4.098 X183.970 Y177.347 E0.01585 ; perimeter
G1 Z4.101 X184.211 Y177.749 E0.01587 ; perimeter
G1 Z4.104 X184.411 Y178.173 E0.01587 ; perimeter
G1 Z4.107 X184.569 Y178.614 E0.01586 ; perimeter
G1 Z4.110 X184.683 Y179.069 E0.01588 ; perimeter
G1 Z4.114 X184.752 Y179.532 E0.01585 ; perimeter
G1 Z4.117 X184.775 Y180.000 E0.01586 ; perimeter
G1 Z4.120 X184.752 Y180.468 E0.01586 ; perimeter
G1 Z4.123 X184.683 Y180.932 E0.01588 ; perimeter
G1 Z4.126 X184.569 Y181.386 E0.01584 ; perimeter
M73 P24 R4
G1 Z4.129 X184.411 Y181.827 E0.01586 ; perimeter
G1 Z4.132 X184.211 Y182.251 E0.01587 ; perimeter
G1 Z4.135 X183.970 Y182.653 E0.01587 ; perimeter
G1 Z4.139 X183.691 Y183.029 E0.01585 ; perimeter
G1 Z4.142 X183.376 Y183.376 E0.01586 ; perimeter
G1 Z4.145 X183.029 Y183.691 E0.01586 ; perimeter
G1 Z4.148 X182.653 Y183.970 E0.01585 ; perimeter
G1 Z4.151 X182.251 Y184.211 E0.01587 ; perimeter
G1 Z4.154 X181.827 Y184.411 E0.01587 ; perimeter
G1 Z4.157 X181.386 Y184.569 E0.01586 ; perimeter
G1 Z4.160 X180.932 Y184.683 E0.01584 ; perimeter
G1 Z4.164 X180.468 Y184.752 E0.01588 ; perimeter
G1 Z4.167 X180.000 Y184.775 E0.01586 ; perimeter
G1 Z4.170 X179.532 Y184.752 E0.01586 ; perimeter
G1 Z4.173 X179.068 Y184.683 E0.01588 ; perimeter
G1 Z4.176 X178.614 Y184.569 E0.01584 ; perimeter
G1 Z4.179 X178.173 Y184.411 E0.01586 ; perimeter
G1 Z4.182 X177.749 Y184.211 E0.01587 ; perimeter
G1 Z4.185 X177.347 Y183.970 E0.01587 ; perimeter
G1 Z4.189 X176.971 Y183.691 E0.01585 ; perimeter
G1 Z4.192 X176.624 Y183.376 E0.01586 ; perimeter
G1 Z4.195 X176.309 Y183.029 E0.01586 ; perimeter
G1 Z4.198 X176.030 Y182.653 E0.01585 ; perimeter
G1 Z4.200 X175.875 Y182.394 E0.01022 ; perimeter
M204 P2500 ; adjust acceleration
;LAYER_CHANGE
;Z:4.4
;HEIGHT:0.2
;BEFORE_LAYER_CHANGE
G92 E0.0
;4.4


G1 Z4.200 F720 ; simple layer change
;AFTER_LAYER_CHANGE
;4.4
M204 P1500 ; adjust acceleration
G1 F600
G1 Z4.201 X175.789 Y182.251 E0.00565 ; perimeter
G1 Z4.204 X175.589 Y181.827 E0.01587 ; perimeter
G1 Z4.207 X175.431 Y181.386 E0.01586 ; perimeter
G1 Z4.210 X175.317 Y180.932 E0.01584 ; perimeter
G1 Z4.214 X175.248 Y180.468 E0.01588 ; perimeter
G1 Z4.217 X175.225 Y180.000 E0.01586 ; perimeter
G1 Z4.220 X175.248 Y179.532 E0.01586 ; perimeter
G1 Z4.223 X175.317 Y179.068 E0.01588 ; perimeter
M73 Q25 S4
G1 Z4.226 X175.431 Y178.614 E0.01584 ; perimeter
G1 Z4.229 X175.589 Y178.173 E0.01586 ; perimeter
G1 Z4.232 X175.789 Y177.749 E0.01587 ; perimeter
G1 Z4.235 X176.030 Y177.347 E0.01587 ; perimeter
G1 Z4.239 X176.309 Y176.971 E0.01585 ; perimeter
G1 Z4.242 X176.624 Y176.624 E0.01586 ; perimeter
G1 Z4.245 X176.971 Y176.309 E0.01586 ; perimeter
G1 Z4.248 X177.347 Y176.030 E0.01585 ; perimeter
G1 Z4.251 X177.749 Y175.789 E0.01587 ; perimeter
G1 Z4.254 X178.173 Y175.589 E0.01587 ; perimeter
G1 Z4.257 X178.614 Y175.431 E0.01586 ; perimeter
G1 Z4.260 X179.068 Y175.317 E0.01584 ; perimeter
G1 Z4.264 X179.535 Y175.248 E0.01598 ; perimeter
G1 Z4.265 X179.764 Y175.231 E0.00777 ; perimeter
G1 Z4.267 X180.100 Y175.228 E0.01137 ; perimeter
G1 Z4.270 X180.467 Y175.248 E0.01244 ; perimeter
G1 Z4.273 X180.932 Y175.317 E0.01591 ; perimeter
G1 Z4.276 X181.386 Y175.431 E0.01584 ; perimeter
G1 Z4.279 X181.827 Y175.589 E0.01586 ; perimeter
G1 Z4.282 X182.251 Y175.789 E0.01587 ; perimeter
G1 Z4.285 X182.653 Y176.030 E0.01587 ; perimeter
G1 Z4.289 X183.029 Y176.309 E0.01585 ; perimeter
G1 Z4.292 X183.376 Y176.624 E0.01586 ; perimeter
G1 Z4.295 X183.691 Y176.971 E0.01586 ; perimeter
G1 Z4.298 X183.970 Y177.347 E0.01585 ; perimeter
G1 Z4.301 X184.211 Y177.749 E0.01587 ; perimeter
G1 Z4.304 X184.411 Y178.173 E0.01587 ; perimeter
G1 Z4.307 X184.569 Y178.614 E0.01586 ; perimeter
G1 Z4.310 X184.683 Y179.068 E0.01584 ; perimeter
G1 Z4.314 X184.752 Y179.532 E0.01588 ; perimeter
G1 Z4.317 X184.775 Y180.000 E0.01586 ; perimeter
G1 Z4.320 X184.752 Y180.468 E0.01586 ; perimeter
G1 Z4.323 X184.683 Y180.932 E0.01588 ; perimeter
G1 Z4.326 X184.569 Y181.386 E0.01584 ; perimeter
G1 Z4.329 X184.411 Y181.827 E0.01586 ; perimeter
G1 Z4.332 X184.211 Y182.251 E0.01587 ; perimeter
G1 Z4.335 X183.970 Y182.653 E0.01587 ; perimeter
G1 Z4.339 X183.691 Y183.029 E0.01585 ; perimeter
G1 Z4.342 X183.376 Y183.376 E0.01586 ; perimeter
G1 Z4.345 X183.029 Y183.691 E0.01586 ; perimeter
G1 Z4.348 X182.653 Y183.970 E0.01585 ; perimeter
G1 Z4.351 X182.251 Y184.211 E0.01587 ; perimeter
M73 P25 R4
G1 Z4.354 X181.827 Y184.411 E0.01587 ; perimeter
G1 Z4.357 X181.386 Y184.569 E0.01586 ; perimeter
G1 Z4.360 X180.932 Y184.683 E0.01584 ; perimeter
G1 Z4.364 X180.468 Y184.752 E0.01588 ; perimeter
G1 Z4.367 X180.000 Y184.775 E0.01586 ; perimeter
G1 Z4.370 X179.532 Y184.752 E0.01586 ; perimeter
G1 Z4.373 X179.068 Y184.683 E0.01588 ; perimeter
G1 Z4.376 X178.614 Y184.569 E0.01584 ; perimeter
G1 Z4.379 X178.173 Y184.411 E0.01586 ; perimeter
G1 Z4.382 X177.749 Y184.211 E0.01587 ; perimeter
G1 Z4.385 X177.347 Y183.970 E0.01587 ; perimeter
G1 Z4.389 X176.971 Y183.691 E0.01585 ; perimeter
G1 Z4.392 X176.624 Y183.376 E0.01586 ; perimeter
G1 Z4.395 X176.309 Y183.029 E0.01586 ; perimeter
G1 Z4.398 X176.030 Y182.653 E0.01585 ; perimeter
G1 Z4.400 X175.875 Y182.394 E0.01022 ; perimeter
M204 P2500 ; adjust acceleration
;LAYER_CHANGE
;Z:4.6
;HEIGHT:0.2
;BEFORE_LAYER_CHANGE
G92 E0.0
;4.6


G1 Z4.400 F720 ; simple layer change
;AFTER_LAYER_CHANGE
;4.6
M204 P1500 ; adjust acceleration
G1 F600
G1 Z4.401 X175.789 Y182.251 E0.00565 ; perimeter
G1 Z4.404 X175.589 Y181.827 E0.01587 ; perimeter
G1 Z4.407 X175.431 Y181.386 E0.01586 ; perimeter
G1 Z4.410 X175.317 Y180.932 E0.01584 ; perimeter
G1 Z4.414 X175.248 Y180.468 E0.01588 ; perimeter
G1 Z4.417 X175.225 Y180.000 E0.01586 ; perimeter
G1 Z4.420 X175.248 Y179.532 E0.01586 ; perimeter
G1 Z4.423 X175.317 Y179.068 E0.01588 ; perimeter
G1 Z4.426 X175.431 Y178.614 E0.01584 ; perimeter
G1 Z4.429 X175.589 Y178.173 E0.01586 ; perimeter
G1 Z4.432 X175.789 Y177.749 E0.01587 ; perimeter
G1 Z4.435 X176.030 Y177.347 E0.01587 ; perimeter
G1 Z4.439 X176.309 Y176.971 E0.01585 ; perimeter
G1 Z4.442 X176.624 Y176.624 E0.01586 ; perimeter
G1 Z4.445 X176.971 Y176.309 E0.01586 ; perimeter
G1 Z4.448 X177.347 Y176.030 E0.01585 ; perimeter
G1 Z4.451 X177.749 Y175.789 E0.01587 ; perimeter
M73 Q26 S4
G1 Z4.454 X178.173 Y175.589 E0.01587 ; perimeter
G1 Z4.457 X178.614 Y175.431 E0.01586 ; perimeter
G1 Z4.460 X179.068 Y175.317 E0.01584 ; perimeter
G1 Z4.464 X179.535 Y175.248 E0.01598 ; perimeter
G1 Z4.465 X179.764 Y175.231 E0.00777 ; perimeter
G1 Z4.467 X180.105 Y175.228 E0.01154 ; perimeter
G1 Z4.470 X180.467 Y175.248 E0.01227 ; perimeter
G1 Z4.473 X180.932 Y175.317 E0.01591 ; perimeter
G1 Z4.476 X181.386 Y175.431 E0.01584 ; perimeter
G1 Z4.479 X181.827 Y175.589 E0.01586 ; perimeter
G1 Z4.482 X182.251 Y175.789 E0.01587 ; perimeter
G1 Z4.485 X182.653 Y176.030 E0.01587 ; perimeter
G1 Z4.489 X183.029 Y176.309 E0.01585 ; perimeter
G1 Z4.492 X183.376 Y176.624 E0.01586 ; perimeter
G1 Z4.495 X183.691 Y176.971 E0.01586 ; perimeter
G1 Z4.498 X183.970 Y177.347 E0.01585 ; perimeter
G1 Z4.501 X184.211 Y177.749 E0.01587 ; perimeter
G1 Z4.504 X184.411 Y178.173 E0.01587 ; perimeter
G1 Z4.507 X184.569 Y178.614 E0.01586 ; perimeter
G1 Z4.510 X184.683 Y179.068 E0.01584 ; perimeter
G1 Z4.514 X184.752 Y179.532 E0.01588 ; perimeter
G1 Z4.517 X184.775 Y180.000 E0.01586 ; perimeter
G1 Z4.520 X184.752 Y180.468 E0.01586 ; perimeter
G1 Z4.523 X184.683 Y180.932 E0.01588 ; perimeter
G1 Z4.526 X184.569 Y181.386 E0.01584 ; perimeter
G1 Z4.529 X184.411 Y181.827 E0.01586 ; perimeter
G1 Z4.532 X184.211 Y182.251 E0.01587 ; perimeter
G1 Z4.535 X183.970 Y182.653 E0.01587 ; perimeter
G1 Z4.539 X183.691 Y183.029 E0.01585 ; perimeter
G1 Z4.542 X183.376 Y183.376 E0.01586 ; perimeter
G1 Z4.545 X183.029 Y183.691 E0.01586 ; perimeter
G1 Z4.548 X182.653 Y183.970 E0.01585 ; perimeter
G1 Z4.551 X182.251 Y184.211 E0.01587 ; perimeter
G1 Z4.554 X181.827 Y184.411 E0.01587 ; perimeter
G1 Z4.557 X181.386 Y184.569 E0.01586 ; perimeter
G1 Z4.560 X180.931 Y184.683 E0.01588 ; perimeter
G1 Z4.564 X180.468 Y184.752 E0.01585 ; perimeter
G1 Z4.567 X180.000 Y184.775 E0.01586 ; perimeter
G1 Z4.570 X179.532 Y184.752 E0.01586 ; perimeter
G1 Z4.573 X179.068 Y184.683 E0.01588 ; perimeter
G1 Z4.576 X178.614 Y184.569 E0.01584 ; perimeter
M73 P26 R4
G1 Z4.579 X178.173 Y184.411 E0.01586 ; perimeter
G1 Z4.582 X177.749 Y184.211 E0.01587 ; perimeter
G1 Z4.585 X177.347 Y183.970 E0.01587 ; perimeter
G1 Z4.589 X176.971 Y183.691 E0.01585 ; perimeter
G1 Z4.592 X176.624 Y183.376 E0.01586 ; perimeter
G1 Z4.595 X176.309 Y183.029 E0.01586 ; perimeter
G1 Z4.598 X176.030 Y182.653 E0.01585 ; perimeter
G1 Z4.600 X175.875 Y182.394 E0.01022 ; perimeter
M204 P2500 ; adjust acceleration
;LAYER_CHANGE
;Z:4.8
;HEIGHT:0.2
;BEFORE_LAYER_CHANGE
G92 E0.0
;4.8


G1 Z4.600 F720 ; simple layer change
;AFTER_LAYER_CHANGE
;4.8
M204 P1500 ; adjust acceleration
G1 F600
G1 Z4.601 X175.789 Y182.251 E0.00565 ; perimeter
G1 Z4.604 X175.589 Y181.827 E0.01587 ; perimeter
G1 Z4.607 X175.431 Y181.386 E0.01586 ; perimeter
G1 Z4.610 X175.317 Y180.932 E0.01584 ; perimeter
G1 Z4.614 X175.248 Y180.468 E0.01588 ; perimeter
G1 Z4.617 X175.225 Y180.000 E0.01586 ; perimeter
G1 Z4.620 X175.248 Y179.532 E0.01586 ; perimeter
G1 Z4.623 X175.317 Y179.068 E0.01588 ; perimeter
G1 Z4.626 X175.431 Y178.614 E0.01584 ; perimeter
G1 Z4.629 X175.589 Y178.173 E0.01586 ; perimeter
G1 Z4.632 X175.789 Y177.749 E0.01587 ; perimeter
G1 Z4.635 X176.030 Y177.347 E0.01587 ; perimeter
G1 Z4.639 X176.309 Y176.971 E0.01585 ; perimeter
G1 Z4.642 X176.624 Y176.624 E0.01586 ; perimeter
G1 Z4.645 X176.971 Y176.309 E0.01586 ; perimeter
G1 Z4.648 X177.347 Y176.030 E0.01585 ; perimeter
G1 Z4.651 X177.749 Y175.789 E0.01587 ; perimeter
G1 Z4.654 X178.173 Y175.589 E0.01587 ; perimeter
G1 Z4.657 X178.614 Y175.431 E0.01586 ; perimeter
G1 Z4.660 X179.068 Y175.317 E0.01584 ; perimeter
G1 Z4.664 X179.535 Y175.248 E0.01598 ; perimeter
G1 Z4.665 X179.764 Y175.231 E0.00777 ; perimeter
G1 Z4.667 X180.110 Y175.228 E0.01171 ; perimeter
G1 Z4.670 X180.467 Y175.248 E0.01210 ; perimeter
G1 Z4.673 X180.932 Y175.317 E0.01591 ; perimeter
G1 Z4.676 X181.386 Y175.431 E0.01584 ; perimeter
M73 Q27 S4
G1 Z4.679 X181.827 Y175.589 E0.01586 ; perimeter
G1 Z4.682 X182.251 Y175.789 E0.01587 ; perimeter
G1 Z4.685 X182.653 Y176.030 E0.01587 ; perimeter
G1 Z4.689 X183.029 Y176.309 E0.01585 ; perimeter
G1 Z4.692 X183.376 Y176.624 E0.01586 ; perimeter
G1 Z4.695 X183.691 Y176.971 E0.01586 ; perimeter
G1 Z4.698 X183.970 Y177.347 E0.01585 ; perimeter
G1 Z4.701 X184.211 Y177.749 E0.01587 ; perimeter
G1 Z4.704 X184.411 Y178.173 E0.01587 ; perimeter
G1 Z4.707 X184.569 Y178.614 E0.01586 ; perimeter
G1 Z4.710 X184.683 Y179.069 E0.01588 ; perimeter
G1 Z4.714 X184.752 Y179.532 E0.01585 ; perimeter
G1 Z4.717 X184.775 Y180.000 E0.01586 ; perimeter
G1 Z4.720 X184.752 Y180.468 E0.01586 ; perimeter
G1 Z4.723 X184.683 Y180.932 E0.01588 ; perimeter
G1 Z4.726 X184.569 Y181.386 E0.01584 ; perimeter
G1 Z4.729 X184.411 Y181.827 E0.01586 ; perimeter
G1 Z4.732 X184.211 Y182.251 E0.01587 ; perimeter
G1 Z4.735 X183.970 Y182.653 E0.01587 ; perimeter
G1 Z4.739 X183.691 Y183.029 E0.01585 ; perimeter
G1 Z4.742 X183.376 Y183.376 E0.01586 ; perimeter
G1 Z4.745 X183.029 Y183.691 E0.01586 ; perimeter
G1 Z4.748 X182.653 Y183.970 E0.01585 ; perimeter
G1 Z4.751 X182.251 Y184.211 E0.01587 ; perimeter
G1 Z4.754 X181.827 Y184.411 E0.01587 ; perimeter
G1 Z4.757 X181.386 Y184.569 E0.01586 ; perimeter
G1 Z4.760 X180.932 Y184.683 E0.01584 ; perimeter
G1 Z4.764 X180.468 Y184.752 E0.01588 ; perimeter
G1 Z4.767 X180.000 Y184.775 E0.01586 ; perimeter
G1 Z4.770 X179.532 Y184.752 E0.01586 ; perimeter
G1 Z4.773 X179.068 Y184.683 E0.01588 ; perimeter
G1 Z4.776 X178.614 Y184.569 E0.01584 ; perimeter
G1 Z4.779 X178.173 Y184.411 E0.01586 ; perimeter
G1 Z4.782 X177.749 Y184.211 E0.01587 ; perimeter
G1 Z4.785 X177.347 Y183.970 E0.01587 ; perimeter
G1 Z4.789 X176.971 Y183.691 E0.01585 ; perimeter
G1 Z4.792 X176.624 Y183.376 E0.01586 ; perimeter
G1 Z4.795 X176.309 Y183.029 E0.01586 ; perimeter
G1 Z4.798 X176.030 Y182.653 E0.01585 ; perimeter
G1 Z4.800 X175.875 Y182.394 E0.01022 ; perimeter
M73 P27 R4
M204 P2500 ; adjust acceleration
;LAYER_CHANGE
;Z:5
;HEIGHT:0.2
;BEFORE_LAYER_CHANGE
G92 E0.0
;5


G1 Z4.800 F720 ; simple layer change
;AFTER_LAYER_CHANGE
;5
M204 P1500 ; adjust acceleration
G1 F600
G1 Z4.801 X175.789 Y182.251 E0.00565 ; perimeter
G1 Z4.804 X175.589 Y181.827 E0.01587 ; perimeter
G1 Z4.807 X175.431 Y181.386 E0.01586 ; perimeter
G1 Z4.810 X175.317 Y180.932 E0.01584 ; perimeter
G1 Z4.814 X175.248 Y180.468 E0.01588 ; perimeter
G1 Z4.817 X175.225 Y180.000 E0.01586 ; perimeter
G1 Z4.820 X175.248 Y179.532 E0.01586 ; perimeter
G1 Z4.823 X175.317 Y179.069 E0.01585 ; perimeter
G1 Z4.826 X175.431 Y178.614 E0.01588 ; perimeter
G1 Z4.829 X175.589 Y178.173 E0.01586 ; perimeter
G1 Z4.832 X175.789 Y177.749 E0.01587 ; perimeter
G1 Z4.835 X176.030 Y177.347 E0.01587 ; perimeter
M104.1 T1 P84 Q84 S260
G1 Z4.839 X176.309 Y176.971 E0.01585 ; perimeter
G1 Z4.842 X176.624 Y176.624 E0.01586 ; perimeter
G1 Z4.845 X176.971 Y176.309 E0.01586 ; perimeter
G1 Z4.848 X177.347 Y176.030 E0.01585 ; perimeter
G1 Z4.851 X177.749 Y175.789 E0.01587 ; perimeter
G1 Z4.854 X178.173 Y175.589 E0.01587 ; perimeter
G1 Z4.857 X178.614 Y175.431 E0.01586 ; perimeter
G1 Z4.860 X179.068 Y175.317 E0.01584 ; perimeter
G1 Z4.864 X179.535 Y175.248 E0.01598 ; perimeter
G1 Z4.865 X179.764 Y175.231 E0.00777 ; perimeter
G1 Z4.868 X180.115 Y175.228 E0.01188 ; perimeter
G1 Z4.870 X180.467 Y175.248 E0.01193 ; perimeter
G1 Z4.873 X180.931 Y175.317 E0.01588 ; perimeter
G1 Z4.876 X181.386 Y175.431 E0.01588 ; perimeter
G1 Z4.879 X181.827 Y175.589 E0.01586 ; perimeter
G1 Z4.882 X182.251 Y175.789 E0.01587 ; perimeter
G1 Z4.885 X182.653 Y176.030 E0.01587 ; perimeter
G1 Z4.889 X183.029 Y176.309 E0.01585 ; perimeter
G1 Z4.892 X183.376 Y176.624 E0.01586 ; perimeter
G1 Z4.895 X183.691 Y176.971 E0.01586 ; perimeter
G1 Z4.898 X183.970 Y177.347 E0.01585 ; perimeter
G1 Z4.901 X184.211 Y177.749 E0.01587 ; perimeter
G1 Z4.904 X184.411 Y178.173 E0.01587 ; perimeter
M73 Q28 S4
G1 Z4.907 X184.569 Y178.614 E0.01586 ; perimeter
G1 Z4.910 X184.683 Y179.068 E0.01584 ; perimeter
G1 Z4.914 X184.752 Y179.532 E0.01588 ; perimeter
G1 Z4.917 X184.775 Y180.000 E0.01586 ; perimeter
G1 Z4.920 X184.752 Y180.468 E0.01586 ; perimeter
G1 Z4.923 X184.683 Y180.932 E0.01588 ; perimeter
G1 Z4.926 X184.569 Y181.386 E0.01584 ; perimeter
G1 Z4.929 X184.411 Y181.827 E0.01586 ; perimeter
G1 Z4.932 X184.211 Y182.251 E0.01587 ; perimeter
G1 Z4.935 X183.970 Y182.653 E0.01587 ; perimeter
G1 Z4.939 X183.691 Y183.029 E0.01585 ; perimeter
G1 Z4.942 X183.376 Y183.376 E0.01586 ; perimeter
G1 Z4.945 X183.029 Y183.691 E0.01586 ; perimeter
G1 Z4.948 X182.653 Y183.970 E0.01585 ; perimeter
G1 Z4.951 X182.251 Y184.211 E0.01587 ; perimeter
G1 Z4.954 X181.827 Y184.411 E0.01587 ; perimeter
G1 Z4.957 X181.386 Y184.569 E0.01586 ; perimeter
G1 Z4.960 X180.932 Y184.683 E0.01584 ; perimeter
G1 Z4.964 X180.468 Y184.752 E0.01588 ; perimeter
G1 Z4.967 X180.000 Y184.775 E0.01586 ; perimeter
G1 Z4.970 X179.532 Y184.752 E0.01586 ; perimeter
G1 Z4.973 X179.068 Y184.683 E0.01588 ; perimeter
G1 Z4.976 X178.614 Y184.569 E0.01584 ; perimeter
G1 Z4.979 X178.173 Y184.411 E0.01586 ; perimeter
G1 Z4.982 X177.749 Y184.211 E0.01587 ; perimeter
G1 Z4.985 X177.347 Y183.970 E0.01587 ; perimeter
G1 Z4.989 X176.971 Y183.691 E0.01585 ; perimeter
G1 Z4.992 X176.624 Y183.376 E0.01586 ; perimeter
G1 Z4.995 X176.309 Y183.029 E0.01586 ; perimeter
G1 Z4.998 X176.030 Y182.653 E0.01585 ; perimeter
G1 Z5.000 X175.875 Y182.394 E0.01022 ; perimeter
M204 P2500 ; adjust acceleration
;LAYER_CHANGE
;Z:5.2
;HEIGHT:0.2
;BEFORE_LAYER_CHANGE
G92 E0.0
;5.2


G1 Z5.000 F720 ; simple layer change
;AFTER_LAYER_CHANGE
;5.2
M204 P1500 ; adjust acceleration
G1 F600
G1 Z5.003 X175.689 Y182.039 E0.01357 ; perimeter
G1 Z5.006 X175.510 Y181.607 E0.01582 ; perimeter
G1 Z5.009 X175.374 Y181.159 E0.01586 ; perimeter
G1 Z5.012 X175.282 Y180.700 E0.01582 ; perimeter
G1 Z5.015 X175.236 Y180.234 E0.01586 ; perimeter
G1 Z5.018 X175.236 Y179.766 E0.01582 ; perimeter
G1 Z5.021 X175.282 Y179.300 E0.01586 ; perimeter
G1 Z5.025 X175.373 Y178.841 E0.01582 ; perimeter
M73 P28 R4
G1 Z5.028 X175.509 Y178.393 E0.01586 ; perimeter
G1 Z5.031 X175.688 Y177.961 E0.01582 ; perimeter
G1 Z5.034 X175.909 Y177.547 E0.01588 ; perimeter
G1 Z5.037 X176.169 Y177.159 E0.01582 ; perimeter
G1 Z5.040 X176.466 Y176.796 E0.01586 ; perimeter
G1 Z5.043 X176.796 Y176.466 E0.01582 ; perimeter
G1 Z5.046 X177.158 Y176.168 E0.01586 ; perimeter
G1 Z5.050 X177.547 Y175.908 E0.01583 ; perimeter
G1 Z5.053 X177.961 Y175.688 E0.01588 ; perimeter
G1 Z5.056 X178.393 Y175.508 E0.01583 ; perimeter
G1 Z5.059 X178.841 Y175.372 E0.01587 ; perimeter
G1 Z5.062 X179.300 Y175.281 E0.01583 ; perimeter
G1 Z5.065 X179.767 Y175.231 E0.01591 ; perimeter
G1 Z5.068 X180.120 Y175.228 E0.01195 ; perimeter
G1 Z5.070 X180.470 Y175.248 E0.01187 ; perimeter
G1 Z5.071 X180.697 Y175.280 E0.00778 ; perimeter
G1 Z5.075 X181.159 Y175.372 E0.01594 ; perimeter
G1 Z5.078 X181.608 Y175.508 E0.01587 ; perimeter
G1 Z5.081 X182.040 Y175.687 E0.01583 ; perimeter
G1 Z5.084 X182.453 Y175.908 E0.01588 ; perimeter
G1 Z5.087 X182.842 Y176.167 E0.01583 ; perimeter
G1 Z5.090 X183.205 Y176.465 E0.01587 ; perimeter
G1 Z5.093 X183.535 Y176.795 E0.01583 ; perimeter
G1 Z5.096 X183.833 Y177.158 E0.01587 ; perimeter
G1 Z5.100 X184.093 Y177.546 E0.01583 ; perimeter
G1 Z5.103 X184.314 Y177.960 E0.01588 ; perimeter
G1 Z5.106 X184.493 Y178.392 E0.01583 ; perimeter
G1 Z5.109 X184.629 Y178.841 E0.01587 ; perimeter
G1 Z5.112 X184.721 Y179.299 E0.01583 ; perimeter
G1 Z5.115 X184.767 Y179.766 E0.01587 ; perimeter
G1 Z5.118 X184.767 Y180.234 E0.01583 ; perimeter
G1 Z5.121 X184.721 Y180.701 E0.01587 ; perimeter
G1 Z5.125 X184.630 Y181.159 E0.01583 ; perimeter
G1 Z5.128 X184.494 Y181.608 E0.01587 ; perimeter
G1 Z5.131 X184.314 Y182.040 E0.01583 ; perimeter
M73 Q29 S4
G1 Z5.134 X184.093 Y182.454 E0.01588 ; perimeter
G1 Z5.137 X183.834 Y182.843 E0.01583 ; perimeter
G1 Z5.140 X183.537 Y183.206 E0.01587 ; perimeter
G1 Z5.143 X183.206 Y183.537 E0.01583 ; perimeter
G1 Z5.146 X182.843 Y183.834 E0.01587 ; perimeter
G1 Z5.150 X182.454 Y184.094 E0.01583 ; perimeter
G1 Z5.153 X182.040 Y184.315 E0.01589 ; perimeter
G1 Z5.156 X181.609 Y184.495 E0.01584 ; perimeter
G1 Z5.159 X181.160 Y184.631 E0.01588 ; perimeter
G1 Z5.162 X180.701 Y184.722 E0.01584 ; perimeter
G1 Z5.165 X180.234 Y184.768 E0.01588 ; perimeter
G1 Z5.168 X179.766 Y184.768 E0.01584 ; perimeter
G1 Z5.171 X179.299 Y184.722 E0.01588 ; perimeter
G1 Z5.175 X178.840 Y184.631 E0.01584 ; perimeter
G1 Z5.178 X178.391 Y184.495 E0.01588 ; perimeter
G1 Z5.181 X177.959 Y184.316 E0.01584 ; perimeter
G1 Z5.184 X177.545 Y184.095 E0.01589 ; perimeter
G1 Z5.187 X177.156 Y183.835 E0.01584 ; perimeter
G1 Z5.190 X176.793 Y183.538 E0.01588 ; perimeter
G1 Z5.193 X176.462 Y183.207 E0.01584 ; perimeter
G1 Z5.196 X176.165 Y182.844 E0.01588 ; perimeter
G1 Z5.200 X175.905 Y182.455 E0.01584 ; perimeter
G1 Z5.200 X175.873 Y182.395 E0.00230 ; perimeter
M204 P2500 ; adjust acceleration
;LAYER_CHANGE
;Z:5.4
;HEIGHT:0.2
;BEFORE_LAYER_CHANGE
G92 E0.0
;5.4


G1 Z5.200 F720 ; simple layer change
;AFTER_LAYER_CHANGE
;5.4
M204 P1500 ; adjust acceleration
G1 F600
G1 Z5.203 X175.684 Y182.041 E0.01358 ; perimeter
G1 Z5.206 X175.504 Y181.609 E0.01584 ; perimeter
G1 Z5.209 X175.368 Y181.160 E0.01588 ; perimeter
G1 Z5.212 X175.277 Y180.701 E0.01584 ; perimeter
G1 Z5.215 X175.231 Y180.234 E0.01588 ; perimeter
G1 Z5.218 X175.231 Y179.766 E0.01584 ; perimeter
G1 Z5.221 X175.277 Y179.299 E0.01588 ; perimeter
G1 Z5.225 X175.368 Y178.840 E0.01584 ; perimeter
G1 Z5.228 X175.504 Y178.391 E0.01588 ; perimeter
G1 Z5.231 X175.684 Y177.959 E0.01584 ; perimeter
G1 Z5.234 X175.905 Y177.545 E0.01589 ; perimeter
G1 Z5.237 X176.165 Y177.156 E0.01584 ; perimeter
G1 Z5.240 X176.462 Y176.793 E0.01588 ; perimeter
G1 Z5.243 X176.793 Y176.462 E0.01584 ; perimeter
G1 Z5.246 X177.156 Y176.165 E0.01588 ; perimeter
G1 Z5.250 X177.545 Y175.905 E0.01584 ; perimeter
M73 P29 R4
G1 Z5.253 X177.959 Y175.684 E0.01589 ; perimeter
M73 P29 R3
G1 Z5.256 X178.391 Y175.504 E0.01584 ; perimeter
G1 Z5.259 X178.840 Y175.368 E0.01588 ; perimeter
M73 Q29 S3
G1 Z5.262 X179.299 Y175.277 E0.01584 ; perimeter
G1 Z5.265 X179.767 Y175.231 E0.01592 ; perimeter
G1 Z5.268 X180.124 Y175.228 E0.01208 ; perimeter
G1 Z5.270 X180.470 Y175.248 E0.01173 ; perimeter
G1 Z5.271 X180.698 Y175.276 E0.00778 ; perimeter
G1 Z5.275 X181.160 Y175.368 E0.01595 ; perimeter
G1 Z5.278 X181.609 Y175.504 E0.01588 ; perimeter
G1 Z5.281 X182.041 Y175.684 E0.01584 ; perimeter
G1 Z5.284 X182.455 Y175.905 E0.01589 ; perimeter
G1 Z5.287 X182.844 Y176.165 E0.01584 ; perimeter
G1 Z5.290 X183.207 Y176.462 E0.01588 ; perimeter
G1 Z5.293 X183.538 Y176.793 E0.01584 ; perimeter
G1 Z5.296 X183.835 Y177.156 E0.01588 ; perimeter
G1 Z5.300 X184.095 Y177.545 E0.01584 ; perimeter
G1 Z5.303 X184.316 Y177.959 E0.01589 ; perimeter
G1 Z5.306 X184.496 Y178.391 E0.01584 ; perimeter
G1 Z5.309 X184.632 Y178.840 E0.01588 ; perimeter
G1 Z5.312 X184.723 Y179.299 E0.01584 ; perimeter
G1 Z5.315 X184.769 Y179.766 E0.01588 ; perimeter
G1 Z5.318 X184.769 Y180.234 E0.01584 ; perimeter
G1 Z5.321 X184.723 Y180.701 E0.01588 ; perimeter
G1 Z5.325 X184.632 Y181.160 E0.01584 ; perimeter
G1 Z5.328 X184.496 Y181.609 E0.01588 ; perimeter
G1 Z5.331 X184.316 Y182.041 E0.01584 ; perimeter
G1 Z5.334 X184.095 Y182.455 E0.01589 ; perimeter
G1 Z5.337 X183.835 Y182.844 E0.01584 ; perimeter
G1 Z5.340 X183.538 Y183.207 E0.01588 ; perimeter
G1 Z5.343 X183.207 Y183.538 E0.01584 ; perimeter
G1 Z5.346 X182.844 Y183.835 E0.01588 ; perimeter
G1 Z5.350 X182.455 Y184.095 E0.01584 ; perimeter
G1 Z5.353 X182.041 Y184.316 E0.01589 ; perimeter
G1 Z5.356 X181.609 Y184.496 E0.01584 ; perimeter
M73 Q30 S3
G1 Z5.359 X181.160 Y184.632 E0.01588 ; perimeter
G1 Z5.362 X180.701 Y184.723 E0.01584 ; perimeter
G1 Z5.365 X180.234 Y184.769 E0.01588 ; perimeter
G1 Z5.368 X179.766 Y184.769 E0.01584 ; perimeter
G1 Z5.371 X179.299 Y184.723 E0.01588 ; perimeter
G1 Z5.375 X178.840 Y184.632 E0.01584 ; perimeter
G1 Z5.378 X178.391 Y184.496 E0.01588 ; perimeter
G1 Z5.381 X177.959 Y184.316 E0.01584 ; perimeter
G1 Z5.384 X177.545 Y184.095 E0.01589 ; perimeter
G1 Z5.387 X177.156 Y183.835 E0.01584 ; perimeter
G1 Z5.390 X176.793 Y183.538 E0.01588 ; perimeter
G1 Z5.393 X176.462 Y183.207 E0.01584 ; perimeter
G1 Z5.396 X176.165 Y182.844 E0.01588 ; perimeter
G1 Z5.400 X175.905 Y182.455 E0.01584 ; perimeter
G1 Z5.400 X175.873 Y182.395 E0.00230 ; perimeter
M204 P2500 ; adjust acceleration
;LAYER_CHANGE
;Z:5.6
;HEIGHT:0.2
;BEFORE_LAYER_CHANGE
G92 E0.0
;5.6


G1 Z5.400 F720 ; simple layer change
;AFTER_LAYER_CHANGE
;5.6
M204 P1500 ; adjust acceleration
G1 F600
G1 Z5.403 X175.684 Y182.041 E0.01358 ; perimeter
G1 Z5.406 X175.504 Y181.609 E0.01584 ; perimeter
G1 Z5.409 X175.368 Y181.160 E0.01588 ; perimeter
G1 Z5.412 X175.277 Y180.701 E0.01584 ; perimeter
G1 Z5.415 X175.231 Y180.234 E0.01588 ; perimeter
G1 Z5.418 X175.231 Y179.766 E0.01584 ; perimeter
G1 Z5.421 X175.277 Y179.299 E0.01588 ; perimeter
G1 Z5.425 X175.368 Y178.840 E0.01584 ; perimeter
G1 Z5.428 X175.504 Y178.391 E0.01588 ; perimeter
G1 Z5.431 X175.684 Y177.959 E0.01584 ; perimeter
G1 Z5.434 X175.905 Y177.545 E0.01589 ; perimeter
G1 Z5.437 X176.165 Y177.156 E0.01584 ; perimeter
G1 Z5.440 X176.462 Y176.794 E0.01585 ; perimeter
G1 Z5.443 X176.793 Y176.462 E0.01587 ; perimeter
G1 Z5.446 X177.156 Y176.165 E0.01588 ; perimeter
G1 Z5.450 X177.545 Y175.905 E0.01584 ; perimeter
G1 Z5.453 X177.959 Y175.684 E0.01589 ; perimeter
G1 Z5.456 X178.391 Y175.504 E0.01584 ; perimeter
G1 Z5.459 X178.840 Y175.368 E0.01588 ; perimeter
G1 Z5.462 X179.299 Y175.277 E0.01584 ; perimeter
G1 Z5.465 X179.767 Y175.231 E0.01592 ; perimeter
G1 Z5.468 X180.129 Y175.228 E0.01225 ; perimeter
G1 Z5.470 X180.470 Y175.248 E0.01156 ; perimeter
G1 Z5.471 X180.698 Y175.276 E0.00778 ; perimeter
G1 Z5.475 X181.160 Y175.368 E0.01595 ; perimeter
M73 P30 R3
G1 Z5.478 X181.609 Y175.504 E0.01588 ; perimeter
G1 Z5.481 X182.041 Y175.684 E0.01584 ; perimeter
G1 Z5.484 X182.455 Y175.905 E0.01589 ; perimeter
G1 Z5.487 X182.844 Y176.165 E0.01584 ; perimeter
G1 Z5.490 X183.207 Y176.462 E0.01588 ; perimeter
G1 Z5.493 X183.538 Y176.793 E0.01584 ; perimeter
G1 Z5.496 X183.835 Y177.156 E0.01588 ; perimeter
G1 Z5.500 X184.095 Y177.545 E0.01584 ; perimeter
G1 Z5.503 X184.316 Y177.959 E0.01589 ; perimeter
G1 Z5.506 X184.496 Y178.391 E0.01584 ; perimeter
G1 Z5.509 X184.632 Y178.840 E0.01588 ; perimeter
G1 Z5.512 X184.723 Y179.299 E0.01584 ; perimeter
G1 Z5.515 X184.769 Y179.766 E0.01588 ; perimeter
G1 Z5.518 X184.769 Y180.234 E0.01584 ; perimeter
G1 Z5.521 X184.723 Y180.701 E0.01588 ; perimeter
G1 Z5.525 X184.632 Y181.160 E0.01584 ; perimeter
G1 Z5.528 X184.496 Y181.609 E0.01588 ; perimeter
G1 Z5.531 X184.316 Y182.041 E0.01584 ; perimeter
G1 Z5.534 X184.095 Y182.455 E0.01589 ; perimeter
G1 Z5.537 X183.835 Y182.844 E0.01584 ; perimeter
G1 Z5.540 X183.538 Y183.207 E0.01588 ; perimeter
G1 Z5.543 X183.207 Y183.538 E0.01584 ; perimeter
G1 Z5.546 X182.844 Y183.835 E0.01588 ; perimeter
G1 Z5.550 X182.455 Y184.095 E0.01584 ; perimeter
G1 Z5.553 X182.041 Y184.316 E0.01589 ; perimeter
G1 Z5.556 X181.609 Y184.496 E0.01584 ; perimeter
G1 Z5.559 X181.160 Y184.632 E0.01588 ; perimeter
G1 Z5.562 X180.701 Y184.723 E0.01584 ; perimeter
G1 Z5.565 X180.234 Y184.769 E0.01588 ; perimeter
G1 Z5.568 X179.766 Y184.769 E0.01584 ; perimeter
G1 Z5.571 X179.299 Y184.723 E0.01588 ; perimeter
G1 Z5.575 X178.840 Y184.632 E0.01584 ; perimeter
G1 Z5.578 X178.391 Y184.496 E0.01588 ; perimeter
G1 Z5.581 X177.959 Y184.316 E0.01584 ; perimeter
G1 Z5.584 X177.545 Y184.095 E0.01589 ; perimeter
M73 Q31 S3
G1 Z5.587 X177.156 Y183.835 E0.01584 ; perimeter
G1 Z5.590 X176.793 Y183.538 E0.01588 ; perimeter
G1 Z5.593 X176.462 Y183.207 E0.01584 ; perimeter
G1 Z5.596 X176.165 Y182.844 E0.01588 ; perimeter
G1 Z5.600 X175.905 Y182.455 E0.01584 ; perimeter
G1 Z5.600 X175.873 Y182.395 E0.00230 ; perimeter
M204 P2500 ; adjust acceleration
;LAYER_CHANGE
;Z:5.8
;HEIGHT:0.2
;BEFORE_LAYER_CHANGE
G92 E0.0
;5.8


G1 Z5.600 F720 ; simple layer change
;AFTER_LAYER_CHANGE
;5.8
M204 P1500 ; adjust acceleration
G1 F600
G1 Z5.603 X175.684 Y182.041 E0.01358 ; perimeter
G1 Z5.606 X175.504 Y181.609 E0.01584 ; perimeter
G1 Z5.609 X175.368 Y181.160 E0.01588 ; perimeter
G1 Z5.612 X175.277 Y180.701 E0.01584 ; perimeter
G1 Z5.615 X175.231 Y180.234 E0.01588 ; perimeter
G1 Z5.618 X175.231 Y179.766 E0.01584 ; perimeter
G1 Z5.621 X175.277 Y179.299 E0.01588 ; perimeter
G1 Z5.625 X175.368 Y178.840 E0.01584 ; perimeter
G1 Z5.628 X175.504 Y178.391 E0.01588 ; perimeter
G1 Z5.631 X175.684 Y177.959 E0.01584 ; perimeter
G1 Z5.634 X175.905 Y177.545 E0.01589 ; perimeter
G1 Z5.637 X176.165 Y177.156 E0.01584 ; perimeter
M104.1 T1 P72 Q72 S260
G1 Z5.640 X176.462 Y176.793 E0.01588 ; perimeter
G1 Z5.643 X176.793 Y176.462 E0.01584 ; perimeter
G1 Z5.646 X177.156 Y176.165 E0.01588 ; perimeter
G1 Z5.650 X177.545 Y175.905 E0.01584 ; perimeter
G1 Z5.653 X177.959 Y175.684 E0.01589 ; perimeter
G1 Z5.656 X178.391 Y175.504 E0.01584 ; perimeter
G1 Z5.659 X178.840 Y175.368 E0.01588 ; perimeter
G1 Z5.662 X179.299 Y175.277 E0.01584 ; perimeter
G1 Z5.665 X179.766 Y175.231 E0.01588 ; perimeter
G1 Z5.668 X180.134 Y175.228 E0.01246 ; perimeter
G1 Z5.670 X180.470 Y175.248 E0.01139 ; perimeter
G1 Z5.671 X180.698 Y175.276 E0.00778 ; perimeter
G1 Z5.675 X181.160 Y175.368 E0.01595 ; perimeter
G1 Z5.678 X181.609 Y175.504 E0.01588 ; perimeter
G1 Z5.681 X182.041 Y175.684 E0.01584 ; perimeter
G1 Z5.684 X182.455 Y175.905 E0.01589 ; perimeter
G1 Z5.687 X182.844 Y176.165 E0.01584 ; perimeter
G1 Z5.690 X183.207 Y176.462 E0.01588 ; perimeter
G1 Z5.693 X183.538 Y176.793 E0.01584 ; perimeter
G1 Z5.696 X183.835 Y177.156 E0.01588 ; perimeter
G1 Z5.700 X184.095 Y177.545 E0.01584 ; perimeter
M73 P31 R3
G1 Z5.703 X184.316 Y177.959 E0.01589 ; perimeter
G1 Z5.706 X184.496 Y178.391 E0.01584 ; perimeter
G1 Z5.709 X184.632 Y178.840 E0.01588 ; perimeter
G1 Z5.712 X184.723 Y179.299 E0.01584 ; perimeter
G1 Z5.715 X184.769 Y179.766 E0.01588 ; perimeter
G1 Z5.718 X184.769 Y180.234 E0.01584 ; perimeter
G1 Z5.721 X184.723 Y180.701 E0.01588 ; perimeter
G1 Z5.725 X184.632 Y181.160 E0.01584 ; perimeter
G1 Z5.728 X184.496 Y181.609 E0.01588 ; perimeter
G1 Z5.731 X184.316 Y182.041 E0.01584 ; perimeter
G1 Z5.734 X184.095 Y182.455 E0.01589 ; perimeter
G1 Z5.737 X183.835 Y182.844 E0.01584 ; perimeter
G1 Z5.740 X183.538 Y183.207 E0.01588 ; perimeter
G1 Z5.743 X183.207 Y183.538 E0.01584 ; perimeter
G1 Z5.746 X182.844 Y183.835 E0.01588 ; perimeter
G1 Z5.750 X182.455 Y184.095 E0.01584 ; perimeter
G1 Z5.753 X182.041 Y184.316 E0.01589 ; perimeter
G1 Z5.756 X181.609 Y184.496 E0.01584 ; perimeter
G1 Z5.759 X181.160 Y184.632 E0.01588 ; perimeter
G1 Z5.762 X180.701 Y184.723 E0.01584 ; perimeter
G1 Z5.765 X180.234 Y184.769 E0.01588 ; perimeter
G1 Z5.768 X179.766 Y184.769 E0.01584 ; perimeter
G1 Z5.771 X179.299 Y184.723 E0.01588 ; perimeter
G1 Z5.775 X178.840 Y184.632 E0.01584 ; perimeter
G1 Z5.778 X178.391 Y184.496 E0.01588 ; perimeter
G1 Z5.781 X177.959 Y184.316 E0.01584 ; perimeter
G1 Z5.784 X177.545 Y184.095 E0.01589 ; perimeter
G1 Z5.787 X177.156 Y183.835 E0.01584 ; perimeter
G1 Z5.790 X176.793 Y183.538 E0.01588 ; perimeter
G1 Z5.793 X176.462 Y183.207 E0.01584 ; perimeter
G1 Z5.796 X176.165 Y182.844 E0.01588 ; perimeter
G1 Z5.800 X175.905 Y182.455 E0.01584 ; perimeter
G1 Z5.800 X175.873 Y182.395 E0.00230 ; perimeter
M204 P2500 ; adjust acceleration
;LAYER_CHANGE
;Z:6
;HEIGHT:0.2
;BEFORE_LAYER_CHANGE
G92 E0.0
;6


G1 Z5.800 F720 ; simple layer change
;AFTER_LAYER_CHANGE
;6
M204 P1500 ; adjust acceleration
G1 F600
G1 Z5.803 X175.684 Y182.041 E0.01358 ; perimeter
G1 Z5.806 X175.504 Y181.609 E0.01584 ; perimeter
G1 Z5.809 X175.368 Y181.160 E0.01588 ; perimeter
M73 Q32 S3
G1 Z5.812 X175.277 Y180.701 E0.01584 ; perimeter
G1 Z5.815 X175.231 Y180.234 E0.01588 ; perimeter
G1 Z5.818 X175.231 Y179.766 E0.01584 ; perimeter
G1 Z5.821 X175.277 Y179.299 E0.01588 ; perimeter
G1 Z5.825 X175.368 Y178.840 E0.01584 ; perimeter
G1 Z5.828 X175.504 Y178.391 E0.01588 ; perimeter
G1 Z5.831 X175.684 Y177.959 E0.01584 ; perimeter
G1 Z5.834 X175.905 Y177.545 E0.01589 ; perimeter
G1 Z5.837 X176.165 Y177.156 E0.01584 ; perimeter
G1 Z5.840 X176.462 Y176.793 E0.01588 ; perimeter
G1 Z5.843 X176.793 Y176.462 E0.01584 ; perimeter
G1 Z5.846 X177.156 Y176.165 E0.01588 ; perimeter
G1 Z5.850 X177.545 Y175.905 E0.01584 ; perimeter
G1 Z5.853 X177.959 Y175.684 E0.01589 ; perimeter
G1 Z5.856 X178.391 Y175.504 E0.01584 ; perimeter
G1 Z5.859 X178.840 Y175.368 E0.01588 ; perimeter
G1 Z5.862 X179.299 Y175.277 E0.01584 ; perimeter
G1 Z5.865 X179.766 Y175.231 E0.01588 ; perimeter
G1 Z5.868 X180.139 Y175.229 E0.01263 ; perimeter
G1 Z5.870 X180.470 Y175.248 E0.01122 ; perimeter
G1 Z5.871 X180.698 Y175.276 E0.00778 ; perimeter
G1 Z5.875 X181.160 Y175.368 E0.01595 ; perimeter
G1 Z5.878 X181.609 Y175.504 E0.01588 ; perimeter
G1 Z5.881 X182.041 Y175.684 E0.01584 ; perimeter
G1 Z5.884 X182.455 Y175.905 E0.01589 ; perimeter
G1 Z5.887 X182.844 Y176.165 E0.01584 ; perimeter
G1 Z5.890 X183.207 Y176.462 E0.01588 ; perimeter
G1 Z5.893 X183.538 Y176.793 E0.01584 ; perimeter
G1 Z5.896 X183.835 Y177.156 E0.01588 ; perimeter
G1 Z5.900 X184.095 Y177.545 E0.01584 ; perimeter
G1 Z5.903 X184.316 Y177.959 E0.01589 ; perimeter
G1 Z5.906 X184.496 Y178.391 E0.01584 ; perimeter
G1 Z5.909 X184.632 Y178.840 E0.01588 ; perimeter
G1 Z5.912 X184.723 Y179.299 E0.01584 ; perimeter
G1 Z5.915 X184.769 Y179.766 E0.01588 ; perimeter
G1 Z5.918 X184.769 Y180.234 E0.01584 ; perimeter
G1 Z5.921 X184.723 Y180.701 E0.01588 ; perimeter
G1 Z5.925 X184.632 Y181.160 E0.01584 ; perimeter
M73 P32 R3
G1 Z5.928 X184.496 Y181.609 E0.01588 ; perimeter
G1 Z5.931 X184.316 Y182.041 E0.01584 ; perimeter
G1 Z5.934 X184.095 Y182.455 E0.01589 ; perimeter
G1 Z5.937 X183.835 Y182.844 E0.01584 ; perimeter
G1 Z5.940 X183.538 Y183.207 E0.01588 ; perimeter
G1 Z5.943 X183.207 Y183.538 E0.01584 ; perimeter
G1 Z5.946 X182.844 Y183.835 E0.01588 ; perimeter
G1 Z5.950 X182.455 Y184.095 E0.01584 ; perimeter
G1 Z5.953 X182.041 Y184.316 E0.01589 ; perimeter
G1 Z5.956 X181.609 Y184.496 E0.01584 ; perimeter
G1 Z5.959 X181.160 Y184.632 E0.01588 ; perimeter
G1 Z5.962 X180.701 Y184.723 E0.01584 ; perimeter
G1 Z5.965 X180.234 Y184.769 E0.01588 ; perimeter
G1 Z5.968 X179.766 Y184.769 E0.01584 ; perimeter
G1 Z5.971 X179.299 Y184.723 E0.01588 ; perimeter
G1 Z5.975 X178.840 Y184.632 E0.01584 ; perimeter
G1 Z5.978 X178.391 Y184.496 E0.01588 ; perimeter
G1 Z5.981 X177.959 Y184.316 E0.01584 ; perimeter
G1 Z5.984 X177.545 Y184.095 E0.01589 ; perimeter
G1 Z5.987 X177.156 Y183.835 E0.01584 ; perimeter
G1 Z5.990 X176.793 Y183.538 E0.01588 ; perimeter
G1 Z5.993 X176.462 Y183.207 E0.01584 ; perimeter
G1 Z5.996 X176.165 Y182.844 E0.01588 ; perimeter
G1 Z6.000 X175.905 Y182.455 E0.01584 ; perimeter
G1 Z6.000 X175.873 Y182.395 E0.00230 ; perimeter
M204 P2500 ; adjust acceleration
;LAYER_CHANGE
;Z:6.2
;HEIGHT:0.2
;BEFORE_LAYER_CHANGE
G92 E0.0
;6.2


G1 Z6.000 F720 ; simple layer change
;AFTER_LAYER_CHANGE
;6.2
M204 P1500 ; adjust acceleration
G1 F600
G1 Z6.003 X175.684 Y182.041 E0.01358 ; perimeter
G1 Z6.006 X175.504 Y181.609 E0.01584 ; perimeter
G1 Z6.009 X175.368 Y181.160 E0.01588 ; perimeter
G1 Z6.012 X175.277 Y180.701 E0.01584 ; perimeter
G1 Z6.015 X175.231 Y180.234 E0.01588 ; perimeter
G1 Z6.018 X175.231 Y179.766 E0.01584 ; perimeter
G1 Z6.021 X175.277 Y179.299 E0.01588 ; perimeter
G1 Z6.025 X175.368 Y178.840 E0.01584 ; perimeter
G1 Z6.028 X175.504 Y178.391 E0.01588 ; perimeter
G1 Z6.031 X175.684 Y177.959 E0.01584 ; perimeter
G1 Z6.034 X175.905 Y177.545 E0.01589 ; perimeter
G1 Z6.037 X176.165 Y177.156 E0.01584 ; perimeter
M73 Q33 S3
G1 Z6.040 X176.462 Y176.794 E0.01585 ; perimeter
G1 Z6.043 X176.793 Y176.462 E0.01587 ; perimeter
G1 Z6.046 X177.156 Y176.165 E0.01588 ; perimeter
G1 Z6.050 X177.545 Y175.905 E0.01584 ; perimeter
G1 Z6.053 X177.959 Y175.684 E0.01589 ; perimeter
G1 Z6.056 X178.391 Y175.504 E0.01584 ; perimeter
G1 Z6.059 X178.840 Y175.368 E0.01588 ; perimeter
G1 Z6.062 X179.299 Y175.277 E0.01584 ; perimeter
G1 Z6.065 X179.766 Y175.231 E0.01588 ; perimeter
G1 Z6.068 X180.144 Y175.229 E0.01280 ; perimeter
G1 Z6.070 X180.470 Y175.248 E0.01105 ; perimeter
G1 Z6.071 X180.698 Y175.276 E0.00778 ; perimeter
G1 Z6.075 X181.160 Y175.368 E0.01595 ; perimeter
G1 Z6.078 X181.609 Y175.504 E0.01588 ; perimeter
G1 Z6.081 X182.041 Y175.684 E0.01584 ; perimeter
G1 Z6.084 X182.455 Y175.905 E0.01589 ; perimeter
G1 Z6.087 X182.844 Y176.165 E0.01584 ; perimeter
G1 Z6.090 X183.207 Y176.462 E0.01588 ; perimeter
G1 Z6.093 X183.538 Y176.793 E0.01584 ; perimeter
G1 Z6.096 X183.835 Y177.156 E0.01588 ; perimeter
G1 Z6.100 X184.095 Y177.545 E0.01584 ; perimeter
G1 Z6.103 X184.316 Y177.959 E0.01589 ; perimeter
G1 Z6.106 X184.496 Y178.391 E0.01584 ; perimeter
G1 Z6.109 X184.632 Y178.840 E0.01588 ; perimeter
G1 Z6.112 X184.723 Y179.299 E0.01584 ; perimeter
G1 Z6.115 X184.769 Y179.766 E0.01588 ; perimeter
G1 Z6.118 X184.769 Y180.234 E0.01584 ; perimeter
G1 Z6.121 X184.723 Y180.701 E0.01588 ; perimeter
G1 Z6.125 X184.632 Y181.160 E0.01584 ; perimeter
G1 Z6.128 X184.496 Y181.609 E0.01588 ; perimeter
G1 Z6.131 X184.316 Y182.041 E0.01584 ; perimeter
G1 Z6.134 X184.095 Y182.455 E0.01589 ; perimeter
G1 Z6.137 X183.835 Y182.844 E0.01584 ; perimeter
G1 Z6.140 X183.538 Y183.207 E0.01588 ; perimeter
G1 Z6.143 X183.207 Y183.538 E0.01584 ; perimeter
G1 Z6.146 X182.844 Y183.835 E0.01588 ; perimeter
G1 Z6.150 X182.455 Y184.095 E0.01584 ; perimeter
M73 P33 R3
G1 Z6.153 X182.041 Y184.316 E0.01589 ; perimeter
G1 Z6.156 X181.609 Y184.496 E0.01584 ; perimeter
G1 Z6.159 X181.160 Y184.632 E0.01588 ; perimeter
G1 Z6.162 X180.701 Y184.723 E0.01584 ; perimeter
G1 Z6.165 X180.234 Y184.769 E0.01588 ; perimeter
G1 Z6.168 X179.766 Y184.769 E0.01584 ; perimeter
G1 Z6.171 X179.299 Y184.723 E0.01588 ; perimeter
G1 Z6.175 X178.840 Y184.632 E0.01584 ; perimeter
G1 Z6.178 X178.391 Y184.496 E0.01588 ; perimeter
G1 Z6.181 X177.959 Y184.316 E0.01584 ; perimeter
G1 Z6.184 X177.545 Y184.095 E0.01589 ; perimeter
G1 Z6.187 X177.156 Y183.835 E0.01584 ; perimeter
G1 Z6.190 X176.793 Y183.538 E0.01588 ; perimeter
G1 Z6.193 X176.462 Y183.207 E0.01584 ; perimeter
G1 Z6.196 X176.165 Y182.844 E0.01588 ; perimeter
G1 Z6.200 X175.905 Y182.455 E0.01584 ; perimeter
G1 Z6.200 X175.873 Y182.395 E0.00230 ; perimeter
M204 P2500 ; adjust acceleration
;LAYER_CHANGE
;Z:6.4
;HEIGHT:0.2
;BEFORE_LAYER_CHANGE
G92 E0.0
;6.4


G1 Z6.200 F720 ; simple layer change
;AFTER_LAYER_CHANGE
;6.4
M204 P1500 ; adjust acceleration
G1 F600
G1 Z6.203 X175.684 Y182.041 E0.01358 ; perimeter
G1 Z6.206 X175.504 Y181.609 E0.01584 ; perimeter
G1 Z6.209 X175.368 Y181.160 E0.01588 ; perimeter
G1 Z6.212 X175.277 Y180.701 E0.01584 ; perimeter
G1 Z6.215 X175.231 Y180.234 E0.01588 ; perimeter
G1 Z6.218 X175.231 Y179.766 E0.01584 ; perimeter
G1 Z6.221 X175.277 Y179.299 E0.01588 ; perimeter
G1 Z6.225 X175.368 Y178.840 E0.01584 ; perimeter
G1 Z6.228 X175.504 Y178.391 E0.01588 ; perimeter
G1 Z6.231 X175.684 Y177.959 E0.01584 ; perimeter
G1 Z6.234 X175.905 Y177.545 E0.01589 ; perimeter
G1 Z6.237 X176.165 Y177.156 E0.01584 ; perimeter
G1 Z6.240 X176.462 Y176.793 E0.01588 ; perimeter
G1 Z6.243 X176.793 Y176.462 E0.01584 ; perimeter
G1 Z6.246 X177.156 Y176.165 E0.01588 ; perimeter
G1 Z6.250 X177.545 Y175.905 E0.01584 ; perimeter
G1 Z6.253 X177.959 Y175.684 E0.01589 ; perimeter
G1 Z6.256 X178.391 Y175.504 E0.01584 ; perimeter
G1 Z6.259 X178.840 Y175.368 E0.01588 ; perimeter
G1 Z6.262 X179.299 Y175.277 E0.01584 ; perimeter
G1 Z6.265 X179.766 Y175.231 E0.01588 ; perimeter
M73 Q34 S3
G1 Z6.268 X180.148 Y175.229 E0.01293 ; perimeter
G1 Z6.270 X180.470 Y175.248 E0.01092 ; perimeter
G1 Z6.271 X180.698 Y175.276 E0.00778 ; perimeter
G1 Z6.275 X181.160 Y175.368 E0.01595 ; perimeter
G1 Z6.278 X181.609 Y175.504 E0.01588 ; perimeter
G1 Z6.281 X182.041 Y175.684 E0.01584 ; perimeter
G1 Z6.284 X182.455 Y175.905 E0.01589 ; perimeter
G1 Z6.287 X182.844 Y176.165 E0.01584 ; perimeter
G1 Z6.290 X183.207 Y176.462 E0.01588 ; perimeter
G1 Z6.293 X183.538 Y176.793 E0.01584 ; perimeter
G1 Z6.296 X183.835 Y177.156 E0.01588 ; perimeter
G1 Z6.300 X184.095 Y177.545 E0.01584 ; perimeter
G1 Z6.303 X184.316 Y177.959 E0.01589 ; perimeter
G1 Z6.306 X184.496 Y178.391 E0.01584 ; perimeter
G1 Z6.309 X184.632 Y178.840 E0.01588 ; perimeter
G1 Z6.312 X184.723 Y179.299 E0.01584 ; perimeter
G1 Z6.315 X184.769 Y179.766 E0.01588 ; perimeter
G1 Z6.318 X184.769 Y180.234 E0.01584 ; perimeter
G1 Z6.321 X184.723 Y180.701 E0.01588 ; perimeter
G1 Z6.325 X184.632 Y181.160 E0.01584 ; perimeter
G1 Z6.328 X184.496 Y181.609 E0.01588 ; perimeter
G1 Z6.331 X184.316 Y182.041 E0.01584 ; perimeter
G1 Z6.334 X184.095 Y182.455 E0.01589 ; perimeter
G1 Z6.337 X183.835 Y182.844 E0.01584 ; perimeter
G1 Z6.340 X183.538 Y183.207 E0.01588 ; perimeter
G1 Z6.343 X183.207 Y183.538 E0.01584 ; perimeter
G1 Z6.346 X182.844 Y183.835 E0.01588 ; perimeter
G1 Z6.350 X182.455 Y184.095 E0.01584 ; perimeter
G1 Z6.353 X182.041 Y184.316 E0.01589 ; perimeter
G1 Z6.356 X181.609 Y184.496 E0.01584 ; perimeter
G1 Z6.359 X181.160 Y184.632 E0.01588 ; perimeter
G1 Z6.362 X180.701 Y184.723 E0.01584 ; perimeter
G1 Z6.365 X180.234 Y184.769 E0.01588 ; perimeter
G1 Z6.368 X179.766 Y184.769 E0.01584 ; perimeter
G1 Z6.371 X179.299 Y184.723 E0.01588 ; perimeter
G1 Z6.375 X178.840 Y184.632 E0.01584 ; perimeter
M73 P34 R3
G1 Z6.378 X178.391 Y184.496 E0.01588 ; perimeter
G1 Z6.381 X177.959 Y184.316 E0.01584 ; perimeter
G1 Z6.384 X177.545 Y184.095 E0.01589 ; perimeter
G1 Z6.387 X177.156 Y183.835 E0.01584 ; perimeter
G1 Z6.390 X176.793 Y183.538 E0.01588 ; perimeter
G1 Z6.393 X176.462 Y183.207 E0.01584 ; perimeter
G1 Z6.396 X176.165 Y182.844 E0.01588 ; perimeter
G1 Z6.400 X175.905 Y182.455 E0.01584 ; perimeter
G1 Z6.400 X175.873 Y182.395 E0.00230 ; perimeter
M204 P2500 ; adjust acceleration
;LAYER_CHANGE
;Z:6.6
;HEIGHT:0.2
;BEFORE_LAYER_CHANGE
G92 E0.0
;6.6


G1 Z6.400 F720 ; simple layer change
;AFTER_LAYER_CHANGE
;6.6
M204 P1500 ; adjust acceleration
G1 F600
G1 Z6.403 X175.684 Y182.041 E0.01358 ; perimeter
G1 Z6.406 X175.504 Y181.609 E0.01584 ; perimeter
G1 Z6.409 X175.368 Y181.160 E0.01588 ; perimeter
G1 Z6.412 X175.277 Y180.701 E0.01584 ; perimeter
G1 Z6.415 X175.231 Y180.234 E0.01588 ; perimeter
G1 Z6.418 X175.231 Y179.766 E0.01584 ; perimeter
G1 Z6.421 X175.277 Y179.299 E0.01588 ; perimeter
G1 Z6.425 X175.368 Y178.840 E0.01584 ; perimeter
G1 Z6.428 X175.504 Y178.391 E0.01588 ; perimeter
G1 Z6.431 X175.684 Y177.959 E0.01584 ; perimeter
G1 Z6.434 X175.905 Y177.545 E0.01589 ; perimeter
G1 Z6.437 X176.165 Y177.156 E0.01584 ; perimeter
M104.1 T1 P60 Q60 S260
G1 Z6.440 X176.462 Y176.793 E0.01588 ; perimeter
G1 Z6.443 X176.793 Y176.462 E0.01584 ; perimeter
G1 Z6.446 X177.156 Y176.165 E0.01588 ; perimeter
G1 Z6.450 X177.545 Y175.905 E0.01584 ; perimeter
G1 Z6.453 X177.959 Y175.684 E0.01589 ; perimeter
G1 Z6.456 X178.391 Y175.504 E0.01584 ; perimeter
G1 Z6.459 X178.840 Y175.368 E0.01588 ; perimeter
G1 Z6.462 X179.299 Y175.277 E0.01584 ; perimeter
G1 Z6.465 X179.766 Y175.231 E0.01588 ; perimeter
G1 Z6.468 X180.153 Y175.229 E0.01310 ; perimeter
G1 Z6.470 X180.469 Y175.248 E0.01072 ; perimeter
G1 Z6.471 X180.698 Y175.276 E0.00781 ; perimeter
G1 Z6.475 X181.160 Y175.368 E0.01595 ; perimeter
G1 Z6.478 X181.609 Y175.504 E0.01588 ; perimeter
G1 Z6.481 X182.041 Y175.684 E0.01584 ; perimeter
G1 Z6.484 X182.455 Y175.905 E0.01589 ; perimeter
G1 Z6.487 X182.844 Y176.165 E0.01584 ; perimeter
G1 Z6.490 X183.207 Y176.462 E0.01588 ; perimeter
M73 Q35 S3
G1 Z6.493 X183.538 Y176.793 E0.01584 ; perimeter
G1 Z6.496 X183.835 Y177.156 E0.01588 ; perimeter
G1 Z6.500 X184.095 Y177.545 E0.01584 ; perimeter
G1 Z6.503 X184.316 Y177.959 E0.01589 ; perimeter
G1 Z6.506 X184.496 Y178.391 E0.01584 ; perimeter
G1 Z6.509 X184.632 Y178.840 E0.01588 ; perimeter
G1 Z6.512 X184.723 Y179.299 E0.01584 ; perimeter
G1 Z6.515 X184.769 Y179.766 E0.01588 ; perimeter
G1 Z6.518 X184.769 Y180.234 E0.01584 ; perimeter
G1 Z6.521 X184.723 Y180.701 E0.01588 ; perimeter
G1 Z6.525 X184.632 Y181.160 E0.01584 ; perimeter
G1 Z6.528 X184.496 Y181.609 E0.01588 ; perimeter
G1 Z6.531 X184.316 Y182.041 E0.01584 ; perimeter
G1 Z6.534 X184.095 Y182.455 E0.01589 ; perimeter
G1 Z6.537 X183.835 Y182.844 E0.01584 ; perimeter
G1 Z6.540 X183.538 Y183.207 E0.01588 ; perimeter
G1 Z6.543 X183.207 Y183.538 E0.01584 ; perimeter
G1 Z6.546 X182.844 Y183.835 E0.01588 ; perimeter
G1 Z6.550 X182.455 Y184.095 E0.01584 ; perimeter
G1 Z6.553 X182.041 Y184.316 E0.01589 ; perimeter
G1 Z6.556 X181.609 Y184.496 E0.01584 ; perimeter
G1 Z6.559 X181.160 Y184.632 E0.01588 ; perimeter
G1 Z6.562 X180.701 Y184.723 E0.01584 ; perimeter
G1 Z6.565 X180.234 Y184.769 E0.01588 ; perimeter
G1 Z6.568 X179.766 Y184.769 E0.01584 ; perimeter
G1 Z6.571 X179.299 Y184.723 E0.01588 ; perimeter
G1 Z6.575 X178.840 Y184.632 E0.01584 ; perimeter
G1 Z6.578 X178.391 Y184.496 E0.01588 ; perimeter
G1 Z6.581 X177.959 Y184.316 E0.01584 ; perimeter
G1 Z6.584 X177.545 Y184.095 E0.01589 ; perimeter
G1 Z6.587 X177.156 Y183.835 E0.01584 ; perimeter
G1 Z6.590 X176.793 Y183.538 E0.01588 ; perimeter
G1 Z6.593 X176.462 Y183.207 E0.01584 ; perimeter
G1 Z6.596 X176.165 Y182.844 E0.01588 ; perimeter
G1 Z6.600 X175.905 Y182.455 E0.01584 ; perimeter
M73 P35 R3
G1 Z6.600 X175.873 Y182.395 E0.00230 ; perimeter
M204 P2500 ; adjust acceleration
;LAYER_CHANGE
;Z:6.8
;HEIGHT:0.2
;BEFORE_LAYER_CHANGE
G92 E0.0
;6.8


G1 Z6.600 F720 ; simple layer change
;AFTER_LAYER_CHANGE
;6.8
M204 P1500 ; adjust acceleration
G1 F600
G1 Z6.603 X175.684 Y182.041 E0.01358 ; perimeter
G1 Z6.606 X175.504 Y181.609 E0.01584 ; perimeter
G1 Z6.609 X175.368 Y181.160 E0.01588 ; perimeter
G1 Z6.612 X175.277 Y180.701 E0.01584 ; perimeter
G1 Z6.615 X175.231 Y180.234 E0.01588 ; perimeter
G1 Z6.618 X175.231 Y179.766 E0.01584 ; perimeter
G1 Z6.621 X175.277 Y179.299 E0.01588 ; perimeter
G1 Z6.625 X175.368 Y178.840 E0.01584 ; perimeter
G1 Z6.628 X175.504 Y178.391 E0.01588 ; perimeter
G1 Z6.631 X175.684 Y177.959 E0.01584 ; perimeter
G1 Z6.634 X175.905 Y177.545 E0.01589 ; perimeter
G1 Z6.637 X176.165 Y177.156 E0.01584 ; perimeter
G1 Z6.640 X176.462 Y176.793 E0.01588 ; perimeter
G1 Z6.643 X176.793 Y176.462 E0.01584 ; perimeter
G1 Z6.646 X177.156 Y176.165 E0.01588 ; perimeter
G1 Z6.650 X177.545 Y175.905 E0.01584 ; perimeter
G1 Z6.653 X177.959 Y175.684 E0.01589 ; perimeter
G1 Z6.656 X178.391 Y175.504 E0.01584 ; perimeter
G1 Z6.659 X178.840 Y175.368 E0.01588 ; perimeter
G1 Z6.662 X179.299 Y175.277 E0.01584 ; perimeter
G1 Z6.665 X179.766 Y175.231 E0.01588 ; perimeter
G1 Z6.668 X180.158 Y175.229 E0.01327 ; perimeter
G1 Z6.670 X180.469 Y175.248 E0.01055 ; perimeter
G1 Z6.671 X180.698 Y175.276 E0.00781 ; perimeter
G1 Z6.675 X181.160 Y175.368 E0.01595 ; perimeter
G1 Z6.678 X181.609 Y175.504 E0.01588 ; perimeter
G1 Z6.681 X182.041 Y175.684 E0.01584 ; perimeter
G1 Z6.684 X182.455 Y175.905 E0.01589 ; perimeter
G1 Z6.687 X182.844 Y176.165 E0.01584 ; perimeter
G1 Z6.690 X183.207 Y176.462 E0.01588 ; perimeter
G1 Z6.693 X183.538 Y176.793 E0.01584 ; perimeter
G1 Z6.696 X183.835 Y177.156 E0.01588 ; perimeter
G1 Z6.700 X184.095 Y177.545 E0.01584 ; perimeter
G1 Z6.703 X184.316 Y177.959 E0.01589 ; perimeter
G1 Z6.706 X184.496 Y178.391 E0.01584 ; perimeter
G1 Z6.709 X184.632 Y178.840 E0.01588 ; perimeter
G1 Z6.712 X184.723 Y179.299 E0.01584 ; perimeter
G1 Z6.715 X184.769 Y179.766 E0.01588 ; perimeter
G1 Z6.718 X184.769 Y180.234 E0.01584 ; perimeter
M73 Q36 S3
G1 Z6.721 X184.723 Y180.701 E0.01588 ; perimeter
G1 Z6.725 X184.632 Y181.160 E0.01584 ; perimeter
G1 Z6.728 X184.496 Y181.609 E0.01588 ; perimeter
G1 Z6.731 X184.316 Y182.041 E0.01584 ; perimeter
G1 Z6.734 X184.095 Y182.455 E0.01589 ; perimeter
G1 Z6.737 X183.835 Y182.844 E0.01584 ; perimeter
G1 Z6.740 X183.538 Y183.207 E0.01588 ; perimeter
G1 Z6.743 X183.207 Y183.538 E0.01584 ; perimeter
G1 Z6.746 X182.844 Y183.835 E0.01588 ; perimeter
G1 Z6.750 X182.455 Y184.095 E0.01584 ; perimeter
G1 Z6.753 X182.041 Y184.316 E0.01589 ; perimeter
G1 Z6.756 X181.609 Y184.496 E0.01584 ; perimeter
G1 Z6.759 X181.160 Y184.632 E0.01588 ; perimeter
G1 Z6.762 X180.701 Y184.723 E0.01584 ; perimeter
G1 Z6.765 X180.234 Y184.769 E0.01588 ; perimeter
G1 Z6.768 X179.766 Y184.769 E0.01584 ; perimeter
G1 Z6.771 X179.299 Y184.723 E0.01588 ; perimeter
G1 Z6.775 X178.840 Y184.632 E0.01584 ; perimeter
G1 Z6.778 X178.391 Y184.496 E0.01588 ; perimeter
G1 Z6.781 X177.959 Y184.316 E0.01584 ; perimeter
G1 Z6.784 X177.545 Y184.095 E0.01589 ; perimeter
G1 Z6.787 X177.156 Y183.835 E0.01584 ; perimeter
G1 Z6.790 X176.793 Y183.538 E0.01588 ; perimeter
G1 Z6.793 X176.462 Y183.207 E0.01584 ; perimeter
G1 Z6.796 X176.165 Y182.844 E0.01588 ; perimeter
G1 Z6.800 X175.905 Y182.455 E0.01584 ; perimeter
G1 Z6.800 X175.873 Y182.395 E0.00230 ; perimeter
M204 P2500 ; adjust acceleration
;LAYER_CHANGE
;Z:7
;HEIGHT:0.2
;BEFORE_LAYER_CHANGE
G92 E0.0
;7


G1 Z6.800 F720 ; simple layer change
;AFTER_LAYER_CHANGE
;7
M204 P1500 ; adjust acceleration
G1 F600
G1 Z6.803 X175.684 Y182.041 E0.01358 ; perimeter
G1 Z6.806 X175.504 Y181.609 E0.01584 ; perimeter
G1 Z6.809 X175.368 Y181.160 E0.01588 ; perimeter
G1 Z6.812 X175.277 Y180.701 E0.01584 ; perimeter
G1 Z6.815 X175.231 Y180.234 E0.01588 ; perimeter
G1 Z6.818 X175.231 Y179.766 E0.01584 ; perimeter
G1 Z6.821 X175.277 Y179.299 E0.01588 ; perimeter
G1 Z6.825 X175.368 Y178.840 E0.01584 ; perimeter
M73 P36 R3
G1 Z6.828 X175.504 Y178.391 E0.01588 ; perimeter
G1 Z6.831 X175.684 Y177.959 E0.01584 ; perimeter
G1 Z6.834 X175.905 Y177.545 E0.01589 ; perimeter
G1 Z6.837 X176.165 Y177.156 E0.01584 ; perimeter
G1 Z6.840 X176.462 Y176.793 E0.01588 ; perimeter
G1 Z6.843 X176.793 Y176.462 E0.01584 ; perimeter
G1 Z6.846 X177.156 Y176.165 E0.01588 ; perimeter
G1 Z6.850 X177.545 Y175.905 E0.01584 ; perimeter
G1 Z6.853 X177.959 Y175.684 E0.01589 ; perimeter
G1 Z6.856 X178.391 Y175.504 E0.01584 ; perimeter
G1 Z6.859 X178.840 Y175.368 E0.01588 ; perimeter
G1 Z6.862 X179.299 Y175.277 E0.01584 ; perimeter
G1 Z6.865 X179.766 Y175.231 E0.01588 ; perimeter
G1 Z6.868 X180.163 Y175.229 E0.01344 ; perimeter
G1 Z6.870 X180.469 Y175.248 E0.01038 ; perimeter
G1 Z6.871 X180.698 Y175.276 E0.00781 ; perimeter
G1 Z6.875 X181.160 Y175.368 E0.01595 ; perimeter
G1 Z6.878 X181.609 Y175.504 E0.01588 ; perimeter
G1 Z6.881 X182.041 Y175.684 E0.01584 ; perimeter
G1 Z6.884 X182.455 Y175.905 E0.01589 ; perimeter
G1 Z6.887 X182.844 Y176.165 E0.01584 ; perimeter
G1 Z6.890 X183.207 Y176.462 E0.01588 ; perimeter
G1 Z6.893 X183.538 Y176.793 E0.01584 ; perimeter
G1 Z6.896 X183.835 Y177.156 E0.01588 ; perimeter
G1 Z6.900 X184.095 Y177.545 E0.01584 ; perimeter
G1 Z6.903 X184.316 Y177.959 E0.01589 ; perimeter
G1 Z6.906 X184.496 Y178.391 E0.01584 ; perimeter
G1 Z6.909 X184.632 Y178.840 E0.01588 ; perimeter
G1 Z6.912 X184.723 Y179.299 E0.01584 ; perimeter
G1 Z6.915 X184.769 Y179.766 E0.01588 ; perimeter
G1 Z6.918 X184.769 Y180.234 E0.01584 ; perimeter
G1 Z6.921 X184.723 Y180.701 E0.01588 ; perimeter
G1 Z6.925 X184.632 Y181.160 E0.01584 ; perimeter
G1 Z6.928 X184.496 Y181.609 E0.01588 ; perimeter
G1 Z6.931 X184.316 Y182.041 E0.01584 ; perimeter
G1 Z6.934 X184.095 Y182.455 E0.01589 ; perimeter
G1 Z6.937 X183.835 Y182.844 E0.01584 ; perimeter
G1 Z6.940 X183.538 Y183.207 E0.01588 ; perimeter
G1 Z6.943 X183.207 Y183.538 E0.01584 ; perimeter
M73 Q37 S3
G1 Z6.946 X182.844 Y183.835 E0.01588 ; perimeter
G1 Z6.950 X182.455 Y184.095 E0.01584 ; perimeter
G1 Z6.953 X182.041 Y184.316 E0.01589 ; perimeter
G1 Z6.956 X181.609 Y184.496 E0.01584 ; perimeter
G1 Z6.959 X181.160 Y184.632 E0.01588 ; perimeter
G1 Z6.962 X180.701 Y184.723 E0.01584 ; perimeter
G1 Z6.965 X180.234 Y184.769 E0.01588 ; perimeter
G1 Z6.968 X179.766 Y184.769 E0.01584 ; perimeter
G1 Z6.971 X179.299 Y184.723 E0.01588 ; perimeter
G1 Z6.975 X178.840 Y184.632 E0.01584 ; perimeter
G1 Z6.978 X178.391 Y184.496 E0.01588 ; perimeter
G1 Z6.981 X177.959 Y184.316 E0.01584 ; perimeter
G1 Z6.984 X177.545 Y184.095 E0.01589 ; perimeter
G1 Z6.987 X177.156 Y183.835 E0.01584 ; perimeter
G1 Z6.990 X176.793 Y183.538 E0.01588 ; perimeter
G1 Z6.993 X176.462 Y183.207 E0.01584 ; perimeter
G1 Z6.996 X176.165 Y182.844 E0.01588 ; perimeter
G1 Z7.000 X175.905 Y182.455 E0.01584 ; perimeter
G1 Z7.000 X175.873 Y182.395 E0.00230 ; perimeter
M204 P2500 ; adjust acceleration
;LAYER_CHANGE
;Z:7.2
;HEIGHT:0.2
;BEFORE_LAYER_CHANGE
G92 E0.0
;7.2


G1 Z7.000 F720 ; simple layer change
;AFTER_LAYER_CHANGE
;7.2
M204 P1500 ; adjust acceleration
G1 F600
G1 Z7.003 X175.684 Y182.041 E0.01358 ; perimeter
G1 Z7.006 X175.504 Y181.609 E0.01584 ; perimeter
G1 Z7.009 X175.368 Y181.160 E0.01588 ; perimeter
G1 Z7.012 X175.277 Y180.701 E0.01584 ; perimeter
G1 Z7.015 X175.231 Y180.234 E0.01588 ; perimeter
G1 Z7.018 X175.231 Y179.766 E0.01584 ; perimeter
G1 Z7.021 X175.277 Y179.299 E0.01588 ; perimeter
G1 Z7.025 X175.368 Y178.840 E0.01584 ; perimeter
G1 Z7.028 X175.504 Y178.391 E0.01588 ; perimeter
G1 Z7.031 X175.684 Y177.959 E0.01584 ; perimeter
G1 Z7.034 X175.905 Y177.545 E0.01589 ; perimeter
G1 Z7.037 X176.165 Y177.156 E0.01584 ; perimeter
G1 Z7.040 X176.462 Y176.794 E0.01585 ; perimeter
G1 Z7.043 X176.793 Y176.462 E0.01587 ; perimeter
G1 Z7.046 X177.156 Y176.165 E0.01588 ; perimeter
G1 Z7.050 X177.545 Y175.905 E0.01584 ; perimeter
M73 P37 R3
G1 Z7.053 X177.959 Y175.684 E0.01589 ; perimeter
G1 Z7.056 X178.391 Y175.504 E0.01584 ; perimeter
G1 Z7.059 X178.840 Y175.368 E0.01588 ; perimeter
G1 Z7.062 X179.299 Y175.277 E0.01584 ; perimeter
G1 Z7.065 X179.766 Y175.231 E0.01588 ; perimeter
G1 Z7.068 X180.168 Y175.229 E0.01361 ; perimeter
G1 Z7.070 X180.469 Y175.248 E0.01021 ; perimeter
G1 Z7.071 X180.698 Y175.276 E0.00781 ; perimeter
G1 Z7.075 X181.160 Y175.368 E0.01595 ; perimeter
G1 Z7.078 X181.609 Y175.504 E0.01588 ; perimeter
G1 Z7.081 X182.041 Y175.684 E0.01584 ; perimeter
G1 Z7.084 X182.455 Y175.905 E0.01589 ; perimeter
G1 Z7.087 X182.844 Y176.165 E0.01584 ; perimeter
G1 Z7.090 X183.207 Y176.462 E0.01588 ; perimeter
G1 Z7.093 X183.538 Y176.793 E0.01584 ; perimeter
G1 Z7.096 X183.835 Y177.156 E0.01588 ; perimeter
G1 Z7.100 X184.095 Y177.545 E0.01584 ; perimeter
G1 Z7.103 X184.316 Y177.959 E0.01589 ; perimeter
G1 Z7.106 X184.496 Y178.391 E0.01584 ; perimeter
G1 Z7.109 X184.632 Y178.840 E0.01588 ; perimeter
G1 Z7.112 X184.723 Y179.299 E0.01584 ; perimeter
G1 Z7.115 X184.769 Y179.766 E0.01588 ; perimeter
G1 Z7.118 X184.769 Y180.234 E0.01584 ; perimeter
G1 Z7.121 X184.723 Y180.701 E0.01588 ; perimeter
G1 Z7.125 X184.632 Y181.160 E0.01584 ; perimeter
G1 Z7.128 X184.496 Y181.609 E0.01588 ; perimeter
G1 Z7.131 X184.316 Y182.041 E0.01584 ; perimeter
G1 Z7.134 X184.095 Y182.455 E0.01589 ; perimeter
G1 Z7.137 X183.835 Y182.844 E0.01584 ; perimeter
G1 Z7.140 X183.538 Y183.207 E0.01588 ; perimeter
G1 Z7.143 X183.207 Y183.538 E0.01584 ; perimeter
G1 Z7.146 X182.844 Y183.835 E0.01588 ; perimeter
G1 Z7.150 X182.455 Y184.095 E0.01584 ; perimeter
G1 Z7.153 X182.041 Y184.316 E0.01589 ; perimeter
G1 Z7.156 X181.609 Y184.496 E0.01584 ; perimeter
G1 Z7.159 X181.160 Y184.632 E0.01588 ; perimeter
G1 Z7.162 X180.701 Y184.723 E0.01584 ; perimeter
G1 Z7.165 X180.234 Y184.769 E0.01588 ; perimeter
G1 Z7.168 X179.766 Y184.769 E0.01584 ; perimeter
G1 Z7.171 X179.299 Y184.723 E0.01588 ; perimeter
M73 Q38 S3
G1 Z7.175 X178.840 Y184.632 E0.01584 ; perimeter
G1 Z7.178 X178.391 Y184.496 E0.01588 ; perimeter
G1 Z7.181 X177.959 Y184.316 E0.01584 ; perimeter
G1 Z7.184 X177.545 Y184.095 E0.01589 ; perimeter
G1 Z7.187 X177.156 Y183.835 E0.01584 ; perimeter
G1 Z7.190 X176.793 Y183.538 E0.01588 ; perimeter
G1 Z7.193 X176.462 Y183.206 E0.01587 ; perimeter
G1 Z7.196 X176.165 Y182.844 E0.01585 ; perimeter
G1 Z7.200 X175.905 Y182.455 E0.01584 ; perimeter
G1 Z7.200 X175.873 Y182.395 E0.00230 ; perimeter
M204 P2500 ; adjust acceleration
;LAYER_CHANGE
;Z:7.4
;HEIGHT:0.2
;BEFORE_LAYER_CHANGE
G92 E0.0
;7.4


G1 Z7.200 F720 ; simple layer change
;AFTER_LAYER_CHANGE
;7.4
M204 P1500 ; adjust acceleration
G1 F600
G1 Z7.203 X175.684 Y182.041 E0.01358 ; perimeter
G1 Z7.206 X175.504 Y181.609 E0.01584 ; perimeter
G1 Z7.209 X175.368 Y181.160 E0.01588 ; perimeter
G1 Z7.212 X175.277 Y180.701 E0.01584 ; perimeter
G1 Z7.215 X175.231 Y180.234 E0.01588 ; perimeter
G1 Z7.218 X175.231 Y179.766 E0.01584 ; perimeter
G1 Z7.221 X175.277 Y179.299 E0.01588 ; perimeter
G1 Z7.225 X175.368 Y178.840 E0.01584 ; perimeter
G1 Z7.228 X175.504 Y178.391 E0.01588 ; perimeter
G1 Z7.231 X175.684 Y177.959 E0.01584 ; perimeter
G1 Z7.234 X175.905 Y177.545 E0.01589 ; perimeter
G1 Z7.237 X176.165 Y177.156 E0.01584 ; perimeter
M104.1 T1 P48 Q48 S260
G1 Z7.240 X176.462 Y176.794 E0.01585 ; perimeter
G1 Z7.243 X176.794 Y176.462 E0.01589 ; perimeter
G1 Z7.246 X177.156 Y176.165 E0.01585 ; perimeter
G1 Z7.250 X177.545 Y175.905 E0.01584 ; perimeter
G1 Z7.253 X177.959 Y175.684 E0.01589 ; perimeter
G1 Z7.256 X178.391 Y175.504 E0.01584 ; perimeter
G1 Z7.259 X178.840 Y175.368 E0.01588 ; perimeter
G1 Z7.262 X179.299 Y175.277 E0.01584 ; perimeter
G1 Z7.265 X179.766 Y175.231 E0.01588 ; perimeter
G1 Z7.268 X180.172 Y175.229 E0.01374 ; perimeter
G1 Z7.270 X180.469 Y175.248 E0.01007 ; perimeter
G1 Z7.271 X180.698 Y175.276 E0.00781 ; perimeter
G1 Z7.275 X181.160 Y175.368 E0.01595 ; perimeter
M73 P38 R3
G1 Z7.278 X181.609 Y175.504 E0.01588 ; perimeter
G1 Z7.281 X182.041 Y175.684 E0.01584 ; perimeter
G1 Z7.284 X182.455 Y175.905 E0.01589 ; perimeter
G1 Z7.287 X182.844 Y176.165 E0.01584 ; perimeter
G1 Z7.290 X183.207 Y176.462 E0.01588 ; perimeter
G1 Z7.293 X183.538 Y176.794 E0.01587 ; perimeter
G1 Z7.296 X183.835 Y177.156 E0.01585 ; perimeter
G1 Z7.300 X184.095 Y177.545 E0.01584 ; perimeter
G1 Z7.303 X184.316 Y177.959 E0.01589 ; perimeter
G1 Z7.306 X184.496 Y178.391 E0.01584 ; perimeter
G1 Z7.309 X184.632 Y178.840 E0.01588 ; perimeter
G1 Z7.312 X184.723 Y179.299 E0.01584 ; perimeter
G1 Z7.315 X184.769 Y179.766 E0.01588 ; perimeter
G1 Z7.318 X184.769 Y180.234 E0.01584 ; perimeter
G1 Z7.321 X184.723 Y180.701 E0.01588 ; perimeter
G1 Z7.325 X184.632 Y181.160 E0.01584 ; perimeter
G1 Z7.328 X184.496 Y181.609 E0.01588 ; perimeter
G1 Z7.331 X184.316 Y182.041 E0.01584 ; perimeter
G1 Z7.334 X184.095 Y182.455 E0.01589 ; perimeter
G1 Z7.337 X183.835 Y182.844 E0.01584 ; perimeter
G1 Z7.340 X183.538 Y183.207 E0.01588 ; perimeter
G1 Z7.343 X183.207 Y183.538 E0.01584 ; perimeter
G1 Z7.346 X182.844 Y183.835 E0.01588 ; perimeter
G1 Z7.350 X182.455 Y184.095 E0.01584 ; perimeter
G1 Z7.353 X182.041 Y184.316 E0.01589 ; perimeter
G1 Z7.356 X181.609 Y184.496 E0.01584 ; perimeter
G1 Z7.359 X181.160 Y184.632 E0.01588 ; perimeter
G1 Z7.362 X180.701 Y184.723 E0.01584 ; perimeter
G1 Z7.365 X180.234 Y184.769 E0.01588 ; perimeter
G1 Z7.368 X179.766 Y184.769 E0.01584 ; perimeter
G1 Z7.371 X179.299 Y184.723 E0.01588 ; perimeter
G1 Z7.375 X178.840 Y184.632 E0.01584 ; perimeter
G1 Z7.378 X178.391 Y184.496 E0.01588 ; perimeter
G1 Z7.381 X177.959 Y184.316 E0.01584 ; perimeter
G1 Z7.384 X177.545 Y184.095 E0.01589 ; perimeter
G1 Z7.387 X177.156 Y183.835 E0.01584 ; perimeter
G1 Z7.390 X176.793 Y183.538 E0.01588 ; perimeter
G1 Z7.393 X176.462 Y183.206 E0.01587 ; perimeter
G1 Z7.396 X176.165 Y182.844 E0.01585 ; perimeter
M73 Q39 S3
G1 Z7.400 X175.905 Y182.455 E0.01584 ; perimeter
G1 Z7.400 X175.873 Y182.395 E0.00230 ; perimeter
M204 P2500 ; adjust acceleration
;LAYER_CHANGE
;Z:7.6
;HEIGHT:0.2
;BEFORE_LAYER_CHANGE
G92 E0.0
;7.6


G1 Z7.400 F720 ; simple layer change
;AFTER_LAYER_CHANGE
;7.6
M204 P1500 ; adjust acceleration
G1 F600
G1 Z7.403 X175.684 Y182.041 E0.01358 ; perimeter
G1 Z7.406 X175.504 Y181.609 E0.01584 ; perimeter
G1 Z7.409 X175.368 Y181.160 E0.01588 ; perimeter
G1 Z7.412 X175.277 Y180.701 E0.01584 ; perimeter
G1 Z7.415 X175.231 Y180.234 E0.01588 ; perimeter
G1 Z7.418 X175.231 Y179.766 E0.01584 ; perimeter
G1 Z7.421 X175.277 Y179.299 E0.01588 ; perimeter
G1 Z7.425 X175.368 Y178.840 E0.01584 ; perimeter
G1 Z7.428 X175.504 Y178.391 E0.01588 ; perimeter
G1 Z7.431 X175.684 Y177.959 E0.01584 ; perimeter
G1 Z7.434 X175.905 Y177.545 E0.01589 ; perimeter
G1 Z7.437 X176.165 Y177.156 E0.01584 ; perimeter
G1 Z7.440 X176.462 Y176.793 E0.01588 ; perimeter
G1 Z7.443 X176.793 Y176.462 E0.01584 ; perimeter
G1 Z7.446 X177.156 Y176.165 E0.01588 ; perimeter
G1 Z7.450 X177.545 Y175.905 E0.01584 ; perimeter
G1 Z7.453 X177.959 Y175.684 E0.01589 ; perimeter
G1 Z7.456 X178.391 Y175.504 E0.01584 ; perimeter
G1 Z7.459 X178.840 Y175.368 E0.01588 ; perimeter
G1 Z7.462 X179.299 Y175.277 E0.01584 ; perimeter
G1 Z7.465 X179.766 Y175.231 E0.01588 ; perimeter
G1 Z7.468 X180.177 Y175.230 E0.01391 ; perimeter
G1 Z7.470 X180.469 Y175.248 E0.00990 ; perimeter
G1 Z7.471 X180.698 Y175.276 E0.00781 ; perimeter
G1 Z7.475 X181.160 Y175.368 E0.01595 ; perimeter
G1 Z7.478 X181.609 Y175.504 E0.01588 ; perimeter
G1 Z7.481 X182.041 Y175.684 E0.01584 ; perimeter
G1 Z7.484 X182.455 Y175.905 E0.01589 ; perimeter
G1 Z7.487 X182.844 Y176.165 E0.01584 ; perimeter
G1 Z7.490 X183.207 Y176.462 E0.01588 ; perimeter
G1 Z7.493 X183.538 Y176.793 E0.01584 ; perimeter
G1 Z7.496 X183.835 Y177.156 E0.01588 ; perimeter
G1 Z7.500 X184.095 Y177.545 E0.01584 ; perimeter
M73 P39 R3
G1 Z7.503 X184.316 Y177.959 E0.01589 ; perimeter
G1 Z7.506 X184.496 Y178.391 E0.01584 ; perimeter
G1 Z7.509 X184.632 Y178.840 E0.01588 ; perimeter
G1 Z7.512 X184.723 Y179.299 E0.01584 ; perimeter
G1 Z7.515 X184.769 Y179.766 E0.01588 ; perimeter
G1 Z7.518 X184.769 Y180.234 E0.01584 ; perimeter
G1 Z7.521 X184.723 Y180.701 E0.01588 ; perimeter
G1 Z7.525 X184.632 Y181.160 E0.01584 ; perimeter
G1 Z7.528 X184.496 Y181.609 E0.01588 ; perimeter
G1 Z7.531 X184.316 Y182.041 E0.01584 ; perimeter
G1 Z7.534 X184.095 Y182.455 E0.01589 ; perimeter
G1 Z7.537 X183.835 Y182.844 E0.01584 ; perimeter
G1 Z7.540 X183.538 Y183.207 E0.01588 ; perimeter
G1 Z7.543 X183.207 Y183.538 E0.01584 ; perimeter
G1 Z7.546 X182.844 Y183.835 E0.01588 ; perimeter
G1 Z7.550 X182.455 Y184.095 E0.01584 ; perimeter
G1 Z7.553 X182.041 Y184.316 E0.01589 ; perimeter
G1 Z7.556 X181.609 Y184.496 E0.01584 ; perimeter
G1 Z7.559 X181.160 Y184.632 E0.01588 ; perimeter
G1 Z7.562 X180.701 Y184.723 E0.01584 ; perimeter
G1 Z7.565 X180.234 Y184.769 E0.01588 ; perimeter
G1 Z7.568 X179.766 Y184.769 E0.01584 ; perimeter
G1 Z7.571 X179.299 Y184.723 E0.01588 ; perimeter
G1 Z7.575 X178.840 Y184.632 E0.01584 ; perimeter
G1 Z7.578 X178.391 Y184.496 E0.01588 ; perimeter
G1 Z7.581 X177.959 Y184.316 E0.01584 ; perimeter
G1 Z7.584 X177.545 Y184.095 E0.01589 ; perimeter
G1 Z7.587 X177.156 Y183.835 E0.01584 ; perimeter
G1 Z7.590 X176.793 Y183.538 E0.01588 ; perimeter
G1 Z7.593 X176.462 Y183.207 E0.01584 ; perimeter
G1 Z7.596 X176.165 Y182.844 E0.01588 ; perimeter
G1 Z7.600 X175.905 Y182.455 E0.01584 ; perimeter
G1 Z7.600 X175.873 Y182.395 E0.00230 ; perimeter
M204 P2500 ; adjust acceleration
;LAYER_CHANGE
;Z:7.8
;HEIGHT:0.2
;BEFORE_LAYER_CHANGE
G92 E0.0
;7.8


G1 Z7.600 F720 ; simple layer change
;AFTER_LAYER_CHANGE
;7.8
M204 P1500 ; adjust acceleration
G1 F600
G1 Z7.603 X175.684 Y182.041 E0.01358 ; perimeter
G1 Z7.606 X175.504 Y181.609 E0.01584 ; perimeter
G1 Z7.609 X175.368 Y181.160 E0.01588 ; perimeter
G1 Z7.612 X175.277 Y180.701 E0.01584 ; perimeter
G1 Z7.615 X175.231 Y180.234 E0.01588 ; perimeter
G1 Z7.618 X175.231 Y179.766 E0.01584 ; perimeter
G1 Z7.621 X175.277 Y179.299 E0.01588 ; perimeter
G1 Z7.625 X175.368 Y178.840 E0.01584 ; perimeter
M73 Q40 S3
G1 Z7.628 X175.504 Y178.391 E0.01588 ; perimeter
G1 Z7.631 X175.684 Y177.959 E0.01584 ; perimeter
G1 Z7.634 X175.905 Y177.545 E0.01589 ; perimeter
G1 Z7.637 X176.165 Y177.156 E0.01584 ; perimeter
G1 Z7.640 X176.462 Y176.793 E0.01588 ; perimeter
G1 Z7.643 X176.793 Y176.462 E0.01584 ; perimeter
G1 Z7.646 X177.156 Y176.165 E0.01588 ; perimeter
G1 Z7.650 X177.545 Y175.905 E0.01584 ; perimeter
G1 Z7.653 X177.959 Y175.684 E0.01589 ; perimeter
G1 Z7.656 X178.391 Y175.504 E0.01584 ; perimeter
G1 Z7.659 X178.840 Y175.368 E0.01588 ; perimeter
G1 Z7.662 X179.299 Y175.277 E0.01584 ; perimeter
G1 Z7.665 X179.766 Y175.231 E0.01588 ; perimeter
G1 Z7.668 X180.179 Y175.230 E0.01398 ; perimeter
G1 Z7.671 X180.701 Y175.277 E0.01774 ; perimeter
G1 Z7.675 X181.160 Y175.368 E0.01584 ; perimeter
G1 Z7.678 X181.609 Y175.504 E0.01588 ; perimeter
G1 Z7.681 X182.041 Y175.684 E0.01584 ; perimeter
G1 Z7.684 X182.455 Y175.905 E0.01589 ; perimeter
G1 Z7.687 X182.844 Y176.165 E0.01584 ; perimeter
G1 Z7.690 X183.207 Y176.462 E0.01588 ; perimeter
G1 Z7.693 X183.538 Y176.793 E0.01584 ; perimeter
G1 Z7.696 X183.835 Y177.156 E0.01588 ; perimeter
G1 Z7.700 X184.095 Y177.545 E0.01584 ; perimeter
G1 Z7.703 X184.316 Y177.959 E0.01589 ; perimeter
G1 Z7.706 X184.496 Y178.391 E0.01584 ; perimeter
G1 Z7.709 X184.632 Y178.840 E0.01588 ; perimeter
G1 Z7.712 X184.723 Y179.299 E0.01584 ; perimeter
G1 Z7.715 X184.769 Y179.766 E0.01588 ; perimeter
G1 Z7.718 X184.769 Y180.234 E0.01584 ; perimeter
G1 Z7.721 X184.723 Y180.701 E0.01588 ; perimeter
G1 Z7.725 X184.632 Y181.160 E0.01584 ; perimeter
M73 P40 R3
G1 Z7.728 X184.496 Y181.609 E0.01588 ; perimeter
G1 Z7.731 X184.316 Y182.041 E0.01584 ; perimeter
G1 Z7.734 X184.095 Y182.455 E0.01589 ; perimeter
G1 Z7.737 X183.835 Y182.844 E0.01584 ; perimeter
G1 Z7.740 X183.538 Y183.207 E0.01588 ; perimeter
G1 Z7.743 X183.207 Y183.538 E0.01584 ; perimeter
G1 Z7.746 X182.844 Y183.835 E0.01588 ; perimeter
G1 Z7.750 X182.455 Y184.095 E0.01584 ; perimeter
G1 Z7.753 X182.041 Y184.316 E0.01589 ; perimeter
G1 Z7.756 X181.609 Y184.496 E0.01584 ; perimeter
G1 Z7.759 X181.160 Y184.632 E0.01588 ; perimeter
G1 Z7.762 X180.701 Y184.723 E0.01584 ; perimeter
G1 Z7.765 X180.234 Y184.769 E0.01588 ; perimeter
G1 Z7.768 X179.766 Y184.769 E0.01584 ; perimeter
G1 Z7.771 X179.299 Y184.723 E0.01588 ; perimeter
G1 Z7.775 X178.840 Y184.632 E0.01584 ; perimeter
G1 Z7.778 X178.391 Y184.496 E0.01588 ; perimeter
G1 Z7.781 X177.959 Y184.316 E0.01584 ; perimeter
G1 Z7.784 X177.545 Y184.095 E0.01589 ; perimeter
G1 Z7.787 X177.156 Y183.835 E0.01584 ; perimeter
G1 Z7.790 X176.793 Y183.538 E0.01588 ; perimeter
G1 Z7.793 X176.462 Y183.207 E0.01584 ; perimeter
G1 Z7.796 X176.165 Y182.844 E0.01588 ; perimeter
G1 Z7.800 X175.905 Y182.455 E0.01584 ; perimeter
G1 Z7.800 X175.873 Y182.395 E0.00230 ; perimeter
M204 P2500 ; adjust acceleration
;LAYER_CHANGE
;Z:8
;HEIGHT:0.2
;BEFORE_LAYER_CHANGE
G92 E0.0
;8


G1 Z7.800 F720 ; simple layer change
;AFTER_LAYER_CHANGE
;8
M204 P1500 ; adjust acceleration
G1 F600
G1 Z7.803 X175.684 Y182.041 E0.01358 ; perimeter
G1 Z7.806 X175.504 Y181.609 E0.01584 ; perimeter
G1 Z7.809 X175.368 Y181.160 E0.01588 ; perimeter
G1 Z7.812 X175.277 Y180.701 E0.01584 ; perimeter
G1 Z7.815 X175.231 Y180.234 E0.01588 ; perimeter
G1 Z7.818 X175.231 Y179.766 E0.01584 ; perimeter
G1 Z7.821 X175.277 Y179.299 E0.01588 ; perimeter
G1 Z7.825 X175.368 Y178.840 E0.01584 ; perimeter
G1 Z7.828 X175.504 Y178.391 E0.01588 ; perimeter
G1 Z7.831 X175.684 Y177.959 E0.01584 ; perimeter
G1 Z7.834 X175.905 Y177.545 E0.01589 ; perimeter
G1 Z7.837 X176.165 Y177.156 E0.01584 ; perimeter
G1 Z7.840 X176.462 Y176.794 E0.01585 ; perimeter
G1 Z7.843 X176.794 Y176.462 E0.01589 ; perimeter
G1 Z7.846 X177.156 Y176.165 E0.01585 ; perimeter
G1 Z7.850 X177.545 Y175.905 E0.01584 ; perimeter
G1 Z7.853 X177.959 Y175.684 E0.01589 ; perimeter
M73 Q41 S3
G1 Z7.856 X178.391 Y175.504 E0.01584 ; perimeter
G1 Z7.859 X178.840 Y175.368 E0.01588 ; perimeter
G1 Z7.862 X179.299 Y175.277 E0.01584 ; perimeter
G1 Z7.865 X179.766 Y175.231 E0.01588 ; perimeter
G1 Z7.868 X180.184 Y175.230 E0.01415 ; perimeter
G1 Z7.871 X180.701 Y175.277 E0.01757 ; perimeter
G1 Z7.875 X181.160 Y175.368 E0.01584 ; perimeter
G1 Z7.878 X181.609 Y175.504 E0.01588 ; perimeter
G1 Z7.881 X182.041 Y175.684 E0.01584 ; perimeter
G1 Z7.884 X182.455 Y175.905 E0.01589 ; perimeter
G1 Z7.887 X182.844 Y176.165 E0.01584 ; perimeter
G1 Z7.890 X183.206 Y176.462 E0.01585 ; perimeter
G1 Z7.893 X183.538 Y176.794 E0.01589 ; perimeter
G1 Z7.896 X183.835 Y177.156 E0.01585 ; perimeter
G1 Z7.900 X184.095 Y177.545 E0.01584 ; perimeter
G1 Z7.903 X184.316 Y177.959 E0.01589 ; perimeter
G1 Z7.906 X184.496 Y178.391 E0.01584 ; perimeter
G1 Z7.909 X184.632 Y178.840 E0.01588 ; perimeter
G1 Z7.912 X184.723 Y179.299 E0.01584 ; perimeter
G1 Z7.915 X184.769 Y179.766 E0.01588 ; perimeter
G1 Z7.918 X184.769 Y180.234 E0.01584 ; perimeter
G1 Z7.921 X184.723 Y180.701 E0.01588 ; perimeter
G1 Z7.925 X184.632 Y181.160 E0.01584 ; perimeter
G1 Z7.928 X184.496 Y181.609 E0.01588 ; perimeter
G1 Z7.931 X184.316 Y182.041 E0.01584 ; perimeter
G1 Z7.934 X184.095 Y182.455 E0.01589 ; perimeter
G1 Z7.937 X183.835 Y182.844 E0.01584 ; perimeter
G1 Z7.940 X183.538 Y183.207 E0.01588 ; perimeter
G1 Z7.943 X183.207 Y183.538 E0.01584 ; perimeter
G1 Z7.946 X182.844 Y183.835 E0.01588 ; perimeter
G1 Z7.950 X182.455 Y184.095 E0.01584 ; perimeter
M73 P41 R3
G1 Z7.953 X182.041 Y184.316 E0.01589 ; perimeter
G1 Z7.956 X181.609 Y184.496 E0.01584 ; perimeter
G1 Z7.959 X181.160 Y184.632 E0.01588 ; perimeter
G1 Z7.962 X180.701 Y184.723 E0.01584 ; perimeter
G1 Z7.965 X180.234 Y184.769 E0.01588 ; perimeter
G1 Z7.968 X179.766 Y184.769 E0.01584 ; perimeter
G1 Z7.971 X179.299 Y184.723 E0.01588 ; perimeter
G1 Z7.975 X178.840 Y184.632 E0.01584 ; perimeter
G1 Z7.978 X178.391 Y184.496 E0.01588 ; perimeter
G1 Z7.981 X177.959 Y184.316 E0.01584 ; perimeter
G1 Z7.984 X177.545 Y184.095 E0.01589 ; perimeter
G1 Z7.987 X177.156 Y183.835 E0.01584 ; perimeter
G1 Z7.990 X176.794 Y183.538 E0.01585 ; perimeter
G1 Z7.993 X176.462 Y183.206 E0.01589 ; perimeter
G1 Z7.996 X176.165 Y182.844 E0.01585 ; perimeter
G1 Z8.000 X175.905 Y182.455 E0.01584 ; perimeter
G1 Z8.000 X175.873 Y182.395 E0.00230 ; perimeter
M204 P2500 ; adjust acceleration
;LAYER_CHANGE
;Z:8.2
;HEIGHT:0.2
;BEFORE_LAYER_CHANGE
G92 E0.0
;8.2


G1 Z8.000 F720 ; simple layer change
;AFTER_LAYER_CHANGE
;8.2
M204 P1500 ; adjust acceleration
G1 F600
G1 Z8.003 X175.684 Y182.041 E0.01358 ; perimeter
G1 Z8.006 X175.504 Y181.609 E0.01584 ; perimeter
G1 Z8.009 X175.368 Y181.160 E0.01588 ; perimeter
G1 Z8.012 X175.277 Y180.701 E0.01584 ; perimeter
G1 Z8.015 X175.231 Y180.234 E0.01588 ; perimeter
G1 Z8.018 X175.231 Y179.766 E0.01584 ; perimeter
G1 Z8.021 X175.277 Y179.299 E0.01588 ; perimeter
G1 Z8.025 X175.368 Y178.840 E0.01584 ; perimeter
G1 Z8.028 X175.504 Y178.391 E0.01588 ; perimeter
G1 Z8.031 X175.684 Y177.959 E0.01584 ; perimeter
G1 Z8.034 X175.905 Y177.545 E0.01589 ; perimeter
G1 Z8.037 X176.165 Y177.156 E0.01584 ; perimeter
M104.1 T1 P36 Q36 S260
G1 Z8.040 X176.462 Y176.793 E0.01588 ; perimeter
G1 Z8.043 X176.793 Y176.462 E0.01584 ; perimeter
G1 Z8.046 X177.156 Y176.165 E0.01588 ; perimeter
G1 Z8.050 X177.545 Y175.905 E0.01584 ; perimeter
G1 Z8.053 X177.959 Y175.684 E0.01589 ; perimeter
G1 Z8.056 X178.391 Y175.504 E0.01584 ; perimeter
G1 Z8.059 X178.840 Y175.368 E0.01588 ; perimeter
G1 Z8.062 X179.299 Y175.277 E0.01584 ; perimeter
G1 Z8.065 X179.766 Y175.231 E0.01588 ; perimeter
G1 Z8.068 X180.189 Y175.230 E0.01432 ; perimeter
G1 Z8.071 X180.701 Y175.277 E0.01740 ; perimeter
G1 Z8.075 X181.160 Y175.368 E0.01584 ; perimeter
G1 Z8.078 X181.609 Y175.504 E0.01588 ; perimeter
M73 Q42 S3
G1 Z8.081 X182.041 Y175.684 E0.01584 ; perimeter
G1 Z8.084 X182.455 Y175.905 E0.01589 ; perimeter
G1 Z8.087 X182.844 Y176.165 E0.01584 ; perimeter
G1 Z8.090 X183.207 Y176.462 E0.01588 ; perimeter
G1 Z8.093 X183.538 Y176.793 E0.01584 ; perimeter
G1 Z8.096 X183.835 Y177.156 E0.01588 ; perimeter
G1 Z8.100 X184.095 Y177.545 E0.01584 ; perimeter
G1 Z8.103 X184.316 Y177.959 E0.01589 ; perimeter
G1 Z8.106 X184.496 Y178.391 E0.01584 ; perimeter
G1 Z8.109 X184.632 Y178.840 E0.01588 ; perimeter
G1 Z8.112 X184.723 Y179.299 E0.01584 ; perimeter
G1 Z8.115 X184.769 Y179.766 E0.01588 ; perimeter
G1 Z8.118 X184.769 Y180.234 E0.01584 ; perimeter
G1 Z8.121 X184.723 Y180.701 E0.01588 ; perimeter
G1 Z8.125 X184.632 Y181.160 E0.01584 ; perimeter
G1 Z8.128 X184.496 Y181.609 E0.01588 ; perimeter
G1 Z8.131 X184.316 Y182.041 E0.01584 ; perimeter
G1 Z8.134 X184.095 Y182.455 E0.01589 ; perimeter
G1 Z8.137 X183.835 Y182.844 E0.01584 ; perimeter
G1 Z8.140 X183.538 Y183.207 E0.01588 ; perimeter
G1 Z8.143 X183.207 Y183.538 E0.01584 ; perimeter
G1 Z8.146 X182.844 Y183.835 E0.01588 ; perimeter
G1 Z8.150 X182.455 Y184.095 E0.01584 ; perimeter
G1 Z8.153 X182.041 Y184.316 E0.01589 ; perimeter
G1 Z8.156 X181.609 Y184.496 E0.01584 ; perimeter
G1 Z8.159 X181.160 Y184.632 E0.01588 ; perimeter
G1 Z8.162 X180.701 Y184.723 E0.01584 ; perimeter
G1 Z8.165 X180.234 Y184.769 E0.01588 ; perimeter
G1 Z8.168 X179.766 Y184.769 E0.01584 ; perimeter
G1 Z8.171 X179.299 Y184.723 E0.01588 ; perimeter
G1 Z8.175 X178.840 Y184.632 E0.01584 ; perimeter
M73 P42 R3
G1 Z8.178 X178.391 Y184.496 E0.01588 ; perimeter
G1 Z8.181 X177.959 Y184.316 E0.01584 ; perimeter
G1 Z8.184 X177.545 Y184.095 E0.01589 ; perimeter
G1 Z8.187 X177.156 Y183.835 E0.01584 ; perimeter
G1 Z8.190 X176.793 Y183.538 E0.01588 ; perimeter
G1 Z8.193 X176.462 Y183.207 E0.01584 ; perimeter
G1 Z8.196 X176.165 Y182.844 E0.01588 ; perimeter
G1 Z8.200 X175.905 Y182.455 E0.01584 ; perimeter
G1 Z8.200 X175.873 Y182.395 E0.00230 ; perimeter
M204 P2500 ; adjust acceleration
;LAYER_CHANGE
;Z:8.4
;HEIGHT:0.2
;BEFORE_LAYER_CHANGE
G92 E0.0
;8.4


G1 Z8.200 F720 ; simple layer change
;AFTER_LAYER_CHANGE
;8.4
M204 P1500 ; adjust acceleration
G1 F600
G1 Z8.203 X175.684 Y182.041 E0.01358 ; perimeter
G1 Z8.206 X175.504 Y181.609 E0.01584 ; perimeter
G1 Z8.209 X175.368 Y181.160 E0.01588 ; perimeter
G1 Z8.212 X175.277 Y180.701 E0.01584 ; perimeter
G1 Z8.215 X175.231 Y180.234 E0.01588 ; perimeter
G1 Z8.218 X175.231 Y179.766 E0.01584 ; perimeter
G1 Z8.221 X175.277 Y179.299 E0.01588 ; perimeter
G1 Z8.225 X175.368 Y178.840 E0.01584 ; perimeter
G1 Z8.228 X175.504 Y178.391 E0.01588 ; perimeter
G1 Z8.231 X175.684 Y177.959 E0.01584 ; perimeter
G1 Z8.234 X175.905 Y177.545 E0.01589 ; perimeter
G1 Z8.237 X176.165 Y177.156 E0.01584 ; perimeter
G1 Z8.240 X176.462 Y176.794 E0.01585 ; perimeter
G1 Z8.243 X176.794 Y176.462 E0.01589 ; perimeter
G1 Z8.246 X177.156 Y176.165 E0.01585 ; perimeter
G1 Z8.250 X177.545 Y175.905 E0.01584 ; perimeter
G1 Z8.253 X177.959 Y175.684 E0.01589 ; perimeter
G1 Z8.256 X178.391 Y175.504 E0.01584 ; perimeter
G1 Z8.259 X178.840 Y175.368 E0.01588 ; perimeter
G1 Z8.262 X179.299 Y175.277 E0.01584 ; perimeter
G1 Z8.265 X179.766 Y175.231 E0.01588 ; perimeter
G1 Z8.268 X180.193 Y175.230 E0.01445 ; perimeter
G1 Z8.271 X180.701 Y175.277 E0.01727 ; perimeter
G1 Z8.275 X181.160 Y175.368 E0.01584 ; perimeter
G1 Z8.278 X181.609 Y175.504 E0.01588 ; perimeter
G1 Z8.281 X182.041 Y175.684 E0.01584 ; perimeter
G1 Z8.284 X182.455 Y175.905 E0.01589 ; perimeter
G1 Z8.287 X182.844 Y176.165 E0.01584 ; perimeter
G1 Z8.290 X183.207 Y176.462 E0.01588 ; perimeter
G1 Z8.293 X183.538 Y176.793 E0.01584 ; perimeter
G1 Z8.296 X183.835 Y177.156 E0.01588 ; perimeter
G1 Z8.300 X184.095 Y177.545 E0.01584 ; perimeter
G1 Z8.303 X184.316 Y177.959 E0.01589 ; perimeter
G1 Z8.306 X184.496 Y178.391 E0.01584 ; perimeter
M73 Q43 S3
G1 Z8.309 X184.632 Y178.840 E0.01588 ; perimeter
G1 Z8.312 X184.723 Y179.299 E0.01584 ; perimeter
G1 Z8.315 X184.769 Y179.766 E0.01588 ; perimeter
G1 Z8.318 X184.769 Y180.234 E0.01584 ; perimeter
G1 Z8.321 X184.723 Y180.701 E0.01588 ; perimeter
G1 Z8.325 X184.632 Y181.160 E0.01584 ; perimeter
G1 Z8.328 X184.496 Y181.609 E0.01588 ; perimeter
G1 Z8.331 X184.316 Y182.041 E0.01584 ; perimeter
G1 Z8.334 X184.095 Y182.455 E0.01589 ; perimeter
G1 Z8.337 X183.835 Y182.844 E0.01584 ; perimeter
G1 Z8.340 X183.538 Y183.207 E0.01588 ; perimeter
G1 Z8.343 X183.207 Y183.538 E0.01584 ; perimeter
G1 Z8.346 X182.844 Y183.835 E0.01588 ; perimeter
G1 Z8.350 X182.455 Y184.095 E0.01584 ; perimeter
G1 Z8.353 X182.041 Y184.316 E0.01589 ; perimeter
G1 Z8.356 X181.609 Y184.496 E0.01584 ; perimeter
G1 Z8.359 X181.160 Y184.632 E0.01588 ; perimeter
G1 Z8.362 X180.701 Y184.723 E0.01584 ; perimeter
G1 Z8.365 X180.234 Y184.769 E0.01588 ; perimeter
G1 Z8.368 X179.766 Y184.769 E0.01584 ; perimeter
G1 Z8.371 X179.299 Y184.723 E0.01588 ; perimeter
G1 Z8.375 X178.840 Y184.632 E0.01584 ; perimeter
G1 Z8.378 X178.391 Y184.496 E0.01588 ; perimeter
G1 Z8.381 X177.959 Y184.316 E0.01584 ; perimeter
G1 Z8.384 X177.545 Y184.095 E0.01589 ; perimeter
G1 Z8.387 X177.156 Y183.835 E0.01584 ; perimeter
G1 Z8.390 X176.793 Y183.538 E0.01588 ; perimeter
G1 Z8.393 X176.462 Y183.207 E0.01584 ; perimeter
G1 Z8.396 X176.165 Y182.844 E0.01588 ; perimeter
G1 Z8.400 X175.905 Y182.455 E0.01584 ; perimeter
M73 P43 R3
G1 Z8.400 X175.873 Y182.395 E0.00230 ; perimeter
M204 P2500 ; adjust acceleration
;LAYER_CHANGE
;Z:8.6
;HEIGHT:0.200001
;BEFORE_LAYER_CHANGE
G92 E0.0
;8.6


G1 Z8.400 F720 ; simple layer change
;AFTER_LAYER_CHANGE
;8.6
M204 P1500 ; adjust acceleration
G1 F600
G1 Z8.403 X175.684 Y182.041 E0.01358 ; perimeter
G1 Z8.406 X175.504 Y181.609 E0.01584 ; perimeter
G1 Z8.409 X175.368 Y181.160 E0.01588 ; perimeter
G1 Z8.412 X175.277 Y180.701 E0.01584 ; perimeter
G1 Z8.415 X175.231 Y180.234 E0.01588 ; perimeter
G1 Z8.418 X175.231 Y179.766 E0.01584 ; perimeter
G1 Z8.421 X175.277 Y179.299 E0.01588 ; perimeter
G1 Z8.425 X175.368 Y178.840 E0.01584 ; perimeter
G1 Z8.428 X175.504 Y178.391 E0.01588 ; perimeter
G1 Z8.431 X175.684 Y177.959 E0.01584 ; perimeter
G1 Z8.434 X175.905 Y177.545 E0.01589 ; perimeter
G1 Z8.437 X176.165 Y177.156 E0.01584 ; perimeter
G1 Z8.440 X176.462 Y176.793 E0.01588 ; perimeter
G1 Z8.443 X176.793 Y176.462 E0.01584 ; perimeter
G1 Z8.446 X177.156 Y176.165 E0.01588 ; perimeter
G1 Z8.450 X177.545 Y175.905 E0.01584 ; perimeter
G1 Z8.453 X177.959 Y175.684 E0.01589 ; perimeter
G1 Z8.456 X178.391 Y175.504 E0.01584 ; perimeter
G1 Z8.459 X178.840 Y175.368 E0.01588 ; perimeter
G1 Z8.462 X179.299 Y175.277 E0.01584 ; perimeter
G1 Z8.465 X179.766 Y175.231 E0.01588 ; perimeter
G1 Z8.468 X180.198 Y175.230 E0.01462 ; perimeter
G1 Z8.471 X180.701 Y175.277 E0.01710 ; perimeter
G1 Z8.475 X181.160 Y175.368 E0.01584 ; perimeter
G1 Z8.478 X181.609 Y175.504 E0.01588 ; perimeter
G1 Z8.481 X182.041 Y175.684 E0.01584 ; perimeter
G1 Z8.484 X182.455 Y175.905 E0.01589 ; perimeter
G1 Z8.487 X182.844 Y176.165 E0.01584 ; perimeter
G1 Z8.490 X183.207 Y176.462 E0.01588 ; perimeter
G1 Z8.493 X183.538 Y176.793 E0.01584 ; perimeter
G1 Z8.496 X183.835 Y177.156 E0.01588 ; perimeter
G1 Z8.500 X184.095 Y177.545 E0.01584 ; perimeter
G1 Z8.503 X184.316 Y177.959 E0.01589 ; perimeter
G1 Z8.506 X184.496 Y178.391 E0.01584 ; perimeter
G1 Z8.509 X184.632 Y178.840 E0.01588 ; perimeter
G1 Z8.512 X184.723 Y179.299 E0.01584 ; perimeter
G1 Z8.515 X184.769 Y179.766 E0.01588 ; perimeter
G1 Z8.518 X184.769 Y180.234 E0.01584 ; perimeter
G1 Z8.521 X184.723 Y180.701 E0.01588 ; perimeter
G1 Z8.525 X184.632 Y181.160 E0.01584 ; perimeter
G1 Z8.528 X184.496 Y181.609 E0.01588 ; perimeter
G1 Z8.531 X184.316 Y182.041 E0.01584 ; perimeter
M73 Q44 S3
G1 Z8.534 X184.095 Y182.455 E0.01589 ; perimeter
G1 Z8.537 X183.835 Y182.844 E0.01584 ; perimeter
G1 Z8.540 X183.538 Y183.207 E0.01588 ; perimeter
G1 Z8.543 X183.207 Y183.538 E0.01584 ; perimeter
G1 Z8.546 X182.844 Y183.835 E0.01588 ; perimeter
G1 Z8.550 X182.455 Y184.095 E0.01584 ; perimeter
G1 Z8.553 X182.041 Y184.316 E0.01589 ; perimeter
G1 Z8.556 X181.609 Y184.496 E0.01584 ; perimeter
G1 Z8.559 X181.160 Y184.632 E0.01588 ; perimeter
G1 Z8.562 X180.701 Y184.723 E0.01584 ; perimeter
G1 Z8.565 X180.234 Y184.769 E0.01588 ; perimeter
G1 Z8.568 X179.766 Y184.769 E0.01584 ; perimeter
G1 Z8.571 X179.299 Y184.723 E0.01588 ; perimeter
G1 Z8.575 X178.840 Y184.632 E0.01584 ; perimeter
G1 Z8.578 X178.391 Y184.496 E0.01588 ; perimeter
G1 Z8.581 X177.959 Y184.316 E0.01584 ; perimeter
G1 Z8.584 X177.545 Y184.095 E0.01589 ; perimeter
G1 Z8.587 X177.156 Y183.835 E0.01584 ; perimeter
G1 Z8.590 X176.793 Y183.538 E0.01588 ; perimeter
G1 Z8.593 X176.462 Y183.207 E0.01584 ; perimeter
G1 Z8.596 X176.165 Y182.844 E0.01588 ; perimeter
G1 Z8.600 X175.905 Y182.455 E0.01584 ; perimeter
G1 Z8.600 X175.873 Y182.395 E0.00230 ; perimeter
M204 P2500 ; adjust acceleration
;LAYER_CHANGE
;Z:8.8
;HEIGHT:0.2
;BEFORE_LAYER_CHANGE
G92 E0.0
;8.8


G1 Z8.600 F720 ; simple layer change
;AFTER_LAYER_CHANGE
;8.8
M204 P1500 ; adjust acceleration
G1 F600
G1 Z8.603 X175.684 Y182.041 E0.01358 ; perimeter
G1 Z8.606 X175.504 Y181.609 E0.01584 ; perimeter
G1 Z8.609 X175.368 Y181.160 E0.01588 ; perimeter
G1 Z8.612 X175.277 Y180.701 E0.01584 ; perimeter
G1 Z8.615 X175.231 Y180.234 E0.01588 ; perimeter
G1 Z8.618 X175.231 Y179.766 E0.01584 ; perimeter
G1 Z8.621 X175.277 Y179.299 E0.01588 ; perimeter
G1 Z8.625 X175.368 Y178.840 E0.01584 ; perimeter
M73 P44 R3
G1 Z8.628 X175.504 Y178.391 E0.01588 ; perimeter
G1 Z8.631 X175.684 Y177.959 E0.01584 ; perimeter
G1 Z8.634 X175.905 Y177.545 E0.01589 ; perimeter
G1 Z8.637 X176.165 Y177.156 E0.01584 ; perimeter
G1 Z8.640 X176.462 Y176.793 E0.01588 ; perimeter
G1 Z8.643 X176.793 Y176.462 E0.01584 ; perimeter
G1 Z8.646 X177.156 Y176.165 E0.01588 ; perimeter
G1 Z8.650 X177.545 Y175.905 E0.01584 ; perimeter
G1 Z8.653 X177.959 Y175.684 E0.01589 ; perimeter
G1 Z8.656 X178.391 Y175.504 E0.01584 ; perimeter
G1 Z8.659 X178.840 Y175.368 E0.01588 ; perimeter
G1 Z8.662 X179.299 Y175.277 E0.01584 ; perimeter
G1 Z8.665 X179.766 Y175.231 E0.01588 ; perimeter
G1 Z8.668 X180.203 Y175.230 E0.01479 ; perimeter
G1 Z8.671 X180.701 Y175.277 E0.01693 ; perimeter
G1 Z8.675 X181.160 Y175.368 E0.01584 ; perimeter
G1 Z8.678 X181.609 Y175.504 E0.01588 ; perimeter
G1 Z8.681 X182.041 Y175.684 E0.01584 ; perimeter
G1 Z8.684 X182.455 Y175.905 E0.01589 ; perimeter
G1 Z8.687 X182.844 Y176.165 E0.01584 ; perimeter
G1 Z8.690 X183.207 Y176.462 E0.01588 ; perimeter
G1 Z8.693 X183.538 Y176.793 E0.01584 ; perimeter
G1 Z8.696 X183.835 Y177.156 E0.01588 ; perimeter
G1 Z8.700 X184.095 Y177.545 E0.01584 ; perimeter
G1 Z8.703 X184.316 Y177.959 E0.01589 ; perimeter
G1 Z8.706 X184.496 Y178.391 E0.01584 ; perimeter
G1 Z8.709 X184.632 Y178.840 E0.01588 ; perimeter
G1 Z8.712 X184.723 Y179.299 E0.01584 ; perimeter
G1 Z8.715 X184.769 Y179.766 E0.01588 ; perimeter
G1 Z8.718 X184.769 Y180.234 E0.01584 ; perimeter
G1 Z8.721 X184.723 Y180.701 E0.01588 ; perimeter
G1 Z8.725 X184.632 Y181.160 E0.01584 ; perimeter
G1 Z8.728 X184.496 Y181.609 E0.01588 ; perimeter
G1 Z8.731 X184.316 Y182.041 E0.01584 ; perimeter
G1 Z8.734 X184.095 Y182.455 E0.01589 ; perimeter
G1 Z8.737 X183.835 Y182.844 E0.01584 ; perimeter
G1 Z8.740 X183.538 Y183.207 E0.01588 ; perimeter
G1 Z8.743 X183.207 Y183.538 E0.01584 ; perimeter
G1 Z8.746 X182.844 Y183.835 E0.01588 ; perimeter
G1 Z8.750 X182.455 Y184.095 E0.01584 ; perimeter
G1 Z8.753 X182.041 Y184.316 E0.01589 ; perimeter
G1 Z8.756 X181.609 Y184.496 E0.01584 ; perimeter
G1 Z8.759 X181.160 Y184.632 E0.01588 ; perimeter
M73 Q45 S3
G1 Z8.762 X180.701 Y184.723 E0.01584 ; perimeter
G1 Z8.765 X180.234 Y184.769 E0.01588 ; perimeter
G1 Z8.768 X179.766 Y184.769 E0.01584 ; perimeter
G1 Z8.771 X179.299 Y184.723 E0.01588 ; perimeter
G1 Z8.775 X178.840 Y184.632 E0.01584 ; perimeter
G1 Z8.778 X178.391 Y184.496 E0.01588 ; perimeter
G1 Z8.781 X177.959 Y184.316 E0.01584 ; perimeter
G1 Z8.784 X177.545 Y184.095 E0.01589 ; perimeter
G1 Z8.787 X177.156 Y183.835 E0.01584 ; perimeter
G1 Z8.790 X176.793 Y183.538 E0.01588 ; perimeter
G1 Z8.793 X176.462 Y183.207 E0.01584 ; perimeter
G1 Z8.796 X176.165 Y182.844 E0.01588 ; perimeter
G1 Z8.800 X175.905 Y182.455 E0.01584 ; perimeter
G1 Z8.800 X175.873 Y182.395 E0.00230 ; perimeter
M204 P2500 ; adjust acceleration
;LAYER_CHANGE
;Z:9
;HEIGHT:0.2
;BEFORE_LAYER_CHANGE
G92 E0.0
;9


G1 Z8.800 F720 ; simple layer change
;AFTER_LAYER_CHANGE
;9
M204 P1500 ; adjust acceleration
G1 F600
G1 Z8.803 X175.684 Y182.041 E0.01358 ; perimeter
G1 Z8.806 X175.504 Y181.609 E0.01584 ; perimeter
G1 Z8.809 X175.368 Y181.160 E0.01588 ; perimeter
G1 Z8.812 X175.277 Y180.701 E0.01584 ; perimeter
G1 Z8.815 X175.231 Y180.234 E0.01588 ; perimeter
G1 Z8.818 X175.231 Y179.766 E0.01584 ; perimeter
G1 Z8.821 X175.277 Y179.299 E0.01588 ; perimeter
G1 Z8.825 X175.368 Y178.840 E0.01584 ; perimeter
G1 Z8.828 X175.504 Y178.391 E0.01588 ; perimeter
G1 Z8.831 X175.684 Y177.959 E0.01584 ; perimeter
G1 Z8.834 X175.905 Y177.545 E0.01589 ; perimeter
G1 Z8.837 X176.165 Y177.156 E0.01584 ; perimeter
M104.1 T1 P24 Q24 S260
G1 Z8.840 X176.462 Y176.793 E0.01588 ; perimeter
G1 Z8.843 X176.793 Y176.462 E0.01584 ; perimeter
G1 Z8.846 X177.156 Y176.165 E0.01588 ; perimeter
G1 Z8.850 X177.545 Y175.905 E0.01584 ; perimeter
M73 P45 R3
G1 Z8.853 X177.959 Y175.684 E0.01589 ; perimeter
G1 Z8.856 X178.391 Y175.504 E0.01584 ; perimeter
G1 Z8.859 X178.840 Y175.368 E0.01588 ; perimeter
G1 Z8.862 X179.299 Y175.277 E0.01584 ; perimeter
G1 Z8.865 X179.766 Y175.231 E0.01588 ; perimeter
G1 Z8.868 X180.208 Y175.230 E0.01496 ; perimeter
G1 Z8.871 X180.701 Y175.277 E0.01676 ; perimeter
G1 Z8.875 X181.160 Y175.368 E0.01584 ; perimeter
G1 Z8.878 X181.609 Y175.504 E0.01588 ; perimeter
G1 Z8.881 X182.041 Y175.684 E0.01584 ; perimeter
G1 Z8.884 X182.455 Y175.905 E0.01589 ; perimeter
G1 Z8.887 X182.844 Y176.165 E0.01584 ; perimeter
G1 Z8.890 X183.207 Y176.462 E0.01588 ; perimeter
G1 Z8.893 X183.538 Y176.794 E0.01587 ; perimeter
G1 Z8.896 X183.835 Y177.156 E0.01585 ; perimeter
G1 Z8.900 X184.095 Y177.545 E0.01584 ; perimeter
G1 Z8.903 X184.316 Y177.959 E0.01589 ; perimeter
G1 Z8.906 X184.496 Y178.391 E0.01584 ; perimeter
G1 Z8.909 X184.632 Y178.840 E0.01588 ; perimeter
G1 Z8.912 X184.723 Y179.299 E0.01584 ; perimeter
G1 Z8.915 X184.769 Y179.766 E0.01588 ; perimeter
G1 Z8.918 X184.769 Y180.234 E0.01584 ; perimeter
G1 Z8.921 X184.723 Y180.701 E0.01588 ; perimeter
G1 Z8.925 X184.632 Y181.160 E0.01584 ; perimeter
G1 Z8.928 X184.496 Y181.609 E0.01588 ; perimeter
G1 Z8.931 X184.316 Y182.041 E0.01584 ; perimeter
G1 Z8.934 X184.095 Y182.455 E0.01589 ; perimeter
G1 Z8.937 X183.835 Y182.844 E0.01584 ; perimeter
G1 Z8.940 X183.538 Y183.207 E0.01588 ; perimeter
G1 Z8.943 X183.207 Y183.538 E0.01584 ; perimeter
G1 Z8.946 X182.844 Y183.835 E0.01588 ; perimeter
G1 Z8.950 X182.455 Y184.095 E0.01584 ; perimeter
G1 Z8.953 X182.041 Y184.316 E0.01589 ; perimeter
G1 Z8.956 X181.609 Y184.496 E0.01584 ; perimeter
G1 Z8.959 X181.160 Y184.632 E0.01588 ; perimeter
G1 Z8.962 X180.701 Y184.723 E0.01584 ; perimeter
G1 Z8.965 X180.234 Y184.769 E0.01588 ; perimeter
G1 Z8.968 X179.766 Y184.769 E0.01584 ; perimeter
G1 Z8.971 X179.299 Y184.723 E0.01588 ; perimeter
G1 Z8.975 X178.840 Y184.632 E0.01584 ; perimeter
G1 Z8.978 X178.391 Y184.496 E0.01588 ; perimeter
G1 Z8.981 X177.959 Y184.316 E0.01584 ; perimeter
G1 Z8.984 X177.545 Y184.095 E0.01589 ; perimeter
M73 Q46 S3
G1 Z8.987 X177.156 Y183.835 E0.01584 ; perimeter
G1 Z8.990 X176.793 Y183.538 E0.01588 ; perimeter
G1 Z8.993 X176.462 Y183.207 E0.01584 ; perimeter
G1 Z8.996 X176.165 Y182.844 E0.01588 ; perimeter
G1 Z9.000 X175.905 Y182.455 E0.01584 ; perimeter
G1 Z9.000 X175.873 Y182.395 E0.00230 ; perimeter
M204 P2500 ; adjust acceleration
;LAYER_CHANGE
;Z:9.2
;HEIGHT:0.2
;BEFORE_LAYER_CHANGE
G92 E0.0
;9.2


G1 Z9.000 F720 ; simple layer change
;AFTER_LAYER_CHANGE
;9.2
M204 P1500 ; adjust acceleration
G1 F600
G1 Z9.003 X175.684 Y182.041 E0.01358 ; perimeter
G1 Z9.006 X175.504 Y181.609 E0.01584 ; perimeter
G1 Z9.009 X175.368 Y181.160 E0.01588 ; perimeter
G1 Z9.012 X175.277 Y180.701 E0.01584 ; perimeter
G1 Z9.015 X175.231 Y180.234 E0.01588 ; perimeter
G1 Z9.018 X175.231 Y179.766 E0.01584 ; perimeter
G1 Z9.021 X175.277 Y179.299 E0.01588 ; perimeter
G1 Z9.025 X175.368 Y178.840 E0.01584 ; perimeter
G1 Z9.028 X175.504 Y178.391 E0.01588 ; perimeter
G1 Z9.031 X175.684 Y177.959 E0.01584 ; perimeter
G1 Z9.034 X175.905 Y177.545 E0.01589 ; perimeter
G1 Z9.037 X176.165 Y177.156 E0.01584 ; perimeter
G1 Z9.040 X176.462 Y176.793 E0.01588 ; perimeter
G1 Z9.043 X176.793 Y176.462 E0.01584 ; perimeter
G1 Z9.046 X177.156 Y176.165 E0.01588 ; perimeter
G1 Z9.050 X177.545 Y175.905 E0.01584 ; perimeter
G1 Z9.053 X177.959 Y175.684 E0.01589 ; perimeter
G1 Z9.056 X178.391 Y175.504 E0.01584 ; perimeter
G1 Z9.059 X178.840 Y175.368 E0.01588 ; perimeter
G1 Z9.062 X179.299 Y175.277 E0.01584 ; perimeter
G1 Z9.065 X179.766 Y175.231 E0.01588 ; perimeter
G1 Z9.068 X180.213 Y175.230 E0.01513 ; perimeter
G1 Z9.071 X180.701 Y175.277 E0.01659 ; perimeter
G1 Z9.075 X181.160 Y175.368 E0.01584 ; perimeter
M73 P46 R3
G1 Z9.078 X181.609 Y175.504 E0.01588 ; perimeter
G1 Z9.081 X182.041 Y175.684 E0.01584 ; perimeter
G1 Z9.084 X182.455 Y175.905 E0.01589 ; perimeter
G1 Z9.087 X182.844 Y176.165 E0.01584 ; perimeter
G1 Z9.090 X183.207 Y176.462 E0.01588 ; perimeter
G1 Z9.093 X183.538 Y176.794 E0.01587 ; perimeter
G1 Z9.096 X183.835 Y177.156 E0.01585 ; perimeter
G1 Z9.100 X184.095 Y177.545 E0.01584 ; perimeter
G1 Z9.103 X184.316 Y177.959 E0.01589 ; perimeter
G1 Z9.106 X184.496 Y178.391 E0.01584 ; perimeter
G1 Z9.109 X184.632 Y178.840 E0.01588 ; perimeter
G1 Z9.112 X184.723 Y179.299 E0.01584 ; perimeter
G1 Z9.115 X184.769 Y179.766 E0.01588 ; perimeter
G1 Z9.118 X184.769 Y180.234 E0.01584 ; perimeter
G1 Z9.121 X184.723 Y180.701 E0.01588 ; perimeter
G1 Z9.125 X184.632 Y181.160 E0.01584 ; perimeter
G1 Z9.128 X184.496 Y181.609 E0.01588 ; perimeter
G1 Z9.131 X184.316 Y182.041 E0.01584 ; perimeter
G1 Z9.134 X184.095 Y182.455 E0.01589 ; perimeter
G1 Z9.137 X183.835 Y182.844 E0.01584 ; perimeter
G1 Z9.140 X183.538 Y183.207 E0.01588 ; perimeter
G1 Z9.143 X183.207 Y183.538 E0.01584 ; perimeter
G1 Z9.146 X182.844 Y183.835 E0.01588 ; perimeter
G1 Z9.150 X182.455 Y184.095 E0.01584 ; perimeter
G1 Z9.153 X182.041 Y184.316 E0.01589 ; perimeter
G1 Z9.156 X181.609 Y184.496 E0.01584 ; perimeter
G1 Z9.159 X181.160 Y184.632 E0.01588 ; perimeter
G1 Z9.162 X180.701 Y184.723 E0.01584 ; perimeter
G1 Z9.165 X180.234 Y184.769 E0.01588 ; perimeter
G1 Z9.168 X179.766 Y184.769 E0.01584 ; perimeter
G1 Z9.171 X179.299 Y184.723 E0.01588 ; perimeter
G1 Z9.175 X178.840 Y184.632 E0.01584 ; perimeter
G1 Z9.178 X178.391 Y184.496 E0.01588 ; perimeter
G1 Z9.181 X177.959 Y184.316 E0.01584 ; perimeter
G1 Z9.184 X177.545 Y184.095 E0.01589 ; perimeter
G1 Z9.187 X177.156 Y183.835 E0.01584 ; perimeter
G1 Z9.190 X176.794 Y183.538 E0.01585 ; perimeter
G1 Z9.193 X176.462 Y183.206 E0.01589 ; perimeter
G1 Z9.196 X176.165 Y182.844 E0.01585 ; perimeter
G1 Z9.200 X175.905 Y182.455 E0.01584 ; perimeter
G1 Z9.200 X175.873 Y182.395 E0.00230 ; perimeter
M204 P2500 ; adjust acceleration
;LAYER_CHANGE
;Z:9.4
;HEIGHT:0.2
;BEFORE_LAYER_CHANGE
G92 E0.0
;9.4


G1 Z9.200 F720 ; simple layer change
;AFTER_LAYER_CHANGE
;9.4
M204 P1500 ; adjust acceleration
G1 F600
G1 Z9.203 X175.684 Y182.041 E0.01358 ; perimeter
G1 Z9.206 X175.504 Y181.609 E0.01584 ; perimeter
G1 Z9.209 X175.368 Y181.160 E0.01588 ; perimeter
G1 Z9.212 X175.277 Y180.701 E0.01584 ; perimeter
M73 Q47 S3
G1 Z9.215 X175.231 Y180.234 E0.01588 ; perimeter
G1 Z9.218 X175.231 Y179.766 E0.01584 ; perimeter
G1 Z9.221 X175.277 Y179.299 E0.01588 ; perimeter
G1 Z9.225 X175.368 Y178.840 E0.01584 ; perimeter
G1 Z9.228 X175.504 Y178.391 E0.01588 ; perimeter
G1 Z9.231 X175.684 Y177.959 E0.01584 ; perimeter
G1 Z9.234 X175.905 Y177.545 E0.01589 ; perimeter
G1 Z9.237 X176.165 Y177.156 E0.01584 ; perimeter
G1 Z9.240 X176.462 Y176.793 E0.01588 ; perimeter
G1 Z9.243 X176.793 Y176.462 E0.01584 ; perimeter
G1 Z9.246 X177.156 Y176.165 E0.01588 ; perimeter
G1 Z9.250 X177.545 Y175.905 E0.01584 ; perimeter
G1 Z9.253 X177.959 Y175.684 E0.01589 ; perimeter
G1 Z9.256 X178.391 Y175.504 E0.01584 ; perimeter
M73 P46 R2
G1 Z9.259 X178.840 Y175.368 E0.01588 ; perimeter
M73 Q47 S2
G1 Z9.262 X179.299 Y175.277 E0.01584 ; perimeter
G1 Z9.265 X179.766 Y175.231 E0.01588 ; perimeter
G1 Z9.268 X180.217 Y175.231 E0.01527 ; perimeter
G1 Z9.271 X180.701 Y175.277 E0.01646 ; perimeter
G1 Z9.275 X181.160 Y175.368 E0.01584 ; perimeter
G1 Z9.278 X181.609 Y175.504 E0.01588 ; perimeter
G1 Z9.281 X182.041 Y175.684 E0.01584 ; perimeter
G1 Z9.284 X182.455 Y175.905 E0.01589 ; perimeter
G1 Z9.287 X182.844 Y176.165 E0.01584 ; perimeter
G1 Z9.290 X183.207 Y176.462 E0.01588 ; perimeter
G1 Z9.293 X183.538 Y176.793 E0.01584 ; perimeter
G1 Z9.296 X183.835 Y177.156 E0.01588 ; perimeter
G1 Z9.300 X184.095 Y177.545 E0.01584 ; perimeter
M73 P47 R2
G1 Z9.303 X184.316 Y177.959 E0.01589 ; perimeter
G1 Z9.306 X184.496 Y178.391 E0.01584 ; perimeter
G1 Z9.309 X184.632 Y178.840 E0.01588 ; perimeter
G1 Z9.312 X184.723 Y179.299 E0.01584 ; perimeter
G1 Z9.315 X184.769 Y179.766 E0.01588 ; perimeter
G1 Z9.318 X184.769 Y180.234 E0.01584 ; perimeter
G1 Z9.321 X184.723 Y180.701 E0.01588 ; perimeter
G1 Z9.325 X184.632 Y181.160 E0.01584 ; perimeter
G1 Z9.328 X184.496 Y181.609 E0.01588 ; perimeter
G1 Z9.331 X184.316 Y182.041 E0.01584 ; perimeter
G1 Z9.334 X184.095 Y182.455 E0.01589 ; perimeter
G1 Z9.337 X183.835 Y182.844 E0.01584 ; perimeter
G1 Z9.340 X183.538 Y183.207 E0.01588 ; perimeter
G1 Z9.343 X183.207 Y183.538 E0.01584 ; perimeter
G1 Z9.346 X182.844 Y183.835 E0.01588 ; perimeter
G1 Z9.350 X182.455 Y184.095 E0.01584 ; perimeter
G1 Z9.353 X182.041 Y184.316 E0.01589 ; perimeter
G1 Z9.356 X181.609 Y184.496 E0.01584 ; perimeter
G1 Z9.359 X181.160 Y184.632 E0.01588 ; perimeter
G1 Z9.362 X180.701 Y184.723 E0.01584 ; perimeter
G1 Z9.365 X180.234 Y184.769 E0.01588 ; perimeter
G1 Z9.368 X179.766 Y184.769 E0.01584 ; perimeter
G1 Z9.371 X179.299 Y184.723 E0.01588 ; perimeter
G1 Z9.375 X178.840 Y184.632 E0.01584 ; perimeter
G1 Z9.378 X178.391 Y184.496 E0.01588 ; perimeter
G1 Z9.381 X177.959 Y184.316 E0.01584 ; perimeter
G1 Z9.384 X177.545 Y184.095 E0.01589 ; perimeter
G1 Z9.387 X177.156 Y183.835 E0.01584 ; perimeter
G1 Z9.390 X176.793 Y183.538 E0.01588 ; perimeter
G1 Z9.393 X176.462 Y183.207 E0.01584 ; perimeter
G1 Z9.396 X176.165 Y182.844 E0.01588 ; perimeter
G1 Z9.400 X175.905 Y182.455 E0.01584 ; perimeter
G1 Z9.400 X175.873 Y182.395 E0.00230 ; perimeter
M204 P2500 ; adjust acceleration
;LAYER_CHANGE
;Z:9.6
;HEIGHT:0.200001
;BEFORE_LAYER_CHANGE
G92 E0.0
;9.6


G1 Z9.400 F720 ; simple layer change
;AFTER_LAYER_CHANGE
;9.6
M204 P1500 ; adjust acceleration
G1 F600
G1 Z9.403 X175.684 Y182.041 E0.01358 ; perimeter
G1 Z9.406 X175.504 Y181.609 E0.01584 ; perimeter
G1 Z9.409 X175.368 Y181.160 E0.01588 ; perimeter
G1 Z9.412 X175.277 Y180.701 E0.01584 ; perimeter
G1 Z9.415 X175.231 Y180.234 E0.01588 ; perimeter
G1 Z9.418 X175.231 Y179.766 E0.01584 ; perimeter
G1 Z9.421 X175.277 Y179.299 E0.01588 ; perimeter
G1 Z9.425 X175.368 Y178.840 E0.01584 ; perimeter
G1 Z9.428 X175.504 Y178.391 E0.01588 ; perimeter
G1 Z9.431 X175.684 Y177.959 E0.01584 ; perimeter
G1 Z9.434 X175.905 Y177.545 E0.01589 ; perimeter
G1 Z9.437 X176.165 Y177.156 E0.01584 ; perimeter
M73 Q48 S2
G1 Z9.440 X176.462 Y176.793 E0.01588 ; perimeter
G1 Z9.443 X176.793 Y176.462 E0.01584 ; perimeter
G1 Z9.446 X177.156 Y176.165 E0.01588 ; perimeter
G1 Z9.450 X177.545 Y175.905 E0.01584 ; perimeter
G1 Z9.453 X177.959 Y175.684 E0.01589 ; perimeter
G1 Z9.456 X178.391 Y175.504 E0.01584 ; perimeter
G1 Z9.459 X178.840 Y175.368 E0.01588 ; perimeter
G1 Z9.462 X179.299 Y175.277 E0.01584 ; perimeter
G1 Z9.465 X179.766 Y175.231 E0.01588 ; perimeter
G1 Z9.468 X180.222 Y175.231 E0.01544 ; perimeter
G1 Z9.471 X180.701 Y175.277 E0.01629 ; perimeter
G1 Z9.475 X181.160 Y175.368 E0.01584 ; perimeter
G1 Z9.478 X181.609 Y175.504 E0.01588 ; perimeter
G1 Z9.481 X182.041 Y175.684 E0.01584 ; perimeter
G1 Z9.484 X182.455 Y175.905 E0.01589 ; perimeter
G1 Z9.487 X182.844 Y176.165 E0.01584 ; perimeter
G1 Z9.490 X183.207 Y176.462 E0.01588 ; perimeter
G1 Z9.493 X183.538 Y176.794 E0.01587 ; perimeter
G1 Z9.496 X183.835 Y177.156 E0.01585 ; perimeter
G1 Z9.500 X184.095 Y177.545 E0.01584 ; perimeter
G1 Z9.503 X184.316 Y177.959 E0.01589 ; perimeter
G1 Z9.506 X184.496 Y178.391 E0.01584 ; perimeter
G1 Z9.509 X184.632 Y178.840 E0.01588 ; perimeter
G1 Z9.512 X184.723 Y179.299 E0.01584 ; perimeter
G1 Z9.515 X184.769 Y179.766 E0.01588 ; perimeter
G1 Z9.518 X184.769 Y180.234 E0.01584 ; perimeter
G1 Z9.521 X184.723 Y180.701 E0.01588 ; perimeter
G1 Z9.525 X184.632 Y181.160 E0.01584 ; perimeter
M73 P48 R2
G1 Z9.528 X184.496 Y181.609 E0.01588 ; perimeter
G1 Z9.531 X184.316 Y182.041 E0.01584 ; perimeter
G1 Z9.534 X184.095 Y182.455 E0.01589 ; perimeter
G1 Z9.537 X183.835 Y182.844 E0.01584 ; perimeter
G1 Z9.540 X183.538 Y183.207 E0.01588 ; perimeter
G1 Z9.543 X183.207 Y183.538 E0.01584 ; perimeter
G1 Z9.546 X182.844 Y183.835 E0.01588 ; perimeter
G1 Z9.550 X182.455 Y184.095 E0.01584 ; perimeter
G1 Z9.553 X182.041 Y184.316 E0.01589 ; perimeter
G1 Z9.556 X181.609 Y184.496 E0.01584 ; perimeter
G1 Z9.559 X181.160 Y184.632 E0.01588 ; perimeter
G1 Z9.562 X180.701 Y184.723 E0.01584 ; perimeter
G1 Z9.565 X180.234 Y184.769 E0.01588 ; perimeter
G1 Z9.568 X179.766 Y184.769 E0.01584 ; perimeter
G1 Z9.571 X179.299 Y184.723 E0.01588 ; perimeter
G1 Z9.575 X178.840 Y184.632 E0.01584 ; perimeter
G1 Z9.578 X178.391 Y184.496 E0.01588 ; perimeter
G1 Z9.581 X177.959 Y184.316 E0.01584 ; perimeter
G1 Z9.584 X177.545 Y184.095 E0.01589 ; perimeter
G1 Z9.587 X177.156 Y183.835 E0.01584 ; perimeter
G1 Z9.590 X176.793 Y183.538 E0.01588 ; perimeter
G1 Z9.593 X176.462 Y183.207 E0.01584 ; perimeter
G1 Z9.596 X176.165 Y182.844 E0.01588 ; perimeter
G1 Z9.600 X175.905 Y182.455 E0.01584 ; perimeter
G1 Z9.600 X175.873 Y182.395 E0.00230 ; perimeter
M204 P2500 ; adjust acceleration
;LAYER_CHANGE
;Z:9.8
;HEIGHT:0.2
;BEFORE_LAYER_CHANGE
G92 E0.0
;9.8


G1 Z9.600 F720 ; simple layer change
;AFTER_LAYER_CHANGE
;9.8
M204 P1500 ; adjust acceleration
G1 F600
G1 Z9.603 X175.684 Y182.041 E0.01358 ; perimeter
G1 Z9.606 X175.504 Y181.609 E0.01584 ; perimeter
G1 Z9.609 X175.368 Y181.160 E0.01588 ; perimeter
G1 Z9.612 X175.277 Y180.701 E0.01584 ; perimeter
G1 Z9.615 X175.231 Y180.234 E0.01588 ; perimeter
G1 Z9.618 X175.231 Y179.766 E0.01584 ; perimeter
G1 Z9.621 X175.277 Y179.299 E0.01588 ; perimeter
G1 Z9.625 X175.368 Y178.840 E0.01584 ; perimeter
G1 Z9.628 X175.504 Y178.391 E0.01588 ; perimeter
G1 Z9.631 X175.684 Y177.959 E0.01584 ; perimeter
G1 Z9.634 X175.905 Y177.545 E0.01589 ; perimeter
G1 Z9.637 X176.165 Y177.156 E0.01584 ; perimeter
G1 Z9.640 X176.462 Y176.793 E0.01588 ; perimeter
M104.1 T1 P12 Q12 S260
G1 Z9.643 X176.793 Y176.462 E0.01584 ; perimeter
G1 Z9.646 X177.156 Y176.165 E0.01588 ; perimeter
G1 Z9.650 X177.545 Y175.905 E0.01584 ; perimeter
G1 Z9.653 X177.959 Y175.684 E0.01589 ; perimeter
G1 Z9.656 X178.391 Y175.504 E0.01584 ; perimeter
G1 Z9.659 X178.840 Y175.368 E0.01588 ; perimeter
G1 Z9.662 X179.299 Y175.277 E0.01584 ; perimeter
G1 Z9.665 X179.766 Y175.231 E0.01588 ; perimeter
M73 Q49 S2
G1 Z9.668 X180.227 Y175.231 E0.01560 ; perimeter
G1 Z9.671 X180.701 Y175.277 E0.01612 ; perimeter
G1 Z9.675 X181.160 Y175.368 E0.01584 ; perimeter
G1 Z9.678 X181.609 Y175.504 E0.01588 ; perimeter
G1 Z9.681 X182.041 Y175.684 E0.01584 ; perimeter
G1 Z9.684 X182.455 Y175.905 E0.01589 ; perimeter
G1 Z9.687 X182.844 Y176.165 E0.01584 ; perimeter
G1 Z9.690 X183.207 Y176.462 E0.01588 ; perimeter
G1 Z9.693 X183.538 Y176.794 E0.01587 ; perimeter
G1 Z9.696 X183.835 Y177.156 E0.01585 ; perimeter
G1 Z9.700 X184.095 Y177.545 E0.01584 ; perimeter
G1 Z9.703 X184.316 Y177.959 E0.01589 ; perimeter
G1 Z9.706 X184.496 Y178.391 E0.01584 ; perimeter
G1 Z9.709 X184.632 Y178.840 E0.01588 ; perimeter
G1 Z9.712 X184.723 Y179.299 E0.01584 ; perimeter
G1 Z9.715 X184.769 Y179.766 E0.01588 ; perimeter
G1 Z9.718 X184.769 Y180.234 E0.01584 ; perimeter
G1 Z9.721 X184.723 Y180.701 E0.01588 ; perimeter
G1 Z9.725 X184.632 Y181.160 E0.01584 ; perimeter
G1 Z9.728 X184.496 Y181.609 E0.01588 ; perimeter
G1 Z9.731 X184.316 Y182.041 E0.01584 ; perimeter
G1 Z9.734 X184.095 Y182.455 E0.01589 ; perimeter
G1 Z9.737 X183.835 Y182.844 E0.01584 ; perimeter
G1 Z9.740 X183.538 Y183.207 E0.01588 ; perimeter
G1 Z9.743 X183.207 Y183.538 E0.01584 ; perimeter
G1 Z9.746 X182.844 Y183.835 E0.01588 ; perimeter
G1 Z9.750 X182.455 Y184.095 E0.01584 ; perimeter
M73 P49 R2
G1 Z9.753 X182.041 Y184.316 E0.01589 ; perimeter
G1 Z9.756 X181.609 Y184.496 E0.01584 ; perimeter
G1 Z9.759 X181.160 Y184.632 E0.01588 ; perimeter
G1 Z9.762 X180.701 Y184.723 E0.01584 ; perimeter
G1 Z9.765 X180.234 Y184.769 E0.01588 ; perimeter
G1 Z9.768 X179.766 Y184.769 E0.01584 ; perimeter
G1 Z9.771 X179.299 Y184.723 E0.01588 ; perimeter
G1 Z9.775 X178.840 Y184.632 E0.01584 ; perimeter
G1 Z9.778 X178.391 Y184.496 E0.01588 ; perimeter
G1 Z9.781 X177.959 Y184.316 E0.01584 ; perimeter
G1 Z9.784 X177.545 Y184.095 E0.01589 ; perimeter
G1 Z9.787 X177.156 Y183.835 E0.01584 ; perimeter
G1 Z9.790 X176.793 Y183.538 E0.01588 ; perimeter
G1 Z9.793 X176.462 Y183.207 E0.01584 ; perimeter
G1 Z9.796 X176.165 Y182.844 E0.01588 ; perimeter
G1 Z9.800 X175.905 Y182.455 E0.01584 ; perimeter
G1 Z9.800 X175.873 Y182.395 E0.00230 ; perimeter
M204 P2500 ; adjust acceleration
M106 S252.45 ; enable fan
;LAYER_CHANGE
;Z:10
;HEIGHT:0.2
;BEFORE_LAYER_CHANGE
G92 E0.0
;10


G1 Z9.800 F720 ; simple layer change
;AFTER_LAYER_CHANGE
;10
M204 P1500 ; adjust acceleration
G1 F719
G1 Z9.803 X175.684 Y182.041 E0.01358 ; perimeter
G1 Z9.806 X175.504 Y181.609 E0.01584 ; perimeter
G1 Z9.809 X175.368 Y181.160 E0.01588 ; perimeter
G1 Z9.812 X175.277 Y180.701 E0.01584 ; perimeter
G1 Z9.815 X175.231 Y180.234 E0.01588 ; perimeter
G1 Z9.818 X175.231 Y179.766 E0.01584 ; perimeter
G1 Z9.821 X175.277 Y179.299 E0.01588 ; perimeter
G1 Z9.825 X175.368 Y178.840 E0.01584 ; perimeter
G1 Z9.828 X175.504 Y178.391 E0.01588 ; perimeter
G1 Z9.831 X175.684 Y177.959 E0.01584 ; perimeter
G1 Z9.834 X175.905 Y177.545 E0.01589 ; perimeter
G1 Z9.837 X176.165 Y177.156 E0.01584 ; perimeter
G1 Z9.840 X176.462 Y176.793 E0.01588 ; perimeter
G1 Z9.843 X176.793 Y176.462 E0.01584 ; perimeter
G1 Z9.846 X177.156 Y176.165 E0.01588 ; perimeter
G1 Z9.850 X177.545 Y175.905 E0.01584 ; perimeter
G1 Z9.853 X177.959 Y175.684 E0.01589 ; perimeter
G1 Z9.856 X178.391 Y175.504 E0.01584 ; perimeter
G1 Z9.859 X178.840 Y175.368 E0.01588 ; perimeter
G1 Z9.862 X179.299 Y175.277 E0.01584 ; perimeter
G1 Z9.865 X179.766 Y175.231 E0.01588 ; perimeter
G1 Z9.868 X180.232 Y175.231 E0.01577 ; perimeter
G1 Z9.871 X180.701 Y175.277 E0.01595 ; perimeter
G1 Z9.875 X181.160 Y175.368 E0.01584 ; perimeter
G1 Z9.878 X181.609 Y175.504 E0.01588 ; perimeter
G1 Z9.881 X182.041 Y175.684 E0.01584 ; perimeter
G1 Z9.884 X182.455 Y175.905 E0.01589 ; perimeter
G1 Z9.887 X182.844 Y176.165 E0.01584 ; perimeter
G1 Z9.890 X183.207 Y176.462 E0.01588 ; perimeter
G1 Z9.893 X183.538 Y176.793 E0.01584 ; perimeter
G1 Z9.896 X183.835 Y177.156 E0.01588 ; perimeter
G1 Z9.900 X184.095 Y177.545 E0.01584 ; perimeter
G1 Z9.903 X184.316 Y177.959 E0.01589 ; perimeter
G1 Z9.906 X184.496 Y178.391 E0.01584 ; perimeter
G1 Z9.909 X184.632 Y178.840 E0.01588 ; perimeter
M73 Q50 S2
G1 Z9.912 X184.723 Y179.299 E0.01584 ; perimeter
G1 Z9.915 X184.769 Y179.766 E0.01588 ; perimeter
G1 Z9.918 X184.769 Y180.234 E0.01584 ; perimeter
G1 Z9.921 X184.723 Y180.701 E0.01588 ; perimeter
G1 Z9.925 X184.632 Y181.160 E0.01584 ; perimeter
G1 Z9.928 X184.496 Y181.609 E0.01588 ; perimeter
G1 Z9.931 X184.316 Y182.041 E0.01584 ; perimeter
G1 Z9.934 X184.095 Y182.455 E0.01589 ; perimeter
G1 Z9.937 X183.835 Y182.844 E0.01584 ; perimeter
G1 Z9.940 X183.538 Y183.207 E0.01588 ; perimeter
G1 Z9.943 X183.207 Y183.538 E0.01584 ; perimeter
G1 Z9.946 X182.844 Y183.835 E0.01588 ; perimeter
G1 Z9.950 X182.455 Y184.095 E0.01584 ; perimeter
G1 Z9.953 X182.041 Y184.316 E0.01589 ; perimeter
G1 Z9.956 X181.609 Y184.496 E0.01584 ; perimeter
G1 Z9.959 X181.160 Y184.632 E0.01588 ; perimeter
G1 Z9.962 X180.701 Y184.723 E0.01584 ; perimeter
G1 Z9.965 X180.234 Y184.769 E0.01588 ; perimeter
G1 Z9.968 X179.766 Y184.769 E0.01584 ; perimeter
G1 Z9.971 X179.299 Y184.723 E0.01588 ; perimeter
G1 Z9.975 X178.840 Y184.632 E0.01584 ; perimeter
G1 Z9.978 X178.391 Y184.496 E0.01588 ; perimeter
G1 Z9.981 X177.959 Y184.316 E0.01584 ; perimeter
G1 Z9.984 X177.545 Y184.095 E0.01589 ; perimeter
G1 Z9.987 X177.156 Y183.835 E0.01584 ; perimeter
G1 Z9.990 X176.793 Y183.538 E0.01588 ; perimeter
G1 Z9.993 X176.462 Y183.206 E0.01587 ; perimeter
G1 Z9.996 X176.165 Y182.844 E0.01585 ; perimeter
G1 Z10.000 X175.905 Y182.455 E0.01584 ; perimeter
G1 Z10.000 X175.873 Y182.395 E0.00230 ; perimeter
M204 P2500 ; adjust acceleration
;LAYER_CHANGE
;Z:10
;HEIGHT:0.2
;BEFORE_LAYER_CHANGE
G92 E0.0
;10


;AFTER_LAYER_CHANGE
;10
M204 P1500 ; adjust acceleration
G1 X175.684 Y182.041 E0.01340 ; perimeter
G1 X175.504 Y181.609 E0.01538 ; perimeter
G1 X175.368 Y181.16 E0.01517 ; perimeter
M73 P50 R2
G1 X175.277 Y180.701 E0.01489 ; perimeter
G1 X175.231 Y180.234 E0.01467 ; perimeter
G1 X175.231 Y179.766 E0.01439 ; perimeter
G1 X175.277 Y179.299 E0.01418 ; perimeter
G1 X175.368 Y178.84 E0.01390 ; perimeter
G1 X175.504 Y178.391 E0.01368 ; perimeter
G1 X175.684 Y177.959 E0.01340 ; perimeter
G1 X175.905 Y177.545 E0.01319 ; perimeter
G1 X176.165 Y177.156 E0.01291 ; perimeter
G1 X176.462 Y176.793 E0.01269 ; perimeter
G1 X176.793 Y176.462 E0.01241 ; perimeter
G1 X177.156 Y176.165 E0.01219 ; perimeter
G1 X177.545 Y175.905 E0.01192 ; perimeter
G1 X177.959 Y175.684 E0.01170 ; perimeter
G1 X178.391 Y175.504 E0.01142 ; perimeter
G1 X178.84 Y175.368 E0.01120 ; perimeter
G1 X179.299 Y175.277 E0.01093 ; perimeter
G1 X179.766 Y175.231 E0.01070 ; perimeter
G1 X180.232 Y175.231 E0.01039 ; perimeter
G1 X180.701 Y175.277 E0.01025 ; perimeter
G1 X181.16 Y175.368 E0.00994 ; perimeter
G1 X181.609 Y175.504 E0.00971 ; perimeter
G1 X182.041 Y175.684 E0.00944 ; perimeter
G1 X182.455 Y175.905 E0.00922 ; perimeter
G1 X182.844 Y176.165 E0.00895 ; perimeter
G1 X183.207 Y176.462 E0.00872 ; perimeter
G1 X183.538 Y176.793 E0.00845 ; perimeter
G1 X183.835 Y177.156 E0.00822 ; perimeter
G1 X184.095 Y177.545 E0.00796 ; perimeter
G1 X184.316 Y177.959 E0.00773 ; perimeter
G1 X184.496 Y178.391 E0.00746 ; perimeter
G1 X184.632 Y178.84 E0.00723 ; perimeter
G1 X184.723 Y179.299 E0.00697 ; perimeter
G1 X184.769 Y179.766 E0.00673 ; perimeter
G1 X184.769 Y180.234 E0.00647 ; perimeter
G1 X184.723 Y180.701 E0.00624 ; perimeter
G1 X184.632 Y181.16 E0.00598 ; perimeter
G1 X184.496 Y181.609 E0.00574 ; perimeter
G1 X184.316 Y182.041 E0.00548 ; perimeter
G1 X184.095 Y182.455 E0.00525 ; perimeter
G1 X183.835 Y182.844 E0.00499 ; perimeter
G1 X183.538 Y183.207 E0.00475 ; perimeter
G1 X183.207 Y183.538 E0.00449 ; perimeter
G1 X182.844 Y183.835 E0.00425 ; perimeter
G1 X182.455 Y184.095 E0.00400 ; perimeter
G1 X182.041 Y184.316 E0.00376 ; perimeter
G1 X181.609 Y184.496 E0.00350 ; perimeter
G1 X181.16 Y184.632 E0.00326 ; perimeter
G1 X180.701 Y184.723 E0.00301 ; perimeter
G1 X180.234 Y184.769 E0.00276 ; perimeter
G1 X179.766 Y184.769 E0.00251 ; perimeter
G1 X179.299 Y184.723 E0.00227 ; perimeter
G1 X178.84 Y184.632 E0.00202 ; perimeter
G1 X178.391 Y184.496 E0.00177 ; perimeter
G1 X177.959 Y184.316 E0.00152 ; perimeter
M73 Q51 S2
G1 X177.545 Y184.095 E0.00128 ; perimeter
G1 X177.156 Y183.835 E0.00103 ; perimeter
G1 X176.793 Y183.538 E0.00078 ; perimeter
G1 X176.462 Y183.206 E0.00053 ; perimeter
G1 X176.165 Y182.844 E0.00028 ; perimeter
G1 X175.905 Y182.455 E0.00004 ; perimeter
G1 X175.873 Y182.395 E0.00000 ; perimeter
M204 P2500 ; adjust acceleration
M486 S-1

;LAYER_CHANGE
;Z:9.400
;HEIGHT:0
;TYPE:Injection pour
;TYPE:External perimeter
; injection pour start
; injection pour mode: model helpers
; injection pour part source: injection_part_8p6dia_9p4h.stl/injection_part_8p6dia_9p4h.stl
; injection pour port source: (part top-center fallback)
G1 E-.64 F2100 ; retract
;WIPE_START
G1 F19200;_WIPE
G1 X175.684 Y182.041 E-.0417 ; wipe and retract
G1 X175.504 Y181.609 E-.04863 ; wipe and retract
G1 X175.368 Y181.16 E-.04875 ; wipe and retract
G1 X175.329 Y180.962 E-.02092 ; wipe and retract
;WIPE_END
G1 E-.4 F2100 ; retract for toolchange
; Filament-specific end gcode 
;END gcode for filament
M104 S70 T0 ; set temperature ;cooldown
; Change Tool0 -> Tool1 (layer 49)
G1 F21000
M73 P52 R2
M73 Q52 S2
P0 S1 L2 D0
; 49
M109 S260 T1
T1 S1 L0 D0
;_TOOLCHANGE_END
; Filament gcode
M109 S260 T1 ; set temperature and wait for it to be reached
M109 S265 T1 ; set temperature and wait for it to be reached
G1 Z12 F720 ; move to injection pour height
G1 X180 Y180 F24000 ; move to injection pour point
G1 Z9.4 F720 ; move to injection pour z
G1 X181.6 Y180 F24000 ; move to injection pour puddle start
G1 F99.78 ; set injection pour marker flow
G1 X181.478 Y180.612 Z9.4 E.03 ; injection pour marker
G1 X181.131 Y181.131 Z9.4 E.03 ; injection pour marker
G1 X180.612 Y181.478 Z9.4 E.03 ; injection pour marker
G1 X180 Y181.6 Z9.4 E.03 ; injection pour marker
G1 X179.388 Y181.478 Z9.4 E.03 ; injection pour marker
M73 Q53 S2
G1 X178.869 Y181.131 Z9.4 E.03 ; injection pour marker
G1 X178.522 Y180.612 Z9.4 E.03 ; injection pour marker
G1 X178.4 Y180 Z9.4 E.03 ; injection pour marker
M73 P53 R2
G1 X178.522 Y179.388 Z9.4 E.03 ; injection pour marker
G1 X178.869 Y178.869 Z9.4 E.03 ; injection pour marker
G1 X179.388 Y178.522 Z9.4 E.03 ; injection pour marker
G1 X180 Y178.4 Z9.4 E.03 ; injection pour marker
G1 X180.612 Y178.522 Z9.4 E.03 ; injection pour marker
G1 X181.131 Y178.869 Z9.4 E.03 ; injection pour marker
M73 Q54 S2
G1 X181.478 Y179.388 Z9.4 E.03 ; injection pour marker
G1 X181.6 Y180 Z9.4 E.03 ; injection pour marker
G1 X180 Y180 F24000 ; return to injection pour center
M73 P54 R2
G1 F99.78 ; set injection pour bulk flow
G1 E5.00000 F99.780 ; stationary injection pour bulk chunk 1
G1 E5.00000 F99.780 ; stationary injection pour bulk chunk 2
M73 Q55 S2
G1 E5.00000 F99.780 ; stationary injection pour bulk chunk 3
M73 P55 R2
M73 Q56 S2
G1 E5.00000 F99.780 ; stationary injection pour bulk chunk 4
M73 P56 R2
M73 Q57 S2
G1 E5.00000 F99.780 ; stationary injection pour bulk chunk 5
M73 P57 R2
G1 E5.00000 F99.780 ; stationary injection pour bulk chunk 6
M73 P58 R2
M73 Q58 S2
G1 E5.00000 F99.780 ; stationary injection pour bulk chunk 7
M73 P59 R2
M73 Q59 S2
G1 E5.00000 F99.780 ; stationary injection pour bulk chunk 8
M73 P60 R2
M73 Q60 S2
G1 E5.00000 F99.780 ; stationary injection pour bulk chunk 9
M73 P61 R2
M73 Q61 S2
G1 E5.00000 F99.780 ; stationary injection pour bulk chunk 10
M73 P62 R2
M73 Q62 S2
G1 E5.00000 F99.780 ; stationary injection pour bulk chunk 11
M73 Q63 S2
G1 E5.00000 F99.780 ; stationary injection pour bulk chunk 12
M73 P63 R2
M73 Q64 S2
G1 E5.00000 F99.780 ; stationary injection pour bulk chunk 13
M73 P64 R1
M73 Q65 S1
G1 E5.00000 F99.780 ; stationary injection pour bulk chunk 14
M73 P65 R1
G1 E5.00000 F99.780 ; stationary injection pour bulk chunk 15
M73 P66 R1
M73 Q66 S1
G1 E5.00000 F99.780 ; stationary injection pour bulk chunk 16
M73 P67 R1
M73 Q67 S1
G1 E5.00000 F99.780 ; stationary injection pour bulk chunk 17
M73 P68 R1
M73 Q68 S1
G1 E5.00000 F99.780 ; stationary injection pour bulk chunk 18
M73 P69 R1
M73 Q69 S1
G1 E5.00000 F99.780 ; stationary injection pour bulk chunk 19
M73 P70 R1
M73 Q70 S1
G1 E5.00000 F99.780 ; stationary injection pour bulk chunk 20
M73 Q71 S1
G1 E5.00000 F99.780 ; stationary injection pour bulk chunk 21
M73 P71 R1
M73 Q72 S1
G1 E5.00000 F99.780 ; stationary injection pour bulk chunk 22
M73 P72 R1
G1 E5.00000 F99.780 ; stationary injection pour bulk chunk 23
M73 P73 R1
M73 Q73 S1
G1 E5.00000 F99.780 ; stationary injection pour bulk chunk 24
M73 P74 R1
M73 Q74 S1
G1 E5.00000 F99.780 ; stationary injection pour bulk chunk 25
M73 P75 R1
M73 Q75 S1
G1 E5.00000 F99.780 ; stationary injection pour bulk chunk 26
M73 P76 R1
M73 Q76 S1
G1 E5.00000 F99.780 ; stationary injection pour bulk chunk 27
M73 P77 R1
M73 Q77 S1
G1 E5.00000 F99.780 ; stationary injection pour bulk chunk 28
M73 P78 R1
M73 Q78 S1
G1 E5.00000 F99.780 ; stationary injection pour bulk chunk 29
M73 Q79 S1
G1 E5.00000 F99.780 ; stationary injection pour bulk chunk 30
M73 P79 R1
M73 Q80 S1
G1 E5.00000 F99.780 ; stationary injection pour bulk chunk 31
M73 P80 R1
G1 E5.00000 F99.780 ; stationary injection pour bulk chunk 32
M73 P81 R1
M73 Q81 S1
G1 E5.00000 F99.780 ; stationary injection pour bulk chunk 33
M73 P82 R0
M73 Q82 S0
G1 E5.00000 F99.780 ; stationary injection pour bulk chunk 34
M73 P83 R0
M73 Q83 S0
G1 E5.00000 F99.780 ; stationary injection pour bulk chunk 35
M73 P84 R0
M73 Q84 S0
G1 E5.00000 F99.780 ; stationary injection pour bulk chunk 36
M73 P85 R0
M73 Q85 S0
G1 E5.00000 F99.780 ; stationary injection pour bulk chunk 37
M73 P86 R0
M73 Q86 S0
G1 E5.00000 F99.780 ; stationary injection pour bulk chunk 38
M73 P87 R0
M73 Q87 S0
G1 E5.00000 F99.780 ; stationary injection pour bulk chunk 39
G1 E5.00000 F99.780 ; stationary injection pour bulk chunk 40
M73 P88 R0
M73 Q88 S0
G1 E5.00000 F99.780 ; stationary injection pour bulk chunk 41
M73 P89 R0
M73 Q89 S0
G1 E5.00000 F99.780 ; stationary injection pour bulk chunk 42
M73 P90 R0
M73 Q90 S0
G1 E5.00000 F99.780 ; stationary injection pour bulk chunk 43
M73 P91 R0
M73 Q91 S0
G1 E5.00000 F99.780 ; stationary injection pour bulk chunk 44
M73 P92 R0
M73 Q92 S0
G1 E5.00000 F99.780 ; stationary injection pour bulk chunk 45
M73 P93 R0
M73 Q93 S0
G1 E1.36995 F99.780 ; stationary injection pour bulk chunk 46
M73 P94 R0
M73 Q94 S0
G4 P3000 ; dwell after injection pour
; injection pour end
G1 E-.8 F2100 ; retract
M107 ; disable fan
;TYPE:Custom
; Filament-specific end gcode 
;END gcode for filament
G4 ; wait

G1 Z15 ; Move bed down

P0 S1 ; park tool

G1 Z107 F300 ; Move bed further down

; turn off extruder heaters
M104 T0 S0





M140 S0 ; turn off heatbed
M107 ; turn off fan
M221 S100 ; reset flow percentage
M84 ; disable motors
M77 ; stop print timer
; max_layer_z = 10
M73 P100 R0
M73 Q100 S0
; objects_info = {"objects":[{"name":"vase_10mm_dia_10mm_high.stl","polygon":[[180.245,175.006],[181.215,175.150],[182.138,175.480],[182.979,175.984],[183.705,176.642],[184.289,177.429],[184.708,178.316],[184.946,179.266],[184.994,180.245],[184.850,181.215],[184.520,182.138],[184.016,182.979],[183.358,183.705],[182.571,184.289],[181.684,184.708],[180.734,184.946],[179.755,184.994],[178.785,184.850],[177.862,184.520],[177.021,184.016],[176.295,183.358],[175.711,182.571],[175.292,181.684],[175.054,180.734],[175.006,179.755],[175.150,178.785],[175.480,177.862],[175.984,177.021],[176.642,176.295],[177.429,175.711],[178.316,175.292],[179.266,175.054]]}]}
; filament used [mm] = 103.94, 226.85
; filament used [cm3] = 0.25, 0.55
; filament used [g] = 0.32, 0.68
; total filament used [g] = 0.99
; total filament cost = 0.00
; total filament used for wipe tower [g] = 0.00
; estimated printing time (normal mode) = 5m 37s
; estimated printing time (silent mode) = 5m 40s
; estimated first layer printing time (normal mode) = 16s
; estimated first layer printing time (silent mode) = 19s

; prusaslicer_config = begin
; arc_fitting = emit_center
; autoemit_temperature_commands = 1
; automatic_extrusion_widths = 0
; automatic_infill_combination = 0
; automatic_infill_combination_max_layer_height = 100%
; avoid_crossing_curled_overhangs = 0
; avoid_crossing_perimeters = 0
; avoid_crossing_perimeters_max_detour = 0
; bed_shape = 0x0,360x0,360x360,0x360
; bed_temperature = 80
; bed_temperature_extruder = 1
; before_layer_gcode = ;BEFORE_LAYER_CHANGE\nG92 E0.0\n;[layer_z]\n\n
; between_objects_gcode = 
; binary_gcode = 0
; bottom_fill_pattern = monotonic
; bottom_solid_layers = 3
; bottom_solid_min_thickness = 0.5
; bridge_acceleration = 1500
; bridge_angle = 0
; bridge_fan_speed = 100
; bridge_flow_ratio = 1
; bridge_speed = 50
; brim_separation = 0.1
; brim_type = outer_only
; brim_width = 0
; chamber_minimal_temperature = 0
; chamber_temperature = 0
; color_change_gcode = M600
; colorprint_heights = 
; complete_objects = 0
; cooling = 1
; cooling_perimeter_transition_distance = 0
; cooling_slowdown_logic = uniform_cooling
; cooling_tube_length = 5
; cooling_tube_retraction = 91.5
; custom_parameters_filament = ""
; custom_parameters_print = 
; custom_parameters_printer = 
; default_acceleration = 2500
; deretract_speed = 25,25
; disable_fan_first_layers = 3
; dont_support_bridges = 0
; draft_shield = disabled
; duplicate_distance = 6
; elefant_foot_compensation = 0.2
; enable_dynamic_fan_speeds = 0
; enable_dynamic_overhang_speeds = 1
; end_filament_gcode = "; Filament-specific end gcode \n;END gcode for filament\n"
; end_gcode = G4 ; wait\n\n{if layer_z < max_print_height}G1 Z{z_offset+min(max_layer_z+5, max_print_height)}{endif} ; Move bed down\n\nP0 S1 ; park tool\n\n{if layer_z < max_print_height}G1 Z{z_offset+min(max_layer_z+97, max_print_height)} F300{endif} ; Move bed further down\n\n; turn off extruder heaters\n{if is_extruder_used[0]}M104 T0 S0{endif}\n{if is_extruder_used[1]}M104 T1 S0{endif}\n{if is_extruder_used[2]}M104 T2 S0{endif}\n{if is_extruder_used[3]}M104 T3 S0{endif}\n{if is_extruder_used[4]}M104 T4 S0{endif}\n\nM140 S0 ; turn off heatbed\nM107 ; turn off fan\nM221 S100 ; reset flow percentage\nM84 ; disable motors\nM77 ; stop print timer\n; max_layer_z = [max_layer_z]
; ensure_vertical_shell_thickness = enabled
; external_perimeter_acceleration = 1500
; external_perimeter_extrusion_width = 0.45
; external_perimeter_speed = 45
; external_perimeters_first = 0
; extra_loading_move = -2
; extra_perimeters = 0
; extra_perimeters_on_overhangs = 0
; extruder_clearance_height = 21
; extruder_clearance_radius = 67
; extruder_colour = #f59e0b;#e11d48
; extruder_offset = 0x0,0x0
; extrusion_axis = E
; extrusion_multiplier = 1,1
; extrusion_width = 0.45
; fan_always_on = 0
; fan_below_layer_time = 60
; filament_abrasive = 0,0
; filament_colour = #f59e0b;#e11d48
; filament_cooling_final_speed = 3.4
; filament_cooling_initial_speed = 2.2
; filament_cooling_moves = 4
; filament_cost = 0
; filament_density = 1.27,1.24
; filament_diameter = 1.75,1.75
; filament_flush_speed = 0
; filament_flush_volume = 0
; filament_infill_max_crossing_speed = 0
; filament_infill_max_speed = 0
; filament_load_time = 0
; filament_loading_speed = 28
; filament_loading_speed_start = 3
; filament_max_volumetric_speed = 20,15
; filament_minimal_purge_on_wipe_tower = 35,15
; filament_multitool_ramming = 1,1
; filament_multitool_ramming_flow = 40,40
; filament_multitool_ramming_volume = 10,10
; filament_notes = ;
; filament_purge_multiplier = 100%
; filament_ramming_parameters = "120 100 6.6 6.8 7.2 7.6 7.9 8.2 8.7 9.4 9.9 10.0| 0.05 6.6 0.45 6.8 0.95 7.8 1.45 8.3 1.95 9.7 2.45 10 2.95 7.6 3.45 7.6 3.95 7.6 4.45 7.6 4.95 7.6"
; filament_retract_layer_change = 0
; filament_seam_gap_distance = 15%
; filament_settings_id = "PETG mold";"PLA pour"
; filament_shrinkage_compensation_xy = 0%
; filament_shrinkage_compensation_z = 0%
; filament_soluble = 0
; filament_spool_weight = 0
; filament_stamping_distance = 0
; filament_stamping_loading_speed = 20
; filament_toolchange_delay = 0
; filament_type = PETG,PLA
; filament_unload_time = 0
; filament_unloading_speed = 90
; filament_unloading_speed_start = 100
; fill_angle = 45
; fill_density = 0%
; fill_pattern = grid
; first_layer_acceleration = 500
; first_layer_acceleration_over_raft = 0
; first_layer_bed_temperature = 80
; first_layer_extrusion_width = 0.5
; first_layer_height = 0.2
; first_layer_infill_speed = 100
; first_layer_speed = 40
; first_layer_speed_over_raft = 30
; first_layer_temperature = 245,260
; full_fan_speed_layer = 0
; fuzzy_skin = none
; fuzzy_skin_point_dist = 0.8
; fuzzy_skin_thickness = 0.3
; gap_fill_enabled = 1
; gap_fill_speed = 65
; gcode_comments = 1
; gcode_flavor = marlin2
; gcode_label_objects = firmware
; gcode_resolution = 0.008
; gcode_substitutions = 
; high_current_on_filament_swap = 0
; idle_temperature = 70,70
; infill_acceleration = 4000
; infill_anchor = 2
; infill_anchor_max = 12
; infill_every_layers = 1
; infill_extruder = 1
; infill_extrusion_width = 0.45
; infill_first = 0
; infill_overlap = 15%
; infill_speed = 120
; injection_pour_auto_from_model = 1
; injection_pour_dwell = 3
; injection_pour_enabled = 1
; injection_pour_extruder = 2
; injection_pour_flow = 4
; injection_pour_part_name = injection_part
; injection_pour_port_name = injection_port
; injection_pour_temperature = 265
; injection_pour_volume = 0
; injection_pour_volume_multiplier = 1
; injection_pour_x = 180
; injection_pour_y = 180
; injection_pour_z = 12
; interface_shells = 0
; interlocking_beam = 0
; interlocking_beam_layer_count = 2
; interlocking_beam_width = 0.8
; interlocking_boundary_avoidance = 2
; interlocking_depth = 2
; interlocking_orientation = 22.5
; ironing = 0
; ironing_flowrate = 15%
; ironing_spacing = 0.1
; ironing_speed = 15
; ironing_type = top
; layer_gcode = ;AFTER_LAYER_CHANGE\n;[layer_z]
; layer_height = 0.2
; machine_limits_usage = emit_to_gcode
; machine_max_acceleration_e = 2500,2500
; machine_max_acceleration_extruding = 4000,2500
; machine_max_acceleration_retracting = 1200,1200
; machine_max_acceleration_travel = 5000,2500
; machine_max_acceleration_x = 7000,2500
; machine_max_acceleration_y = 7000,2500
; machine_max_acceleration_z = 200,200
; machine_max_feedrate_e = 100,100
; machine_max_feedrate_x = 400,140
; machine_max_feedrate_y = 400,140
; machine_max_feedrate_z = 12,12
; machine_max_jerk_e = 10,10
; machine_max_jerk_x = 8,8
; machine_max_jerk_y = 8,8
; machine_max_jerk_z = 2,2
; machine_max_junction_deviation = 0,0
; machine_min_extruding_rate = 0,0
; machine_min_travel_rate = 0,0
; max_fan_speed = 100
; max_layer_height = 0.3,0.3
; max_print_height = 360
; max_print_speed = 200
; max_volumetric_extrusion_rate_slope_negative = 0
; max_volumetric_extrusion_rate_slope_positive = 0
; max_volumetric_speed = 0
; min_bead_width = 85%
; min_fan_speed = 35
; min_feature_size = 25%
; min_layer_height = 0.07,0.07
; min_print_speed = 10
; min_skirt_length = 4
; mmu_segmented_region_interlocking_depth = 0
; mmu_segmented_region_max_width = 0
; multimaterial_purging = 140
; notes = 
; nozzle_diameter = 0.4,0.8
; nozzle_high_flow = 0,0
; only_one_perimeter_first_layer = 0
; only_retract_when_crossing_perimeters = 0
; ooze_prevention = 1
; output_filename_format = {input_filename_base}_0.4n_{layer_height}mm_{printing_filament_types}_XLIS_{print_time}.gcode
; over_bridge_speed = 50%
; overhang_fan_speed_0 = 0
; overhang_fan_speed_1 = 0
; overhang_fan_speed_2 = 0
; overhang_fan_speed_3 = 0
; overhang_speed_0 = 15
; overhang_speed_1 = 25
; overhang_speed_2 = 30
; overhang_speed_3 = 90%
; overhangs = 1
; parking_pos_retraction = 92
; pause_print_gcode = M601
; perimeter_acceleration = 2500
; perimeter_extruder = 1
; perimeter_extrusion_width = 0.45
; perimeter_generator = arachne
; perimeter_speed = 80
; perimeters = 1
; physical_printer_settings_id = 
; post_process = 
; prefer_clockwise_movements = 0
; print_settings_id = 0.20mm injection vase test
; printer_model = XL2IS
; printer_notes = Do not remove the keywords below.\nPRINTER_VENDOR_PRUSA3D\nPRINTER_MODEL_XLIS\nPG\nINPUT_SHAPER
; printer_settings_id = XL 2T IS injection test T0 PETG 0.4 T1 PLA 0.8
; printer_technology = FFF
; printer_variant = 0.4/0.8
; raft_contact_distance = 0.15
; raft_expansion = 1.5
; raft_first_layer_density = 90%
; raft_first_layer_expansion = 3
; raft_layers = 0
; remaining_times = 1
; resolution = 0
; retract_before_travel = 1.5,1.5
; retract_before_wipe = 80%,80%
; retract_layer_change = 0
; retract_length = 0.8,0.8
; retract_length_toolchange = 1.2,1.2
; retract_lift = 0.3,0.3
; retract_lift_above = 0,0,0,0,0
; retract_lift_below = 359,359
; retract_restart_extra = 0,0,0,0,0
; retract_restart_extra_toolchange = 0,0,0,0,0
; retract_speed = 35,35
; scarf_seam_entire_loop = 0
; scarf_seam_length = 20
; scarf_seam_max_segment_length = 1
; scarf_seam_on_inner_perimeters = 0
; scarf_seam_only_on_smooth = 1
; scarf_seam_placement = nowhere
; scarf_seam_start_height = 0%
; seam_gap_distance = 15%
; seam_position = aligned
; silent_mode = 1
; single_extruder_multi_material = 0
; single_extruder_multi_material_priming = 0
; skirt_distance = 6
; skirt_height = 1
; skirts = 0
; slice_closing_radius = 0.049
; slicing_mode = regular
; slowdown_below_layer_time = 5
; small_perimeter_speed = 45
; solid_infill_acceleration = 3000
; solid_infill_below_area = 0
; solid_infill_every_layers = 0
; solid_infill_extruder = 1
; solid_infill_extrusion_width = 0.45
; solid_infill_speed = 140
; spiral_vase = 1
; staggered_inner_seams = 0
; standby_temperature_delta = -110
; start_filament_gcode = "; Filament gcode\n"
; start_gcode = M17 ; enable steppers\nM862.3 P "XL" ; printer model check\nM862.5 P2 ; g-code level check\nM862.6 P"Input shaper" ; FW feature check\nM115 U6.4.1+12026\nG90 ; use absolute coordinates\nM83 ; extruder relative mode\n; set print area\nM555 X{first_layer_print_min[0]} Y{first_layer_print_min[1]} W{(first_layer_print_max[0]) - (first_layer_print_min[0])} H{(first_layer_print_max[1]) - (first_layer_print_min[1])}\n; inform about nozzle diameter\n{if (is_extruder_used[0])}M862.1 T0 P{nozzle_diameter[0]} A{(filament_abrasive[0] ? 1 : 0)} F{(nozzle_high_flow[0] ? 1 : 0)}{endif}\nM862.1 T1 P{nozzle_diameter[1]} A{(filament_abrasive[1] ? 1 : 0)} F{(nozzle_high_flow[1] ? 1 : 0)} ; injection pour nozzle check\n{if (is_extruder_used[2])}M862.1 T2 P{nozzle_diameter[2]} A{(filament_abrasive[2] ? 1 : 0)} F{(nozzle_high_flow[2] ? 1 : 0)}{endif}\n{if (is_extruder_used[3])}M862.1 T3 P{nozzle_diameter[3]} A{(filament_abrasive[3] ? 1 : 0)} F{(nozzle_high_flow[3] ? 1 : 0)}{endif}\n{if (is_extruder_used[4])}M862.1 T4 P{nozzle_diameter[4]} A{(filament_abrasive[4] ? 1 : 0)} F{(nozzle_high_flow[4] ? 1 : 0)}{endif}\n\n; turn off unused heaters\n{if ! is_extruder_used[0]}M104 T0 S0{endif}\n{if ! is_extruder_used[1]}M104 T1 S0{endif}\n{if num_extruders > 2 and ! is_extruder_used[2]}M104 T2 S0{endif}\n{if num_extruders > 3 and ! is_extruder_used[3]}M104 T3 S0{endif}\n{if num_extruders > 4 and ! is_extruder_used[4]}M104 T4 S0{endif}\n\nM217 Z{max(zhop, 2.0)} ; set toolchange z hop to 2mm, or zhop variable from slicer if higher\n; set bed and extruder temp for MBL\nM140 S[first_layer_bed_temperature] ; set bed temp\nM104 T{initial_tool} S{((filament_notes[initial_tool]=~/.*MBL160.*/) ? 160 : (filament_notes[initial_tool]=~/.*HT_MBL10.*/) ? (first_layer_temperature[initial_tool] - 10) : (filament_type[initial_tool] == "PC" or filament_type[initial_tool] == "PA") ? (first_layer_temperature[initial_tool] - 25) : (filament_type[initial_tool] == "FLEX") ? 210 : (filament_type[initial_tool]=~/.*PET.*/) ? 175 : 170)} ; set temp\n\n; Home XY\nG28 XY\n\n; try picking tools used in print\nG1 F{travel_speed * 60}\n{if (is_extruder_used[0]) and (initial_tool != 0)}T0 S1 L0 D0{endif}\n{if (is_extruder_used[1]) and (initial_tool != 1)}T1 S1 L0 D0{endif}\n{if (is_extruder_used[2]) and (initial_tool != 2)}T2 S1 L0 D0{endif}\n{if (is_extruder_used[3]) and (initial_tool != 3)}T3 S1 L0 D0{endif}\n{if (is_extruder_used[4]) and (initial_tool != 4)}T4 S1 L0 D0{endif}\n; select tool that will be used to home & MBL\nT{initial_tool} S1 L0 D0\n\nM109 T{initial_tool} S{((filament_notes[initial_tool]=~/.*MBL160.*/) ? 160 : (filament_notes[initial_tool]=~/.*HT_MBL10.*/) ? (first_layer_temperature[initial_tool] - 10) : (filament_type[initial_tool] == "PC" or filament_type[initial_tool] == "PA") ? (first_layer_temperature[initial_tool] - 25) : (filament_type[initial_tool] == "FLEX") ? 210 : (filament_type[initial_tool]=~/.*PET.*/) ? 175 : 170)} ; wait for temp\n\n; home Z with MBL tool\nM84 E ; turn off E motor\nG28 Z\nG0 Z5 ; add Z clearance\n\nM104 T{initial_tool} S{if is_nil(idle_temperature[initial_tool])}70{else}{idle_temperature[initial_tool]}{endif} ; set idle temp\nM190 S[first_layer_bed_temperature] ; wait for bed temp\n\nG29 G ; absorb heat\n\nM109 T{initial_tool} S{((filament_notes[initial_tool]=~/.*MBL160.*/) ? 160 : (filament_notes[initial_tool]=~/.*HT_MBL10.*/) ? (first_layer_temperature[initial_tool] - 10) : (filament_type[initial_tool] == "PC" or filament_type[initial_tool] == "PA") ? (first_layer_temperature[initial_tool] - 25) : (filament_type[initial_tool] == "FLEX") ? 210 : (filament_type[initial_tool]=~/.*PET.*/) ? 175 : 170)} ; wait for temp\n\n; move to the nozzle cleanup area\nG1 X{(min(((((first_layer_print_min[0] + first_layer_print_max[0]) / 2) < ((print_bed_min[0] + print_bed_max[0]) / 2)) ? (((first_layer_print_min[1] - 7) < -2) ? 70 : (min(print_bed_max[0], first_layer_print_min[0] + 32) - 32)) : (((first_layer_print_min[1] - 7) < -2) ? 260 : (min(print_bed_max[0], first_layer_print_min[0] + 32) - 32))), first_layer_print_min[0])) + 32} Y{(min((first_layer_print_min[1] - 7), first_layer_print_min[1]))} Z{5} F{(travel_speed * 60)}\nM302 S155 ; lower cold extrusion limit to 155C\nG1 E{-(filament_type[0] == "FLEX" ? 4 : 2)} F2400 ; retraction for nozzle cleanup\n; nozzle cleanup\nM84 E ; turn off E motor\nG29 P9 X{((((first_layer_print_min[0] + first_layer_print_max[0]) / 2) < ((print_bed_min[0] + print_bed_max[0]) / 2)) ? (((first_layer_print_min[1] - 7) < -2) ? 70 : (min(print_bed_max[0], first_layer_print_min[0] + 32) - 32)) : (((first_layer_print_min[1] - 7) < -2) ? 260 : (min(print_bed_max[0], first_layer_print_min[0] + 32) - 32)))} Y{(first_layer_print_min[1] - 7)} W{32} H{7}\nG0 Z5 F480 ; move away in Z\nM107 ; turn off the fan\n; MBL\nM84 E ; turn off E motor\nG29 P1 ; invalidate mbl & probe print area\nG29 P1 X30 Y0 W{(((is_extruder_used[4]) or ((is_extruder_used[3]) or (is_extruder_used[2]))) ? "300" : ((is_extruder_used[1]) ? "130" : "50"))} H20 C ; probe near purge place\nG29 P3.2 ; interpolate mbl probes\nG29 P3.13 ; extrapolate mbl outside probe area\nG29 A ; activate mbl\nG1 Z10 F720 ; move away in Z\nG1 F{travel_speed * 60}\nP0 S1 L1 D0; park the tool\n; set extruder temp\n{if first_layer_temperature[0] > 0 and (is_extruder_used[0])}M104 T0 S{first_layer_temperature[0]}{endif}\n{if first_layer_temperature[1] > 0 and (is_extruder_used[1])}M104 T1 S{first_layer_temperature[1]}{endif}\n{if first_layer_temperature[2] > 0 and (is_extruder_used[2])}M104 T2 S{first_layer_temperature[2]}{endif}\n{if first_layer_temperature[3] > 0 and (is_extruder_used[3])}M104 T3 S{first_layer_temperature[3]}{endif}\n{if first_layer_temperature[4] > 0 and (is_extruder_used[4])}M104 T4 S{first_layer_temperature[4]}{endif}\n{if (is_extruder_used[0]) and initial_tool != 0}\n\nM591 S0 ; disable stuck detection\n\n;\n; purge first tool\n;\nG1 F{travel_speed * 60}\nP0 S1 L2 D0; park the tool\nM109 T0 S{first_layer_temperature[0]}\nT0 S1 L0 D0; pick the tool\nG92 E0 ; reset extruder position\n\nG0 X30 Y-7 Z10 F{(travel_speed * 60)} ; move close to the sheet's edge\nG0 E{if is_nil(filament_multitool_ramming[0])}10{else}30{endif} X40 Z0.2 F{if is_nil(filament_multitool_ramming[0])}500{else}170{endif} ; purge while moving towards the sheet\nG0 X70 E9 F800 ; continue purging and wipe the nozzle\nG0 X73 Z0.05 F8000 ; wipe, move close to the bed\nG0 X76 Z0.2 F8000 ; wipe, move quickly away from the bed\nG1 E{-retract_length_toolchange[0]} F2400 ; retract\n{e_retracted[0] = retract_length_toolchange[0]}\nG92 E0 ; reset extruder position\n\nM104 S{(is_nil(idle_temperature[0]) ? (first_layer_temperature[0] + standby_temperature_delta) : (idle_temperature[0]))} T0\n{endif}\n{if (is_extruder_used[1]) and initial_tool != 1}\n;\n; purge second tool\n;\nG1 F{travel_speed * 60}\nP0 S1 L2 D0; park the tool\nM109 T1 S{first_layer_temperature[1]}\nT1 S1 L0 D0; pick the tool\nG92 E0 ; reset extruder position\n\nG0 X150 Y-7 Z10 F{(travel_speed * 60)} ; move close to the sheet's edge\nG0 E{if is_nil(filament_multitool_ramming[1])}10{else}30{endif} X140 Z0.2 F{if is_nil(filament_multitool_ramming[1])}500{else}170{endif} ; purge while moving towards the sheet\nG0 X110 E9 F800 ; continue purging and wipe the nozzle\nG0 X107 Z0.05 F8000 ; wipe, move close to the bed\nG0 X104 Z0.2 F8000 ; wipe, move quickly away from the bed\nG1 E{-retract_length_toolchange[1]} F2400 ; retract\n{e_retracted[1] = retract_length_toolchange[1]}\nG92 E0 ; reset extruder position\n\nM104 S{(is_nil(idle_temperature[1]) ? (first_layer_temperature[1] + standby_temperature_delta) : (idle_temperature[1]))} T1\n{endif}\n{if (is_extruder_used[2]) and initial_tool != 2}\n;\n; purge third tool\n;\nG1 F{travel_speed * 60}\nP0 S1 L2 D0; park the tool\nM109 T2 S{first_layer_temperature[2]}\nT2 S1 L0 D0; pick the tool\nG92 E0 ; reset extruder position\n\nG0 X210 Y-7 Z10 F{(travel_speed * 60)} ; move close to the sheet's edge\nG0 E{if is_nil(filament_multitool_ramming[2])}10{else}30{endif} X220 Z0.2 F{if is_nil(filament_multitool_ramming[2])}500{else}170{endif} ; purge while moving towards the sheet\nG0 X250 E9 F800 ; continue purging and wipe the nozzle\nG0 X253 Z0.05 F8000 ; wipe, move close to the bed\nG0 X256 Z0.2 F8000 ; wipe, move quickly away from the bed\nG1 E{-retract_length_toolchange[2]} F2400 ; retract\n{e_retracted[2] = retract_length_toolchange[2]}\nG92 E0 ; reset extruder position\n\nM104 S{(is_nil(idle_temperature[2]) ? (first_layer_temperature[2] + standby_temperature_delta) : (idle_temperature[2]))} T2\n{endif}\n{if (is_extruder_used[3]) and initial_tool != 3}\n;\n; purge fourth tool\n;\nG1 F{travel_speed * 60}\nP0 S1 L2 D0; park the tool\nM109 T3 S{first_layer_temperature[3]}\nT3 S1 L0 D0; pick the tool\nG92 E0 ; reset extruder position\n\nG0 X330 Y-7 Z10 F{(travel_speed * 60)} ; move close to the sheet's edge\nG0 E{if is_nil(filament_multitool_ramming[3])}10{else}30{endif} X320 Z0.2 F{if is_nil(filament_multitool_ramming[3])}500{else}170{endif} ; purge while moving towards the sheet\nG0 X290 E9 F800 ; continue purging and wipe the nozzle\nG0 X287 Z0.05 F8000 ; wipe, move close to the bed\nG0 X284 Z0.2 F8000 ; wipe, move quickly away from the bed\nG1 E{-retract_length_toolchange[3]} F2400 ; retract\n{e_retracted[3] = retract_length_toolchange[3]}\nG92 E0 ; reset extruder position\n\nM104 S{(is_nil(idle_temperature[3]) ? (first_layer_temperature[3] + standby_temperature_delta) : (idle_temperature[3]))} T3\n{endif}\n{if (is_extruder_used[4]) and initial_tool != 4}\n;\n; purge fifth tool\n;\nG1 F{travel_speed * 60}\nP0 S1 L2 D0; park the tool\nM109 T4 S{first_layer_temperature[4]}\nT4 S1 L0 D0; pick the tool\nG92 E0 ; reset extruder position\n\nG0 X330 Y-4.5 Z10 F{(travel_speed * 60)} ; move close to the sheet's edge\nG0 E{if is_nil(filament_multitool_ramming[4])}10{else}30{endif} X320 Z0.2 F{if is_nil(filament_multitool_ramming[4])}500{else}170{endif} ; purge while moving towards the sheet\nG0 X290 E9 F800 ; continue purging and wipe the nozzle\nG0 X287 Z0.05 F8000 ; wipe, move close to the bed\nG0 X284 Z0.2 F8000 ; wipe, move quickly away from the bed\nG1 E{-retract_length_toolchange[4]} F2400 ; retract\n{e_retracted[4] = retract_length_toolchange[4]}\nG92 E0 ; reset extruder position\n\nM104 S{(is_nil(idle_temperature[4]) ? (first_layer_temperature[4] + standby_temperature_delta) : (idle_temperature[4]))} T4\n{endif}\n;\n; purge initial tool\n;\nG1 F{travel_speed * 60}\nP0 S1 L2 D0; park the tool\nM109 T{initial_tool} S{first_layer_temperature[initial_tool]}\nT{initial_tool} S1 L0 D0; pick the tool\nG92 E0 ; reset extruder position\n\nG0 X{(initial_tool == 0 ? 30 : (initial_tool == 1 ? 150 : (initial_tool == 2 ? 210 : 330)))} Y{(initial_tool < 4 ? -7 : -4.5)} Z10 F{(travel_speed * 60)} ; move close to the sheet's edge\nG0 E{if is_nil(filament_multitool_ramming[initial_tool])}10{else}30{endif} X{(initial_tool == 0 ? 30 : (initial_tool == 1 ? 150 : (initial_tool == 2 ? 210 : 330))) + ((initial_tool == 0 or initial_tool == 2 ? 1 : -1) * 10)} Z0.2 F{if is_nil(filament_multitool_ramming[initial_tool])}500{else}170{endif} ; purge while moving towards the sheet\nG0 X{(initial_tool == 0 ? 30 : (initial_tool == 1 ? 150 : (initial_tool == 2 ? 210 : 330))) + ((initial_tool == 0 or initial_tool == 2 ? 1 : -1) * 40)} E9 F800 ; continue purging and wipe the nozzle\nG0 X{(initial_tool == 0 ? 30 : (initial_tool == 1 ? 150 : (initial_tool == 2 ? 210 : 330))) + ((initial_tool == 0 or initial_tool == 2 ? 1 : -1) * 40) + ((initial_tool == 0 or initial_tool == 2 ? 1 : -1) * 3)} Z{0.05} F{8000} ; wipe, move close to the bed\nG0 X{(initial_tool == 0 ? 30 : (initial_tool == 1 ? 150 : (initial_tool == 2 ? 210 : 330))) + ((initial_tool == 0 or initial_tool == 2 ? 1 : -1) * 40) + ((initial_tool == 0 or initial_tool == 2 ? 1 : -1) * 3 * 2)} Z0.2 F{8000} ; wipe, move quickly away from the bed\nG1 E-{retract_length[initial_tool]} F2400 ; retract\n{e_retracted[initial_tool] = retract_length[initial_tool]}\n\nM591 R ; restore stuck detection\nG92 E0 ; reset extruder position\n
; support_material = 0
; support_material_angle = 0
; support_material_auto = 0
; support_material_bottom_contact_distance = 0
; support_material_bottom_interface_layers = 0
; support_material_buildplate_only = 0
; support_material_closing_radius = 2
; support_material_contact_distance = 0.2
; support_material_enforce_layers = 0
; support_material_extruder = 0
; support_material_extrusion_width = 0.4
; support_material_interface_contact_loops = 0
; support_material_interface_extruder = 0
; support_material_interface_layers = 3
; support_material_interface_pattern = auto
; support_material_interface_spacing = 0.2
; support_material_interface_speed = 50
; support_material_pattern = rectilinear
; support_material_spacing = 2
; support_material_speed = 120
; support_material_style = snug
; support_material_synchronize_layers = 0
; support_material_threshold = 40
; support_material_with_sheath = 0
; support_material_xy_spacing = 80%
; support_tree_angle = 40
; support_tree_angle_slow = 30
; support_tree_branch_diameter = 2
; support_tree_branch_diameter_angle = 5
; support_tree_branch_diameter_double_wall = 3
; support_tree_branch_distance = 1
; support_tree_tip_diameter = 0.8
; support_tree_top_rate = 30%
; temperature = 245,260
; template_custom_gcode = 
; thick_bridges = 0
; thin_walls = 0
; thumbnails = 16x16/QOI, 313x173/QOI, 480x240/QOI, 380x285/PNG
; thumbnails_format = PNG
; toolchange_gcode = ; Change Tool[previous_extruder] -> Tool[next_extruder] (layer [layer_num])\n{\nlocal max_speed_toolchange = 350.0;\nlocal wait_for_extruder_temp = true;\nposition[2] = position[2] + 2.0;\n\nlocal speed_toolchange = max_speed_toolchange;\nif travel_speed < max_speed_toolchange then\n      speed_toolchange = travel_speed;\nendif\n"G1 F" + (speed_toolchange * 60) + "\n";\nif wait_for_extruder_temp and not((layer_num < 0) and (next_extruder == initial_tool)) then\n      "P0 S1 L2 D0\n";\n      "; " + layer_num + "\n";\n      if layer_num == 0 then\n            "M109 S" + first_layer_temperature[next_extruder] + " T" + next_extruder + "\n";\n      else\n            "M109 S" + temperature[next_extruder] + " T" + next_extruder + "\n";\n      endif\nendif\n"T" + next_extruder + " S1 L0 D0\n";\n}
; toolchange_ordering = optimized
; top_fill_pattern = monotoniclines
; top_infill_extrusion_width = 0.42
; top_one_perimeter_type = none
; top_solid_infill_acceleration = 1000
; top_solid_infill_speed = 75
; top_solid_layers = 0
; top_solid_min_thickness = 0.7
; travel_acceleration = 5000
; travel_lift_before_obstacle = 0
; travel_max_lift = 1.5,1.5
; travel_ramping_lift = 1,1
; travel_short_distance_acceleration = 250
; travel_slope = 1,1
; travel_speed = 400
; travel_speed_z = 12
; use_firmware_retraction = 0
; use_relative_e_distances = 1
; use_volumetric_e = 0
; variable_layer_height = 1
; wall_distribution_count = 1
; wall_transition_angle = 10
; wall_transition_filter_deviation = 25%
; wall_transition_length = 100%
; wipe = 1,1
; wipe_into_infill = 0
; wipe_into_objects = 0
; wipe_tower = 0
; wipe_tower_acceleration = 0
; wipe_tower_bridging = 8
; wipe_tower_brim_width = 3
; wipe_tower_cone_angle = 25
; wipe_tower_extra_flow = 100%
; wipe_tower_extra_spacing = 150%
; wipe_tower_extruder = 0
; wipe_tower_no_sparse_layers = 0
; wipe_tower_width = 60
; wiping_volumes_matrix = 0,140,140,140,140,140,0,140,140,140,140,140,0,140,140,140,140,140,0,140,140,140,140,140,0
; wiping_volumes_use_custom_matrix = 0
; xy_size_compensation = 0
; z_offset = 0
; prusaslicer_config = end
